grid_id,center_lat,center_lon,n_restaurants,avg_score,grade_a_ratio,cuisine_diversity,n_target,suitability_score,label
-14740_8147,40.738737418622,-73.7017696578665,4,20.75,0.25,3,0,0.83025295,0
-14740_8150,40.751885666235005,-73.70276629105301,12,18.5,0.5833333333333334,10,0,0.528181,0
-14741_8145,40.72741270333,-73.70962096637,1,28.0,0.0,1,0,0.075601414,0
-14741_8147,40.73712809384891,-73.70927370718236,11,13.090909090909092,0.5454545454545454,8,0,0.045173503,0
-14741_8149,40.7491412418,-73.7080172631964,5,14.6,0.8,4,0,0.06845324,0
-14741_8150,40.753338177941,-73.706793265343,1,11.0,1.0,1,0,0.2913034,0
-14742_8145,40.727094759626,-73.7128009527095,4,7.75,1.0,4,0,0.45420182,0
-14742_8147,40.73665819446033,-73.71222612182383,6,18.333333333333332,0.3333333333333333,5,0,0.025329689,0
-14742_8149,40.74604107781814,-73.713816608294,7,18.285714285714285,0.5714285714285714,7,0,0.0110214865,0
-14742_8151,40.759281066406,-73.713491876883,2,17.0,0.5,2,0,0.33311743,0
-14743_8145,40.72588321938442,-73.71880971488899,7,22.0,0.5714285714285714,7,0,1.7591538,0
-14743_8147,40.735403459572666,-73.71722739946632,3,10.0,1.0,3,0,0.023780439,0
-14743_8148,40.7437647684914,-73.7181125144474,5,31.8,0.2,4,0,0.014301718,0
-14743_8149,40.745065835768,-73.71568251236,1,9.0,1.0,1,0,0.014301733,0
-14744_8144,40.72483036725166,-73.72276595447067,3,7.666666666666667,1.0,3,0,9.405824,0
-14744_8145,40.72512188475625,-73.72167937794976,4,15.5,0.5,3,0,5.216228,0
-14744_8148,40.74242589462825,-73.7217782299695,4,20.0,0.5,3,0,0.08147789,0
-14744_8152,40.761544365648,-73.723091452536,1,12.0,1.0,1,0,0.052416626,0
-14745_8134,40.674162754949506,-73.728782154139,2,6.0,1.0,2,0,92.40074,0
-14745_8138,40.6908641697575,-73.7279404739605,2,29.5,0.5,2,1,82.67287,1
-14745_8144,40.72380595677,-73.72632268348,1,10.0,1.0,1,0,17.219654,0
-14745_8145,40.726433513594,-73.7278145481595,2,6.5,0.5,2,0,9.103152,0
-14745_8150,40.75457176298,-73.7284661342,1,40.0,0.0,1,0,0.037158802,0
-14745_8152,40.7638744251645,-73.72670792145,4,10.25,0.75,4,0,0.018503653,0
-14746_8132,40.66480897463229,-73.73492930084058,7,10.142857142857142,1.0,6,1,92.82887,1
-14746_8133,40.66531085882483,-73.731332487969,6,11.833333333333334,0.6666666666666666,6,1,91.48887,1
-14746_8134,40.67412157154475,-73.73081648653125,4,12.25,0.5,3,1,95.43126,1
-14746_8138,40.6926294944224,-73.732321845023,5,12.5,0.8,3,3,89.79661,1
-14746_8142,40.71256818049434,-73.73304105168667,3,8.666666666666666,1.0,3,0,87.74601,0
-14746_8143,40.719550564218,-73.733284734334,3,9.0,1.0,3,1,65.7376,1
-14746_8144,40.7205655904715,-73.7320703108455,2,16.0,0.0,2,0,50.01263,0
-14746_8145,40.7273764954645,-73.73136993646551,2,10.0,1.0,2,0,7.868047,0
-14746_8152,40.7604378097045,-73.731386489516,6,18.2,0.3333333333333333,5,0,0.02550329,0
-14746_8154,40.7718120880215,-73.73451155083838,8,12.875,0.75,7,0,0.04652969,0
-14747_8132,40.66028131248233,-73.73937423793068,6,13.0,0.6666666666666666,5,2,88.961136,1
-14747_8133,40.6666137570995,-73.7366666371605,4,8.75,0.75,2,3,96.324455,1
-14747_8134,40.674449393698,-73.7359879186162,5,20.8,0.4,3,3,96.71435,1
-14747_8135,40.6754735262155,-73.73858550178724,4,13.666666666666666,0.5,2,3,95.748375,1
-14747_8138,40.694249306167336,-73.73731526067384,6,10.8,0.5,5,2,93.32789,1
-14747_8140,40.704786232645,-73.739991248728,1,5.0,1.0,1,1,93.87841,1
-14747_8141,40.705378642272336,-73.73978695012967,3,18.666666666666668,0.3333333333333333,3,1,93.87841,1
-14747_8142,40.713657853263584,-73.73679809516283,12,15.5,0.75,6,3,89.56202,1
-14747_8143,40.717655799285005,-73.73747366202657,12,17.0,0.6666666666666666,10,1,82.65834,1
-14747_8145,40.728604625707504,-73.736629084333,2,8.5,1.0,2,0,10.212536,0
-14747_8146,40.733433846855,-73.73653414676,2,5.5,1.0,2,0,2.8795853,0
-14747_8151,40.755536294462,-73.738399124866,1,7.0,1.0,1,0,0.2933685,0
-14747_8153,40.76859151082184,-73.73729686976232,19,13.944444444444445,0.7894736842105263,11,0,0.011208491,0
-14747_8154,40.7707741598555,-73.7354056490107,10,15.5,0.6,8,0,0.03211192,0
-14748_8127,40.636898139343,-73.7406603384275,2,11.5,1.0,2,0,0.36465412,0
-14748_8135,40.67652073852282,-73.74167571592164,11,17.7,0.6363636363636364,6,5,97.85984,1
-14748_8139,40.69624060058417,-73.74335209092966,6,14.333333333333334,0.6666666666666666,5,0,97.55016,0
-14748_8143,40.71712095785967,-73.74065720936868,3,16.333333333333332,0.6666666666666666,1,3,84.52487,1
-14748_8145,40.7267043650915,-73.74137657848075,4,7.0,1.0,4,0,16.851013,0
-14748_8146,40.73038528389534,-73.743791361904,3,14.0,0.6666666666666666,3,0,2.7835362,0
-14748_8153,40.7653781034395,-73.7440695790495,2,13.0,1.0,2,0,0.04492437,0
-14748_8154,40.774509005998,-73.742422251905,1,12.0,1.0,1,0,0.11434294,0
-14749_8120,40.602655718989,-73.7494169130365,2,26.0,0.0,2,0,78.88698,0
-14749_8127,40.637485043437,-73.745338442796,1,7.0,1.0,1,0,0.36465412,0
-14749_8133,40.665444572668,-73.747066025894,1,2.0,1.0,1,0,90.655685,0
-14749_8135,40.6779881058455,-73.74596492757333,6,17.0,0.5,4,2,97.389915,1
-14749_8139,40.69583844371,-73.7470362240255,6,12.4,0.5,5,2,94.817375,1
-14749_8140,40.703500930952,-73.749521482152,1,47.0,0.0,1,1,96.63576,1
-14749_8141,40.707550246002,-73.749870503217,1,13.0,1.0,1,1,93.83568,1
-14749_8143,40.715609978581,-73.747226028954,6,8.4,0.8333333333333334,6,1,83.805954,1
-14749_8145,40.728326375124496,-73.74715294044375,4,13.0,0.75,4,0,3.0333652,0
-14749_8147,40.736244600264,-73.74701233856267,9,11.444444444444445,0.8888888888888888,8,0,0.3801517,0
-14749_8152,40.76389146298,-73.749510089084,1,21.0,0.0,1,0,0.17188126,0
-14749_8153,40.766968829963666,-73.74640283052733,6,17.166666666666668,0.5,6,0,0.043684397,0
-14750_8119,40.59651619454962,-73.75364315824187,8,9.375,1.0,7,1,78.69183,1
-14750_8120,40.603001742062226,-73.75271497260191,22,21.904761904761905,0.4090909090909091,10,4,78.88698,1
-14750_8121,40.60584051591433,-73.75380998124301,3,10.666666666666666,1.0,3,1,78.88698,1
-14750_8122,40.61023345304,-73.7535428115,1,58.0,0.0,1,0,72.097755,0
-14750_8133,40.6670265058336,-73.75303796144661,5,18.5,0.2,3,3,90.99929,1
-14750_8135,40.679257688678334,-73.75285849753267,9,14.777777777777779,0.7777777777777778,5,5,97.19145,1
-14750_8136,40.6806948121125,-73.75281810450674,4,9.0,1.0,4,1,97.19145,1
-14750_8138,40.694313692665666,-73.75268867944833,3,14.333333333333334,0.6666666666666666,1,3,95.741905,1
-14750_8140,40.700279256148,-73.753645030314,1,12.0,1.0,1,0,95.776245,0
-14750_8141,40.70708013653928,-73.7516901307147,7,12.714285714285714,0.8571428571428571,5,2,93.83568,1
-14750_8142,40.71422412546,-73.7527628889886,5,18.2,0.6,5,1,84.17063,1
-14750_8144,40.72480709662,-73.75387149783,1,13.0,1.0,1,0,19.758055,0
-14750_8155,40.77632972251,-73.7528354427,1,5.0,1.0,1,0,4.564075,0
-14751_8120,40.604841494794,-73.755554318804,1,10.0,1.0,1,0,78.88698,0
-14751_8121,40.60537674308967,-73.75513219498234,3,13.0,0.6666666666666666,3,0,78.88698,0
-14751_8133,40.666199102819746,-73.75708315027,4,11.75,1.0,4,1,95.225365,1
-14751_8134,40.672369987998,-73.75997430596,1,13.0,1.0,1,1,97.237724,1
-14751_8138,40.69323696123925,-73.756600206968,4,6.333333333333333,0.75,4,1,93.96407,1
-14751_8139,40.69983276029,-73.75534893769,1,95.0,0.0,1,1,96.19663,1
-14751_8141,40.70621985328275,-73.75825503912075,4,8.25,1.0,2,3,92.23369,1
-14751_8142,40.71349761807,-73.755976742665,1,11.0,1.0,1,0,83.8678,0
-14751_8143,40.718842789899995,-73.757784293683,2,9.5,1.0,2,0,74.6252,0
-14751_8146,40.73367496674,-73.75880364023,1,13.0,1.0,1,0,1.7851956,0
-14751_8147,40.738319112611,-73.758797589275,1,12.0,1.0,1,0,0.49618077,0
-14751_8148,40.740532472587,-73.75872779771434,9,10.666666666666666,0.6666666666666666,8,0,0.28822866,0
-14751_8149,40.74892640682225,-73.7565157781363,20,13.9,0.6,10,0,0.32991058,0
-14751_8150,40.753482206772006,-73.75795562851849,4,12.75,0.5,2,0,0.14073242,0
-14751_8152,40.7618591152405,-73.7591993411,2,11.0,0.5,2,0,0.3565452,0
-14752_8119,40.599798112098,-73.761496564369,1,10.0,1.0,1,0,78.69183,0
-14752_8134,40.672833284186666,-73.76410515612467,3,12.0,1.0,3,0,94.32911,0
-14752_8135,40.679316467245,-73.76101278614466,3,12.0,0.6666666666666666,3,0,95.437805,0
-14752_8136,40.680862038535,-73.76400875499333,6,16.0,0.5,4,1,94.78505,1
-14752_8138,40.6914620331556,-73.76215005142531,10,17.0,0.7,7,3,89.82544,1
-14752_8139,40.697421939715,-73.76209445506001,2,12.5,1.0,2,1,91.15461,1
-14752_8140,40.7008464992938,-73.7644365177478,5,7.4,0.8,5,1,91.012665,1
-14752_8142,40.7133987191716,-73.762208905215,5,16.6,0.6,4,1,80.09822,1
-14752_8143,40.719974310677,-73.762038887368,1,4.0,1.0,1,0,74.05665,0
-14752_8144,40.72049970350222,-73.76068175360855,9,13.666666666666666,0.6666666666666666,9,1,74.05665,1
-14752_8149,40.747847426099995,-73.761343445025,2,9.5,1.0,2,0,0.2666053,0
-14752_8152,40.76145403406058,-73.7616276346073,7,13.333333333333334,0.42857142857142855,7,0,0.18788384,0
-14753_8119,40.598488126753,-73.766474198544,1,11.0,1.0,1,0,83.776596,0
-14753_8131,40.6574241208735,-73.76772497474875,4,16.25,0.75,4,1,86.94696,1
-14753_8132,40.6634454999728,-73.7684706024714,5,14.6,0.6,2,3,92.38314,1
-14753_8133,40.666617987807,-73.767146730565,1,0.0,0.0,1,1,93.258545,1
-14753_8134,40.670141307992,-73.765317537608,1,15.0,0.0,1,0,93.597946,0
-14753_8136,40.68219563717723,-73.76670386103123,13,16.181818181818183,0.6153846153846154,6,5,90.1518,1
-14753_8138,40.692289305153,-73.76592563229933,3,14.0,0.6666666666666666,3,0,85.95157,0
-14753_8140,40.70263387652,-73.76612360845,3,17.333333333333332,0.6666666666666666,3,0,83.23208,0
-14753_8141,40.709591461821,-73.767710218994,1,11.0,1.0,1,1,77.60507,1
-14753_8142,40.713038206831,-73.76647050986766,3,13.666666666666666,0.6666666666666666,3,0,77.35017,0
-14753_8143,40.718430102316,-73.765237035916,1,6.0,1.0,1,0,75.58849,0
-14753_8149,40.746429107713,-73.766365048929,1,12.0,1.0,1,0,0.1080555,0
-14753_8151,40.75744390092995,-73.7683794410279,21,15.047619047619047,0.6666666666666666,12,0,0.14365983,0
-14753_8152,40.76082259701665,-73.76748780673643,14,16.0,0.5714285714285714,7,0,0.27752662,0
-14754_8132,40.660102192647,-73.774169125051,1,9.0,1.0,1,0,87.1367,0
-14754_8134,40.672032208492,-73.7728257303956,5,12.0,0.6,4,2,93.105,1
-14754_8137,40.685565678337,-73.772834988099,1,24.0,0.0,1,1,88.87177,1
-14754_8141,40.709462773561,-73.774747897542,1,35.0,0.0,1,1,73.921555,1
-14754_8142,40.71172513224125,-73.77196459551826,4,17.75,0.5,3,0,75.53264,0
-14754_8143,40.715736842375,-73.771721709799,1,12.0,1.0,1,0,75.9423,0
-14754_8150,40.753456252263,-73.774869264677,1,12.0,1.0,1,0,0.24566303,0
-14754_8151,40.75945883464937,-73.77266773192424,8,15.666666666666666,0.5,4,0,0.2594331,0
-14754_8152,40.76327453296771,-73.77100267060351,49,15.46808510638298,0.6938775510204082,28,0,0.23591308,0
-14754_8153,40.766534564670884,-73.77252627764112,18,18.647058823529413,0.6111111111111112,15,0,0.38972133,0
-14755_8118,40.593586813749,-73.776548165888,1,0.0,0.0,1,1,80.144844,1
-14755_8119,40.59570006866,-73.77502512325,1,24.0,0.0,1,0,79.228905,0
-14755_8129,40.64579045505,-73.7767618438,2,7.5,1.0,1,0,1.1447619,0
-14755_8132,40.66342894001233,-73.77700536273633,3,15.666666666666666,0.3333333333333333,3,0,87.924126,0
-14755_8133,40.6661701489335,-73.779411268156,2,6.5,0.5,2,1,87.19833,1
-14755_8134,40.6734284378675,-73.77572265909501,2,12.0,1.0,2,0,88.20763,0
-14755_8135,40.67925238366791,-73.77816560774801,11,10.909090909090908,0.7272727272727273,9,1,81.762924,1
-14755_8138,40.691270836619196,-73.778368709457,5,12.0,1.0,4,1,81.81169,1
-14755_8141,40.708527660776795,-73.7763099855284,5,17.0,0.4,4,0,78.9458,0
-14755_8142,40.713936868861204,-73.7781848313238,5,21.0,0.4,5,1,78.15808,1
-14755_8145,40.72963876316825,-73.77960175859425,4,21.25,0.5,2,0,0.466736,0
-14755_8146,40.730182016358,-73.778422809476,1,12.0,1.0,1,0,0.30241147,0
-14755_8147,40.73693331674,-73.7779871009905,2,10.5,1.0,2,0,0.09428607,0
-14755_8148,40.744167702635,-73.776145833857,1,8.0,1.0,1,0,0.18574727,0
-14755_8151,40.758143615506,-73.77761471378099,5,14.0,0.8,4,0,0.058255594,0
-14755_8153,40.7674987121235,-73.77994079142499,2,4.5,0.5,2,0,0.2494273,0
-14755_8155,40.77846737059206,-73.7773515990732,15,11.2,0.8,12,0,0.91631657,0
-14755_8156,40.78205242755275,-73.77654246607474,4,11.0,1.0,2,0,0.20269367,0
-14756_8128,40.643905973004,-73.783095790557,1,7.0,1.0,1,0,1.1447619,0
-14756_8133,40.6688050551965,-73.781876310205,4,28.5,0.5,4,1,81.14794,1
-14756_8136,40.6830299813845,-73.78227757942949,2,17.5,0.5,2,1,85.54918,1
-14756_8138,40.694984192378,-73.781915637134,1,7.0,1.0,1,0,74.8374,0
-14756_8139,40.6964796825038,-73.7834347439888,5,31.8,0.8,4,1,75.10029,1
-14756_8140,40.702685146457995,-73.781443127058,2,16.5,0.5,2,0,77.5149,0
-14756_8141,40.7077568846336,-73.78329300171069,10,19.0,0.8,8,0,79.86691,0
-14756_8142,40.71289005311764,-73.78269110974936,14,17.071428571428573,0.6428571428571429,10,1,81.441345,1
-14756_8145,40.72922759497689,-73.78104303828701,9,16.444444444444443,0.4444444444444444,5,0,0.8422968,0
-14756_8146,40.734185426346,-73.783536879181,1,5.0,0.0,1,0,0.046518516,0
-14756_8148,40.7409554626916,-73.7845873032666,5,10.4,0.8,4,0,0.07379498,0
-14756_8150,40.7534736711465,-73.7806748900975,4,12.25,0.75,4,0,0.13028967,0
-14756_8151,40.757427670834566,-73.78370703578129,7,22.0,0.42857142857142855,6,0,0.06225853,0
-14756_8153,40.76660560491225,-73.782989765487,4,20.75,0.5,4,0,0.052457612,0
-14756_8167,40.838464836905004,-73.783216517497,5,14.8,0.6,2,0,0.21215524,0
-14756_8168,40.8403754241065,-73.7839291113425,2,15.5,0.5,2,0,0.21215524,0
-14757_8118,40.593946067336,-73.789412331977,1,5.0,1.0,1,0,71.20417,0
-14757_8129,40.64831282606863,-73.78828149759275,35,8.82857142857143,0.9428571428571428,16,0,1.1447619,0
-14757_8133,40.667635235226,-73.789286923318,1,8.0,1.0,1,0,79.50888,0
-14757_8134,40.6721595700845,-73.785350379574,2,10.5,1.0,2,0,87.359215,0
-14757_8138,40.694741100704,-73.789904133514,1,23.0,0.0,1,0,87.410614,0
-14757_8141,40.70757058271967,-73.78792856742787,15,16.785714285714285,0.4666666666666667,8,2,84.757355,1
-14757_8142,40.71197867614067,-73.78799312662467,12,10.0,0.9166666666666666,9,0,81.86413,0
-14757_8145,40.72675062574657,-73.78858952916978,14,17.928571428571427,0.42857142857142855,12,0,1.0633552,0
-14757_8147,40.73958417740267,-73.7878366902,12,21.90909090909091,0.3333333333333333,9,0,0.032898016,0
-14757_8148,40.740215702678,-73.787952249096,1,35.0,0.0,1,0,0.032898016,0
-14757_8150,40.75227346631,-73.78720989759,2,10.5,1.0,2,0,0.10707848,0
-14757_8151,40.75788034382293,-73.78810953785778,14,13.714285714285714,0.5714285714285714,10,0,0.038765606,0
-14757_8152,40.7621250043585,-73.78789122910025,4,11.666666666666666,0.5,4,0,0.03120352,0
-14757_8153,40.7672265084187,-73.7896431813179,10,11.0,0.8,8,0,0.06743952,0
-14757_8157,40.788786157584,-73.7852455763865,2,19.0,0.5,2,0,0.08773809,0
-14757_8168,40.842452102226,-73.785543312308,2,6.0,1.0,2,0,0.08742636,0
-14757_8169,40.847037904628166,-73.78641523182134,6,10.666666666666666,1.0,5,0,0.043881748,0
-14757_8170,40.851820973957004,-73.78893688140259,5,15.5,0.6,4,0,0.09711749,0
-14758_8118,40.593009217463,-73.793451647315,2,11.5,1.0,2,0,66.869446,0
-14758_8133,40.66721858204,-73.79412213386,1,7.0,1.0,1,0,80.72536,0
-14758_8134,40.673483651322535,-73.79166738502278,13,9.916666666666666,0.9230769230769231,6,3,84.68078,1
-14758_8135,40.6791237362,-73.79165163747,1,10.0,1.0,1,1,85.19022,1
-14758_8136,40.6829296871005,-73.7925789443165,2,3.5,0.5,2,1,85.96277,1
-14758_8137,40.686323739578576,-73.79363074486457,14,16.571428571428573,0.6428571428571429,11,3,87.38026,1
-14758_8139,40.69737585310333,-73.7922892125375,6,10.333333333333334,0.6666666666666666,4,2,88.72088,1
-14758_8140,40.702223564768,-73.79151424692,2,9.0,0.5,2,0,86.746254,0
-14758_8141,40.70639582833236,-73.79204183125582,11,21.1,0.6363636363636364,9,2,87.42593,1
-14758_8142,40.710669342577596,-73.7931597729842,20,14.705882352941176,0.55,9,0,85.976006,0
-14758_8144,40.722181430102,-73.790333193131,8,7.875,1.0,4,0,8.903431,0
-14758_8145,40.725958835164896,-73.7911110270837,10,7.8,0.8,8,0,3.8542986,0
-14758_8146,40.73330543987,-73.794575670435,2,23.5,0.5,2,0,0.03183056,0
-14758_8147,40.73930223791626,-73.7916474853006,15,16.642857142857142,0.6666666666666666,9,0,0.04581251,0
-14758_8150,40.753386739066755,-73.793742002805,4,11.333333333333334,0.5,3,0,0.04251676,0
-14758_8151,40.757758568580755,-73.7930389765185,4,15.666666666666666,0.5,4,0,0.050935987,0
-14758_8153,40.767881545792996,-73.79059774871644,7,15.428571428571429,0.42857142857142855,5,0,0.14833784,0
-14758_8154,40.770347633012804,-73.79329809481939,5,8.8,1.0,5,0,0.07990029,0
-14758_8155,40.778174202029994,-73.79358639630334,3,18.0,0.6666666666666666,2,0,0.19440342,0
-14758_8156,40.781558764439005,-73.794247491707,3,12.666666666666666,1.0,3,0,0.11507899,0
-14758_8157,40.787007877199,-73.79213427638649,2,10.0,1.0,2,0,0.32063094,0
-14758_8170,40.853815532969,-73.79036127108968,3,10.666666666666666,1.0,2,0,0.22515795,0
-14758_8171,40.85625936327,-73.7910430892905,4,13.75,0.5,2,0,0.22515795,0
-14759_8117,40.58961617489867,-73.79779716584133,3,17.333333333333332,0.6666666666666666,3,0,66.869446,0
-14759_8118,40.591069567162,-73.79770274997016,7,16.571428571428573,0.5714285714285714,7,1,66.869446,1
-14759_8133,40.667947939487,-73.79677745853749,4,13.75,0.75,2,0,81.23486,0
-14759_8134,40.67406519663975,-73.79822691038925,4,13.75,0.5,4,0,87.67999,0
-14759_8137,40.6887817376275,-73.795733827254,2,10.0,1.0,2,1,91.1521,1
-14759_8138,40.692325154919,-73.798786283098,2,12.0,1.0,1,0,89.55435,0
-14759_8140,40.704238539699304,-73.79860202646358,26,14.538461538461538,0.7307692307692307,15,3,89.25577,1
-14759_8141,40.70832219042762,-73.7971088006435,16,20.25,0.5,9,2,84.09043,1
-14759_8142,40.710552051275,-73.795019391454,1,32.0,0.0,1,0,85.976006,0
-14759_8144,40.7230110832115,-73.799963182573,4,26.0,0.25,4,0,29.9884,0
-14759_8147,40.7376010422555,-73.7961338827175,2,6.0,1.0,2,0,0.065990545,0
-14759_8148,40.742227175349,-73.79993052653,1,6.0,1.0,1,0,0.0704415,0
-14759_8151,40.75798609813257,-73.79550041527672,7,15.285714285714286,0.5714285714285714,5,0,0.042624686,0
-14759_8152,40.7627553994475,-73.7968670100005,2,18.5,0.5,2,0,0.023749417,0
-14759_8154,40.77307876753586,-73.79571693740458,7,17.0,0.5714285714285714,6,0,0.16757517,0
-14760_8118,40.591021472313,-73.800907378727,1,13.0,1.0,1,0,71.41762,0
-14760_8134,40.674476666374815,-73.802856392211,11,18.363636363636363,0.36363636363636365,6,5,93.81825,1
-14760_8138,40.694229995195336,-73.80138775417167,3,32.666666666666664,0.3333333333333333,3,1,91.41326,1
-14760_8139,40.696205998379334,-73.80444115282667,3,19.0,0.3333333333333333,3,1,90.37916,1
-14760_8140,40.7031443822795,-73.80048347142834,6,6.4,0.5,6,1,89.48352,1
-14760_8141,40.70745212456135,-73.80305723811601,23,16.045454545454547,0.6086956521739131,14,1,86.89748,1
-14760_8142,40.7138417131175,-73.8020775863365,2,14.0,0.5,2,0,69.03003,0
-14760_8143,40.718139453721406,-73.803657463829,5,19.8,0.2,4,0,45.82262,0
-14760_8144,40.722553238646995,-73.8028167999342,5,18.0,0.8,4,1,45.98185,1
-14760_8146,40.7329955063106,-73.80476383315799,5,21.4,0.2,5,0,0.048704118,0
-14760_8147,40.73667925852,-73.80267524605,1,33.0,0.0,1,0,0.04865721,0
-14760_8151,40.758106111132534,-73.80398872409054,13,14.23076923076923,0.6923076923076923,9,0,0.02764922,0
-14760_8152,40.76172686241254,-73.80334639411622,43,16.558139534883722,0.5348837209302325,11,0,0.07443927,0
-14760_8154,40.77118215349,-73.80335967278,1,12.0,1.0,1,0,0.10019124,0
-14760_8155,40.7798895354,-73.8023426917645,2,10.5,1.0,2,0,0.068997376,0
-14760_8156,40.780340808573,-73.80220353229784,6,13.666666666666666,0.6666666666666666,6,0,0.068997346,0
-14760_8161,40.809372248081,-73.80202782439133,3,28.0,0.3333333333333333,2,0,1.5372992,0
-14760_8162,40.81357086319,-73.80259089546,1,7.0,1.0,1,0,3.0243733,0
-14761_8130,40.65199285202,-73.80649090852,1,12.0,1.0,1,1,95.59343,1
-14761_8131,40.657993227981,-73.808286342379,1,21.0,0.0,1,0,93.98012,0
-14761_8133,40.666098452382336,-73.80767301264666,3,10.0,0.3333333333333333,2,0,93.03881,0
-14761_8134,40.67483922509417,-73.8068563766345,6,12.666666666666666,0.8333333333333334,5,0,95.08181,0
-14761_8136,40.683313551435,-73.806471780988,1,9.0,1.0,1,0,92.29773,0
-14761_8138,40.69406219974733,-73.808164188274,3,8.666666666666666,1.0,3,0,90.09318,0
-14761_8139,40.69825483057222,-73.80651319998545,18,10.777777777777779,0.8333333333333334,12,2,89.06616,1
-14761_8140,40.70198602568441,-73.80750183618356,29,14.296296296296296,0.6896551724137931,14,1,87.28179,1
-14761_8141,40.705421391333275,-73.809235379529,11,23.0,0.45454545454545453,9,1,88.1614,1
-14761_8142,40.71421878947343,-73.80729433988472,7,9.428571428571429,0.8571428571428571,7,0,39.738445,0
-14761_8143,40.7164096084204,-73.80814798939619,5,21.8,0.4,3,0,28.219545,0
-14761_8144,40.720833807603555,-73.80723864857879,9,10.875,0.7777777777777778,8,0,20.862352,0
-14761_8150,40.753879018077996,-73.8065078101275,2,14.5,0.5,2,0,0.023094185,0
-14761_8151,40.756737775788,-73.80901533128,1,24.0,0.0,1,0,0.019345762,0
-14761_8152,40.76349998859375,-73.80741146008928,32,18.5,0.53125,8,0,0.04288412,0
-14761_8155,40.777993504844,-73.809185217669,1,3.0,0.0,1,0,0.23735827,0
-14761_8156,40.783190930734,-73.808495010188,1,9.0,1.0,1,0,0.14427602,0
-14761_8157,40.7868997393515,-73.808056375094,2,13.0,0.5,2,0,0.12050518,0
-14761_8158,40.793063570618,-73.80763997949971,7,16.714285714285715,0.8571428571428571,7,0,0.17360745,0
-14761_8159,40.795975241885,-73.80639942985,1,12.0,0.0,1,0,1.0688801,0
-14761_8174,40.87321857928,-73.80847698878,1,8.0,1.0,1,0,4.7988048,0
-14762_8116,40.584964147458,-73.810876546759,1,9.0,1.0,1,0,64.64013,0
-14762_8117,40.587388424691,-73.812651826321,12,10.583333333333334,0.8333333333333334,7,1,64.64014,1
-14762_8133,40.667978370970005,-73.81136300884,2,12.0,1.0,2,0,91.98297,0
-14762_8135,40.67533762061433,-73.81240462319089,9,13.666666666666666,0.5555555555555556,4,5,97.08212,1
-14762_8136,40.68254259807725,-73.81413575486975,4,7.5,0.75,4,1,97.35938,1
-14762_8138,40.69073528080508,-73.81369693427816,12,17.818181818181817,0.5833333333333334,8,5,95.071396,1
-14762_8139,40.6966091157285,-73.8138403485945,2,30.5,0.5,2,0,91.00072,0
-14762_8140,40.702425108804846,-73.8126266591383,13,19.833333333333332,0.46153846153846156,6,0,88.02601,0
-14762_8141,40.70529346282,-73.81124317951667,3,11.0,0.6666666666666666,2,0,85.4722,0
-14762_8143,40.71875044222114,-73.81324640105915,7,15.714285714285714,0.2857142857142857,5,0,10.427179,0
-14762_8145,40.727554254176496,-73.81332782594251,2,7.0,1.0,2,0,0.2350901,0
-14762_8146,40.731285789195,-73.810825531048,5,18.8,0.6,4,0,0.037574705,0
-14762_8147,40.73781855288233,-73.813199098612,3,17.666666666666668,0.6666666666666666,3,0,0.076731145,0
-14762_8151,40.755521432006,-73.8149863420733,7,14.0,0.7142857142857143,6,0,0.006391051,0
-14762_8152,40.76344654975443,-73.81322568612502,35,18.823529411764707,0.45714285714285713,10,0,0.02842129,0
-14762_8153,40.76575482584662,-73.81329948026399,13,14.153846153846153,0.6153846153846154,8,0,0.25576293,0
-14762_8156,40.784635053825,-73.813730502252,1,12.0,1.0,1,0,0.07760838,0
-14762_8157,40.788240659151874,-73.8135339428727,16,15.0,0.6875,9,0,0.121874236,0
-14762_8158,40.79048104210043,-73.81303875188186,7,10.142857142857142,0.7142857142857143,7,0,0.121874236,0
-14762_8163,40.81995465798,-73.81044459845,1,13.0,1.0,1,0,15.783122,0
-14762_8172,40.86345899894,-73.8105515014,1,13.0,1.0,1,0,9.8562,0
-14763_8116,40.584744371695,-73.819251280972,1,28.0,0.0,1,0,29.336092,0
-14763_8117,40.5867449165276,-73.81606639985709,10,11.2,0.7,8,0,62.58242,0
-14763_8119,40.59758533546,-73.81977092713,1,12.0,1.0,1,0,0.3694204,0
-14763_8121,40.6062709018525,-73.81956191812199,2,16.5,0.5,2,0,0.3694204,0
-14763_8134,40.67463676633,-73.81960877006,1,11.0,1.0,1,1,96.82805,1
-14763_8135,40.67602076683583,-73.81827891897935,6,13.0,0.6666666666666666,4,3,96.82805,1
-14763_8137,40.68870426426477,-73.81779065184615,13,11.5,0.6923076923076923,6,7,94.728546,1
-14763_8138,40.692339530925196,-73.8175499488246,5,31.0,0.0,4,1,90.69373,1
-14763_8140,40.702561731462076,-73.81761031651669,13,16.076923076923077,0.6153846153846154,11,1,84.67748,1
-14763_8141,40.70809493845823,-73.81784094906061,13,10.846153846153847,0.7692307692307693,11,0,56.691383,0
-14763_8143,40.7181578253812,-73.817783471945,5,17.6,0.4,5,0,1.1956229,0
-14763_8145,40.729147380256336,-73.81517307329166,3,12.0,0.6666666666666666,3,0,0.03130059,0
-14763_8146,40.730161891582,-73.81508666071551,2,12.5,0.5,2,0,0.020978006,0
-14763_8147,40.739625700546625,-73.815200579158,8,17.375,0.5,6,0,0.038388524,0
-14763_8148,40.74044924778,-73.81505980385,1,9.0,1.0,1,0,0.110447034,0
-14763_8149,40.749720510837,-73.818141460712,1,21.0,0.0,1,0,0.00805659,0
-14763_8150,40.751018974646385,-73.81855134917072,18,22.0,0.4444444444444444,7,0,0.008979127,0
-14763_8151,40.7554232400404,-73.8155176219086,5,25.0,0.4,5,0,0.009645045,0
-14763_8152,40.76264684082824,-73.81527227973665,17,21.375,0.29411764705882354,3,0,0.017304232,0
-14763_8153,40.76524587948369,-73.8176981918303,13,13.538461538461538,0.8461538461538461,6,0,0.026398528,0
-14763_8155,40.776891406683,-73.8175795330755,2,9.0,1.0,2,0,0.4777299,0
-14763_8157,40.787811238727,-73.81574170596079,5,11.6,1.0,5,0,0.137136,0
-14763_8158,40.794026297592,-73.818045243939,1,9.0,1.0,1,0,0.39989063,0
-14763_8162,40.81453854978,-73.81505543619,1,8.0,1.0,1,0,3.7596877,0
-14763_8163,40.819087381512,-73.81725892782501,5,17.6,0.4,3,0,11.379056,0
-14763_8164,40.8214887469535,-73.8185931358125,8,15.875,0.75,8,0,15.505548,0
-14763_8165,40.82883152687,-73.81917828009,1,15.0,0.0,1,0,28.702276,0
-14763_8166,40.830558259147,-73.8167642232425,4,18.25,0.75,2,0,30.735285,0
-14763_8167,40.83557337778,-73.81792033743,1,13.0,1.0,1,0,20.950191,0
-14763_8169,40.84619085316033,-73.81959596597734,3,15.0,0.6666666666666666,2,0,0.7938693,0
-14763_8177,40.889985514388,-73.819987832746,1,10.0,1.0,1,0,76.08434,0
-14763_8178,40.890125103842,-73.819737892632,1,7.0,1.0,1,0,76.08434,0
-14764_8116,40.584247493988,-73.8209537221295,2,12.5,1.0,2,0,21.148647,0
-14764_8119,40.59864082413,-73.82071872338,1,9.0,1.0,1,0,0.3694204,0
-14764_8120,40.60013087909,-73.82048423968,1,5.0,1.0,1,0,0.3694204,0
-14764_8134,40.670343642528145,-73.82117978585015,7,15.714285714285714,0.5714285714285714,7,1,95.321724,1
-14764_8135,40.676824549352396,-73.8214883500782,5,17.0,0.6,4,2,97.1737,1
-14764_8136,40.680221485592995,-73.821216933166,4,10.25,1.0,3,2,97.59422,1
-14764_8137,40.68656058821228,-73.82325763788617,18,14.61111111111111,0.6111111111111112,11,6,96.428894,1
-14764_8138,40.691280088151665,-73.82128963629366,3,48.666666666666664,0.3333333333333333,1,3,92.848885,1
-14764_8139,40.697038555254,-73.82065325553401,2,14.5,0.5,2,1,89.31061,1
-14764_8140,40.7027461152864,-73.8210508070386,5,7.75,0.8,3,0,82.59154,0
-14764_8144,40.72466856449167,-73.82077283326667,3,27.0,0.3333333333333333,1,0,0.07690618,0
-14764_8145,40.727169015737886,-73.82212308885977,9,11.333333333333334,0.7777777777777778,4,0,0.045048255,0
-14764_8146,40.7311817657504,-73.8241103648778,5,17.8,0.4,3,0,0.100157455,0
-14764_8150,40.753417940194495,-73.82241900103358,14,14.285714285714286,0.6428571428571429,7,0,0.008468845,0
-14764_8151,40.75763592660075,-73.82265161859024,4,17.75,0.75,2,0,0.0029165514,0
-14764_8152,40.7639157093868,-73.8232994100742,5,23.2,0.4,2,0,0.031270586,0
-14764_8153,40.7659124167904,-73.8205757415246,5,8.8,1.0,4,0,0.09750062,0
-14764_8155,40.77598625329883,-73.82442952079333,6,15.0,0.6666666666666666,6,0,0.45694053,0
-14764_8157,40.7869017022,-73.82205335126,2,10.5,1.0,2,0,0.09360296,0
-14764_8162,40.81323610925,-73.82285511755,1,34.0,0.0,1,0,3.3744328,0
-14764_8164,40.824390607035426,-73.82022842562957,7,12.142857142857142,0.8571428571428571,7,1,41.997356,1
-14764_8165,40.826995293562,-73.82259365650525,16,11.5625,0.8125,13,0,28.702276,0
-14764_8172,40.864251322466664,-73.82259818803333,3,10.666666666666666,1.0,3,0,38.07724,0
-14764_8173,40.869109770988,-73.82396666816774,4,11.25,1.0,4,1,69.77782,1
-14764_8175,40.879779039121,-73.824289988047,1,13.0,1.0,1,1,83.058586,1
-14764_8176,40.88275955882,-73.824122957946,1,10.0,1.0,1,0,84.06553,0
-14764_8177,40.887916874668505,-73.821440093869,2,11.5,1.0,2,0,82.61487,0
-14765_8116,40.58130628083067,-73.82832190704933,3,12.333333333333334,1.0,2,0,0.58287925,0
-14765_8135,40.67762984479136,-73.82851073353164,31,9.516129032258064,0.8709677419354839,13,1,96.33401,1
-14765_8137,40.68712369817457,-73.82721059370635,14,13.615384615384615,0.7142857142857143,7,4,96.800964,1
-14765_8138,40.692826117527,-73.82766585368125,8,24.625,0.375,2,0,93.09231,0
-14765_8140,40.7011413399645,-73.82707981267933,6,13.25,0.5,4,0,82.01783,0
-14765_8141,40.7089869446742,-73.82917199913979,5,17.6,0.6,3,0,22.724703,0
-14765_8142,40.713185347702556,-73.82855687433411,9,21.77777777777778,0.4444444444444444,6,0,5.702083,0
-14765_8146,40.733824816488,-73.82531983148634,3,30.0,0.3333333333333333,2,0,0.02139775,0
-14765_8148,40.74357105504225,-73.82563461297734,12,18.75,0.5833333333333334,2,0,0.037433412,0
-14765_8149,40.746348182681835,-73.827073332657,6,19.833333333333332,0.5,5,0,0.071476296,0
-14765_8150,40.75317066858838,-73.82718307852224,21,19.0,0.3333333333333333,9,0,0.0018891103,0
-14765_8151,40.75861030444397,-73.82899719696685,95,16.652173913043477,0.5473684210526316,15,0,0.015021335,0
-14765_8152,40.76160646867087,-73.82800518676558,70,20.507246376811594,0.5571428571428572,17,0,0.0064638667,0
-14765_8153,40.7663633973448,-73.8275693958522,5,16.4,0.6,3,0,0.037729826,0
-14765_8154,40.771485830085,-73.826581467743,4,29.25,0.75,3,0,0.1628214,0
-14765_8155,40.778288900348,-73.827613499586,1,8.0,1.0,1,0,0.1723723,0
-14765_8156,40.7816629838375,-73.82997348492151,2,7.5,1.0,2,0,0.04456111,0
-14765_8165,40.829468299787,-73.82508222441767,3,8.666666666666666,0.3333333333333333,2,0,22.861189,0
-14765_8166,40.83241045145226,-73.82765279702735,23,13.782608695652174,0.782608695652174,12,0,14.433624,0
-14765_8167,40.83811663299,-73.82879505112001,2,10.5,1.0,2,0,2.6626775,0
-14765_8168,40.8421458255125,-73.829659281456,2,8.5,1.0,1,0,2.055128,0
-14765_8170,40.852340530412,-73.8283160879491,9,19.88888888888889,0.6666666666666666,7,0,0.90909415,0
-14765_8173,40.86942715168176,-73.8274831230537,13,16.923076923076923,0.6153846153846154,11,0,70.18556,0
-14765_8175,40.876457069107,-73.82919315532101,4,9.0,0.5,4,1,86.10513,1
-14765_8177,40.886292149126,-73.8282017957754,5,7.8,1.0,4,1,85.840195,1
-14766_8116,40.5813508548055,-73.8316824115165,4,27.25,0.25,2,0,0.32683006,0
-14766_8131,40.65846818623,-73.83102755449,1,3.0,1.0,1,0,0.23457511,0
-14766_8132,40.660263892659,-73.8305165830195,2,12.0,1.0,2,0,0.22841273,0
-14766_8135,40.678679329936,-73.83342631831961,5,9.75,0.8,5,0,93.93127,0
-14766_8136,40.683972094318996,-73.83301245072461,18,17.6875,0.5,6,9,96.48162,1
-14766_8137,40.687534087425185,-73.83216156772754,11,15.88888888888889,0.45454545454545453,6,3,93.57948,1
-14766_8138,40.692795087391005,-73.8324313173585,2,12.5,1.0,2,0,91.825485,0
-14766_8139,40.699385194315,-73.83200153869944,16,17.333333333333332,0.625,10,4,83.579,1
-14766_8140,40.7004464690924,-73.8318858423194,5,14.4,0.6,5,0,83.579,0
-14766_8141,40.70776068324289,-73.83117863784389,18,15.176470588235293,0.6666666666666666,11,0,20.06001,0
-14766_8142,40.714678566890335,-73.83168412190383,6,20.833333333333332,0.5,3,0,11.015461,0
-14766_8143,40.7157684671527,-73.8330894136447,10,13.0,0.8,7,0,11.12948,0
-14766_8150,40.753353685640874,-73.83313202675637,8,17.625,0.625,4,0,0.023468317,0
-14766_8151,40.758632757380646,-73.83250359193639,112,18.44954128440367,0.5535714285714286,16,0,0.008748815,0
-14766_8152,40.76132779735898,-73.83229407609204,99,16.346938775510203,0.5656565656565656,19,0,0.012357802,0
-14766_8153,40.7683845194765,-73.83348821320119,16,14.866666666666667,0.625,11,0,0.0917571,0
-14766_8156,40.781659944195496,-73.832584177395,2,19.5,0.5,2,0,0.04456111,0
-14766_8167,40.83733794413967,-73.83434687508317,6,18.0,0.5,6,0,6.3923583,0
-14766_8168,40.843927581721,-73.83040692758425,8,15.375,0.5,8,0,1.5848737,0
-14766_8169,40.84681043899959,-73.83174749770205,17,14.4375,0.6470588235294118,12,0,0.5374125,0
-14766_8172,40.863975546556,-73.83397415777,2,8.0,1.0,2,0,77.63577,0
-14766_8173,40.86658775314652,-73.83087469759481,33,13.757575757575758,0.7272727272727273,21,0,70.18557,0
-14766_8176,40.88444958112933,-73.83283305431466,3,11.333333333333334,0.6666666666666666,3,1,93.47629,1
-14766_8177,40.88837879316412,-73.83128226020612,8,14.125,0.5,6,3,84.563934,1
-14767_8115,40.57932395726533,-73.83698303739483,6,11.166666666666666,0.8333333333333334,5,0,0.056675438,0
-14767_8116,40.580874052431504,-73.83712563534884,12,14.454545454545455,0.6666666666666666,9,0,0.056675438,0
-14767_8129,40.64997432875,-73.83758635341,1,39.0,0.0,1,0,0.42748606,0
-14767_8130,40.652649133116924,-73.83826678466923,13,13.25,0.46153846153846156,9,0,0.23457511,0
-14767_8131,40.656659926303774,-73.83925474164711,9,12.444444444444445,0.8888888888888888,7,0,0.23457499,0
-14767_8134,40.672375084757,-73.838971794996,2,10.0,0.5,2,0,76.47475,0
-14767_8136,40.682015723593715,-73.83702281528815,7,9.5,0.8571428571428571,5,2,91.9583,1
-14767_8137,40.68670625837178,-73.8374091856221,9,13.333333333333334,0.7777777777777778,7,3,91.82784,1
-14767_8138,40.69197128948867,-73.83628644592767,3,11.333333333333334,1.0,3,0,88.07784,0
-14767_8139,40.696885475466004,-73.83713912380034,15,16.0,0.7333333333333333,8,0,71.10259,0
-14767_8141,40.70734497434875,-73.83561600237626,8,14.857142857142858,0.625,7,0,12.842713,0
-14767_8143,40.71829136536262,-73.83708154006892,13,13.444444444444445,0.5384615384615384,11,0,6.627704,0
-14767_8150,40.7547511325465,-73.8359998246055,2,12.5,1.0,2,0,0.09706043,0
-14767_8151,40.755934186327,-73.836042019442,1,6.0,1.0,1,0,0.09706043,0
-14767_8153,40.76800004324171,-73.83595855488728,7,16.571428571428573,0.7142857142857143,6,0,0.14234932,0
-14767_8154,40.7705755617335,-73.83565021918949,2,11.0,1.0,1,0,0.24896657,0
-14767_8156,40.781673836068,-73.839415976831,1,11.0,1.0,1,0,0.019676246,0
-14767_8157,40.786530007148365,-73.83672801473345,11,12.909090909090908,0.8181818181818182,8,0,0.04446204,0
-14767_8162,40.811599588713,-73.835329966218,1,13.0,1.0,1,0,2.5030522,0
-14767_8164,40.82373019300911,-73.83642393723167,9,15.777777777777779,0.7777777777777778,7,0,31.93048,0
-14767_8167,40.83705660793067,-73.83755671388201,3,16.666666666666668,0.3333333333333333,2,0,12.223483,0
-14767_8168,40.84235360945633,-73.8373088121775,6,14.5,0.5,5,0,2.4221897,0
-14767_8170,40.852134436919,-73.839545233085,1,10.0,1.0,1,0,2.1972752,0
-14767_8173,40.86601748112,-73.83771470099,1,11.0,1.0,1,0,77.42874,0
-14767_8175,40.877758648808495,-73.8371561764705,2,19.0,0.5,2,1,93.546555,1
-14767_8176,40.8810166538106,-73.8387230651732,5,14.4,0.8,3,3,94.968216,1
-14768_8131,40.659990815706,-73.840084877907,1,13.0,1.0,1,0,0.22841273,0
-14768_8132,40.66172551044906,-73.84054313522611,17,10.705882352941176,0.9411764705882353,10,0,0.19418743,0
-14768_8133,40.669907545285334,-73.84260602094001,3,9.0,1.0,3,0,17.797762,0
-14768_8134,40.6723900781313,-73.8430511260292,10,14.1,0.7,7,0,51.55785,0
-14768_8135,40.678197749035284,-73.84407846475442,7,9.285714285714286,1.0,6,0,78.124794,0
-14768_8136,40.68158387414319,-73.84330451571954,15,13.714285714285714,0.7333333333333333,11,2,85.21857,1
-14768_8137,40.68783333086382,-73.84294445396182,11,17.363636363636363,0.5454545454545454,8,1,82.02936,1
-14768_8138,40.690414959784,-73.840799527934,2,16.5,0.5,2,0,80.49775,0
-14768_8139,40.69522884223889,-73.8424602654651,9,13.88888888888889,0.6666666666666666,6,0,69.80416,0
-14768_8143,40.71916400779226,-73.84242174956294,35,14.161290322580646,0.5714285714285714,19,0,13.040389,0
-14768_8144,40.720796283074584,-73.84413192669882,17,14.375,0.7647058823529411,13,0,19.273018,0
-14768_8151,40.758171217432,-73.841945450939,1,17.0,0.0,1,0,0.28188333,0
-14768_8152,40.760497372311,-73.842921762649,1,38.0,0.0,1,0,0.36918288,0
-14768_8154,40.771432976166665,-73.843941673961,3,13.666666666666666,0.3333333333333333,1,0,1.2053303,0
-14768_8156,40.782331657407504,-73.84205459519167,6,24.333333333333332,0.5,4,0,0.032887854,0
-14768_8166,40.831407601911,-73.844589426555,1,13.0,1.0,1,0,51.005394,0
-14768_8167,40.839840015265,-73.842986687105,1,5.0,1.0,1,0,37.109642,0
-14768_8168,40.8410368139955,-73.843056343141,18,13.0,0.6666666666666666,9,0,35.010586,0
-14768_8169,40.84931522783433,-73.84393293952867,6,9.333333333333334,0.8333333333333334,6,0,4.226406,0
-14768_8170,40.85182250353575,-73.843733646237,4,9.25,1.0,4,0,4.318349,0
-14768_8171,40.85619993218,-73.84392395765,1,12.0,1.0,1,0,2.8884726,0
-14768_8172,40.862136766293624,-73.8433997638635,8,11.5,0.875,7,0,62.6379,0
-14768_8173,40.86962466917075,-73.84360216668075,4,16.25,0.75,3,2,95.4962,1
-14768_8175,40.8788620183796,-73.8434727649416,5,17.6,0.8,3,3,97.10916,1
-14768_8176,40.880015785102,-73.841781248013,1,7.0,1.0,1,0,96.3271,0
-14768_8177,40.888713275935665,-73.84271649339,3,8.333333333333334,1.0,3,0,94.56044,0
-14768_8178,40.893640788689,-73.843926133098,1,5.0,1.0,1,0,90.63301,0
-14769_8115,40.57834629820744,-73.84940758447468,9,19.444444444444443,0.8888888888888888,7,0,0.10786477,0
-14769_8116,40.58128655015,-73.84799971758,2,16.0,0.5,1,0,0.10786477,0
-14769_8135,40.676508606077,-73.845871104545,1,10.0,1.0,1,0,62.186634,0
-14769_8136,40.681761935393,-73.846845983118,13,11.75,0.6923076923076923,10,0,75.39986,0
-14769_8137,40.689027412247,-73.845773544045,1,13.0,1.0,1,0,73.66302,0
-14769_8138,40.694522678895,-73.84903428118425,4,13.25,0.75,2,0,14.487645,0
-14769_8139,40.695147332585,-73.845081367089,3,12.0,1.0,3,0,61.549656,0
-14769_8141,40.709744710263195,-73.84639272178019,5,18.4,0.6,5,0,1.9329721,0
-14769_8142,40.71014275685408,-73.84887613133525,12,19.083333333333332,0.5,11,0,0.8075418,0
-14769_8143,40.719483729219284,-73.84511837607171,7,18.285714285714285,0.42857142857142855,6,0,11.003768,0
-14769_8144,40.72118501482412,-73.84653875285309,32,15.25,0.5625,21,1,31.220728,1
-14769_8146,40.73273601698675,-73.84949763223733,12,18.818181818181817,0.5833333333333334,7,0,1.5935175,0
-14769_8150,40.753988718108005,-73.84638050479725,4,13.75,0.75,1,0,4.091502,0
-14769_8155,40.77910015635667,-73.84608647668034,3,17.0,0.3333333333333333,3,0,0.19426246,0
-14769_8156,40.783123433548,-73.84587793455822,32,17.35483870967742,0.59375,14,0,0.09661185,0
-14769_8157,40.785064075151,-73.845759676227,1,7.0,1.0,1,0,0.09661185,0
-14769_8163,40.819436994639,-73.848114837406,1,9.0,1.0,1,0,31.47104,0
-14769_8164,40.82201968060233,-73.84871712833267,3,12.666666666666666,0.6666666666666666,3,0,43.4464,0
-14769_8165,40.826347670314,-73.849750298011,1,12.0,1.0,1,0,54.227436,0
-14769_8166,40.83061012212,-73.84964668267,1,12.0,1.0,1,0,59.994083,0
-14769_8167,40.836696822726445,-73.84693890405356,9,12.11111111111111,0.8888888888888888,6,1,63.539906,1
-14769_8168,40.843043228252164,-73.84662436373999,12,9.545454545454545,0.75,9,1,31.172115,1
-14769_8169,40.847177249127576,-73.84836208742186,7,14.714285714285714,0.5714285714285714,6,0,7.9717555,0
-14769_8170,40.851067973148,-73.84854838678,1,13.0,1.0,1,0,2.5842118,0
-14769_8174,40.871252740610004,-73.84733917459167,12,17.363636363636363,0.25,6,5,96.027565,1
-14769_8175,40.87658049408853,-73.84762877590806,17,16.352941176470587,0.5294117647058824,9,5,97.416115,1
-14769_8176,40.884039318243495,-73.849265898712,4,13.5,0.75,3,2,96.75027,1
-14769_8177,40.886276563134,-73.847925375109,1,12.0,1.0,1,0,96.322266,0
-14769_8178,40.890722605852666,-73.84900263234867,3,11.0,0.6666666666666666,3,0,95.02759,0
-14769_8179,40.8985198674,-73.84932246209,1,9.0,1.0,1,0,96.27862,0
-14769_8180,40.9036499509968,-73.8490619182966,5,20.8,0.6,3,3,94.97862,1
-14769_8181,40.906572204567,-73.848812125642,1,52.0,0.0,1,1,93.930374,1
-14770_8133,40.666130558172604,-73.8516719512696,5,15.0,0.6,5,0,9.371425,0
-14770_8135,40.679879975513,-73.850606510087,5,18.8,0.4,3,0,52.511745,0
-14770_8136,40.682744241601,-73.85120273143325,4,16.75,0.75,4,0,63.571503,0
-14770_8137,40.687286969702,-73.85182806944833,3,15.0,0.6666666666666666,3,0,26.521704,0
-14770_8138,40.69346482359936,-73.85261051348076,25,16.52,0.64,13,0,7.7434635,0
-14770_8140,40.702535176349,-73.854729826113,1,4.0,1.0,1,0,0.7647672,0
-14770_8142,40.71071030639484,-73.85244762345984,12,18.363636363636363,0.5833333333333334,9,0,0.2414128,0
-14770_8144,40.72240472597078,-73.85199098244311,9,11.777777777777779,0.7777777777777778,8,0,9.392964,0
-14770_8145,40.726525399111104,-73.85254488470426,20,18.473684210526315,0.55,13,0,2.568543,0
-14770_8146,40.7330791031034,-73.8505401728962,5,21.6,0.4,5,0,0.91412675,0
-14770_8148,40.74226879350433,-73.85389915059899,12,13.363636363636363,0.5833333333333334,9,0,14.664806,0
-14770_8149,40.747391450581,-73.853545315348,1,8.0,1.0,1,0,32.62888,0
-14770_8150,40.75206662225,-73.85420271659,1,12.0,1.0,1,0,40.171844,0
-14770_8165,40.82835742577772,-73.85021187869214,7,19.0,0.5714285714285714,7,1,60.02435,1
-14770_8166,40.83321628026356,-73.85172277855206,36,16.205882352941178,0.7222222222222222,18,2,67.78772,1
-14770_8167,40.836008345586855,-73.85398346785043,7,10.5,0.7142857142857143,6,0,68.72056,0
-14770_8168,40.84235439700614,-73.85200231695386,7,16.142857142857142,0.42857142857142855,5,0,26.300404,0
-14770_8169,40.849123668604,-73.85411792776625,8,10.625,0.625,7,0,5.8905473,0
-14770_8170,40.8534094749847,-73.85382683717259,10,16.8,0.5,7,0,2.2828536,0
-14770_8174,40.87297121559717,-73.85334599917417,6,9.4,0.8333333333333334,4,1,95.28355,1
-14770_8175,40.87555290832433,-73.85071384185534,3,35.333333333333336,0.3333333333333333,2,2,95.93902,1
-14770_8177,40.886141121748,-73.8546182028055,2,23.5,0.0,2,1,92.40044,1
-14770_8178,40.891341694648,-73.850872354936,1,10.0,1.0,1,1,95.03129,1
-14770_8179,40.89825016419669,-73.85367631221477,13,18.384615384615383,0.5384615384615384,8,4,96.731964,1
-14770_8180,40.90329906618516,-73.85051621850167,12,17.0,0.6666666666666666,7,3,94.28964,1
-14771_8134,40.671518241937335,-73.85688809168255,9,10.5,0.7777777777777778,8,0,34.94894,0
-14771_8136,40.68267793546575,-73.857902850144,4,15.333333333333334,0.25,4,0,29.9608,0
-14771_8138,40.692550401313305,-73.85834496312185,13,15.461538461538462,0.7692307692307693,9,0,9.4233055,0
-14771_8140,40.702546932267666,-73.85681803724967,3,12.666666666666666,1.0,3,0,0.64387554,0
-14771_8141,40.7090210161622,-73.8586443628132,5,7.2,1.0,3,0,0.13092415,0
-14771_8142,40.71134326373111,-73.85725274727412,9,10.0,0.8888888888888888,8,0,0.13807392,0
-14771_8143,40.71783341651567,-73.85711032817166,6,17.166666666666668,0.5,6,0,0.6428806,0
-14771_8144,40.721895720862,-73.855320005379,3,8.5,0.6666666666666666,3,0,2.5973842,0
-14771_8145,40.7284503556365,-73.8583641282595,4,21.25,0.5,3,0,0.37170157,0
-14771_8146,40.73245867862625,-73.85691406792276,4,16.333333333333332,0.5,3,0,0.32876173,0
-14771_8147,40.736879780041,-73.857438584535,2,12.0,1.0,2,0,0.8390382,0
-14771_8148,40.74351492991614,-73.85644887586673,15,22.933333333333334,0.5333333333333333,8,0,12.180034,0
-14771_8149,40.74607927371975,-73.85722214301725,4,14.0,0.25,2,0,21.28171,0
-14771_8150,40.75139260299029,-73.85742659352137,27,17.0,0.5925925925925926,15,1,46.99042,1
-14771_8152,40.7609667256705,-73.857648546241,2,22.0,0.0,2,0,35.284893,0
-14771_8157,40.785639833277,-73.855826142429,1,13.0,1.0,1,0,1.2947099,0
-14771_8162,40.812906609140995,-73.856153390836,2,9.0,1.0,2,0,37.64405,0
-14771_8164,40.82374929866243,-73.85880828320501,7,10.0,0.8571428571428571,5,0,57.81815,0
-14771_8165,40.826524634500664,-73.858708591627,3,17.333333333333332,0.6666666666666666,3,0,60.78988,0
-14771_8166,40.83277510239239,-73.85778508157924,13,10.75,0.6923076923076923,6,0,69.405556,0
-14771_8167,40.836604744797995,-73.85667771299677,13,14.5,0.46153846153846156,9,0,68.00138,0
-14771_8168,40.841057659779004,-73.85545620022467,3,8.333333333333334,1.0,3,0,47.82812,0
-14771_8169,40.8476982748375,-73.85669864301038,8,9.25,1.0,6,0,5.427656,0
-14771_8171,40.856347831451224,-73.85557909047144,9,13.555555555555555,0.7777777777777778,7,0,14.500779,0
-14771_8172,40.863221202395664,-73.85823143185634,3,9.666666666666666,1.0,3,0,70.966576,0
-14771_8173,40.86550130296016,-73.85798491935716,6,12.0,0.6666666666666666,6,0,78.769196,0
-14771_8174,40.870779667861996,-73.85633505855449,2,7.0,1.0,2,1,94.43835,1
-14771_8175,40.8762539129795,-73.85957221412599,2,18.0,0.5,1,2,91.15715,1
-14771_8176,40.88242665605775,-73.8566732306305,4,1.0,0.0,2,3,94.70706,1
-14771_8177,40.887675102578,-73.85766736508151,2,12.0,1.0,2,1,93.69798,1
-14771_8178,40.893140021308895,-73.85744530659237,19,13.777777777777779,0.7894736842105263,11,6,94.131645,1
-14771_8179,40.8967097081088,-73.85551339694601,5,17.4,0.4,5,1,95.315186,1
-14771_8180,40.90178481641,-73.85692615797,1,10.0,1.0,1,0,95.23532,0
-14772_8132,40.663983682971,-73.860487605874,1,13.0,1.0,1,0,23.811462,0
-14772_8133,40.669745388846,-73.860825175329,1,12.0,1.0,1,0,40.628315,0
-14772_8135,40.679371852044504,-73.86297331470442,12,17.583333333333332,0.4166666666666667,7,0,59.077984,0
-14772_8136,40.682512222098,-73.860407228935,2,22.5,0.0,2,0,46.34065,0
-14772_8137,40.685815552022,-73.864981320907,1,15.0,0.0,1,0,25.17015,0
-14772_8138,40.69195977473154,-73.86227040625046,13,13.5,0.6153846153846154,8,0,14.223598,0
-14772_8139,40.696945313533,-73.864720678863,1,3.0,1.0,1,0,0.9705644,0
-14772_8141,40.708419297491666,-73.86310545247234,3,12.333333333333334,0.6666666666666666,3,0,0.056815986,0
-14772_8142,40.710574656735,-73.86486244246501,2,12.5,0.5,2,0,0.074846655,0
-14772_8143,40.718518142563,-73.863800108043,1,23.0,0.0,1,0,0.170656,0
-14772_8145,40.72910420346443,-73.86246826995462,28,13.923076923076923,0.7142857142857143,14,0,0.17454338,0
-14772_8146,40.73221536780025,-73.8634600902798,20,11.0,0.8,14,0,0.14293315,0
-14772_8147,40.73767511007942,-73.86286226116057,7,19.666666666666668,0.42857142857142855,5,0,1.1058244,0
-14772_8148,40.744221143574,-73.86233268856667,3,12.666666666666666,0.6666666666666666,3,0,12.529916,0
-14772_8149,40.74858697959928,-73.86259630545571,49,15.386363636363637,0.5510204081632653,14,0,30.334791,0
-14772_8150,40.75166164704135,-73.86290824763162,31,15.838709677419354,0.6774193548387096,9,0,33.452724,0
-14772_8151,40.75771452814036,-73.86202346741392,11,19.8,0.2727272727272727,7,0,33.304398,0
-14772_8153,40.766464794671,-73.863560908699,2,7.5,1.0,1,0,30.953306,0
-14772_8163,40.817083541468,-73.862405372622,1,11.0,1.0,1,0,44.90277,0
-14772_8165,40.826030523591335,-73.86166895257134,3,9.333333333333334,1.0,2,0,64.0534,0
-14772_8166,40.83314953525542,-73.862650833524,19,15.31578947368421,0.5789473684210527,11,1,69.36322,1
-14772_8167,40.837288767040064,-73.86216877064759,15,13.071428571428571,0.6666666666666666,12,1,68.35756,1
-14772_8169,40.8472444779502,-73.86338443616219,5,16.4,0.8,4,0,17.904013,0
-14772_8170,40.853506588003,-73.8645325997542,5,15.0,0.8,4,0,10.204282,0
-14772_8171,40.859605265586,-73.864894663873,1,27.0,0.0,1,0,47.05357,0
-14772_8172,40.863863779108335,-73.8641755520025,6,20.333333333333332,0.6666666666666666,6,0,73.11455,0
-14772_8173,40.8656885794896,-73.8634132799716,10,14.333333333333334,0.7,9,0,85.73234,0
-14772_8174,40.871360295960834,-73.8631833176085,6,17.4,0.3333333333333333,5,2,89.3548,1
-14772_8175,40.876607942890004,-73.862792101625,7,15.857142857142858,0.5714285714285714,6,1,90.49425,1
-14772_8176,40.88270723361784,-73.86329134421077,13,17.384615384615383,0.7692307692307693,7,5,83.401634,1
-14772_8177,40.8870181101196,-73.8608701797511,10,12.0,0.5,5,3,92.5251,1
-14772_8179,40.895507377518,-73.863483077625,1,8.0,1.0,1,0,58.902573,0
-14772_8180,40.9011376421195,-73.86189065629151,2,10.5,1.0,2,0,77.80868,0
-14773_8130,40.651126310688,-73.8691042793105,2,19.0,0.5,2,0,64.69419,0
-14773_8131,40.655143063962996,-73.86770341102775,4,12.25,0.75,3,1,66.66088,1
-14773_8133,40.66862910297,-73.86850925826,1,13.0,1.0,1,0,61.62455,0
-14773_8134,40.673445925806504,-73.8682834229305,2,7.0,1.0,2,0,64.73331,0
-14773_8135,40.6776357560995,-73.86769246726405,18,20.333333333333332,0.3888888888888889,12,1,71.99692,1
-14773_8136,40.68429236890975,-73.86897222000538,8,9.875,0.75,5,0,50.646107,0
-14773_8137,40.685843042196,-73.865017321976,1,44.0,0.0,1,0,25.17015,0
-14773_8138,40.6913830589055,-73.8666294781041,10,13.333333333333334,0.7,7,0,17.658003,0
-14773_8140,40.702989491056336,-73.868018046469,3,17.666666666666668,0.3333333333333333,3,0,0.20313747,0
-14773_8141,40.7095304954364,-73.869319188525,5,8.0,1.0,4,0,0.07422805,0
-14773_8142,40.710661854787,-73.865489890356,1,10.0,1.0,1,0,0.06676033,0
-14773_8144,40.722890683201605,-73.8678952754868,10,14.875,0.4,8,0,0.115156084,0
-14773_8145,40.7263533613584,-73.8651918330468,5,15.0,0.8,3,0,0.17199658,0
-14773_8146,40.733261615285095,-73.8687012956385,10,8.7,0.8,10,0,0.36400986,0
-14773_8147,40.73667908883791,-73.86575274359573,11,16.545454545454547,0.6363636363636364,7,0,0.8729587,0
-14773_8148,40.742465407109584,-73.86897255196783,12,12.916666666666666,0.8333333333333334,7,0,5.9245734,0
-14773_8149,40.74842842824538,-73.86866690109191,37,13.4,0.5675675675675675,14,1,15.597719,1
-14773_8150,40.752449811171495,-73.86746940044024,12,18.09090909090909,0.5,5,0,12.704497,0
-14773_8151,40.75725562370861,-73.8675553538453,13,21.076923076923077,0.46153846153846156,6,0,17.498148,0
-14773_8152,40.761659121544994,-73.867422447128,2,25.0,0.5,2,1,34.199966,1
-14773_8153,40.768266742076996,-73.86747181630433,3,11.0,1.0,2,0,13.760766,0
-14773_8163,40.81668894204,-73.86526392537,1,13.0,1.0,1,0,32.91037,0
-14773_8164,40.822647715590335,-73.86757087120583,6,20.0,0.3333333333333333,6,1,62.653725,1
-14773_8166,40.83206777174178,-73.86699512544139,18,16.38888888888889,0.6111111111111112,13,0,69.54478,0
-14773_8167,40.83786985638617,-73.866997136913,6,6.6,0.8333333333333334,6,0,59.055042,0
-14773_8168,40.84405329747011,-73.86778970991011,9,13.0,0.6666666666666666,6,0,32.43541,0
-14773_8169,40.845711425918935,-73.86631453802714,15,12.071428571428571,0.8,7,0,28.212666,0
-14773_8170,40.85392668353047,-73.86639472466285,13,12.615384615384615,0.7692307692307693,10,0,12.222673,0
-14773_8171,40.85698237553274,-73.86743260187741,19,11.789473684210526,0.7894736842105263,13,0,39.908745,0
-14773_8172,40.863766447783505,-73.86739525017,2,10.5,1.0,2,0,75.47554,0
-14773_8173,40.86560167051279,-73.86703932610241,14,12.071428571428571,0.7857142857142857,10,2,85.73234,1
-14773_8174,40.87157949476017,-73.86635995412867,6,10.5,1.0,4,2,90.849846,1
-14773_8175,40.8786250156356,-73.86571868650199,5,13.8,0.6,5,1,84.45997,1
-14773_8179,40.89843292159347,-73.86735225859377,13,19.0,0.38461538461538464,5,0,40.94311,0
-14773_8180,40.9002661389695,-73.8676802689845,2,10.0,1.0,1,0,33.101944,0
-14774_8129,40.649266509471,-73.872569305962,1,12.0,1.0,1,0,63.175297,0
-14774_8130,40.650183511056,-73.870340424274,1,40.0,0.0,1,0,63.175297,0
-14774_8131,40.6559016295885,-73.873453996913,2,8.5,0.5,2,1,68.790016,1
-14774_8132,40.661868804666,-73.873471467668,1,8.0,1.0,1,0,66.96277,0
-14774_8133,40.666918825396664,-73.87149009570334,3,12.666666666666666,0.6666666666666666,3,1,71.92815,1
-14774_8134,40.6731890170065,-73.87167623488651,4,28.25,0.25,4,1,75.14079,1
-14774_8135,40.67595892516678,-73.87205382611344,9,17.333333333333332,0.6666666666666666,8,1,76.05796,1
-14774_8136,40.68316958148453,-73.87216576144553,17,17.58823529411765,0.7647058823529411,11,1,70.76834,1
-14774_8137,40.68947593582,-73.873602778944,1,7.0,1.0,1,0,41.70736,0
-14774_8140,40.70263971876,-73.8722378646105,2,12.0,1.0,2,0,0.30395105,0
-14774_8141,40.708957094024285,-73.87072547402185,7,14.428571428571429,0.7142857142857143,5,0,0.09435033,0
-14774_8142,40.71320780297,-73.8741022867,1,12.0,1.0,1,0,0.098020755,0
-14774_8143,40.7184322257582,-73.87263352145581,5,15.4,0.6,4,0,0.040067032,0
-14774_8144,40.722556546195506,-73.8741513009935,2,17.0,0.5,2,0,0.053235516,0
-14774_8145,40.72665227126166,-73.87133960458168,3,11.333333333333334,1.0,3,0,0.14635609,0
-14774_8146,40.73398854932239,-73.87205565350888,36,15.258064516129032,0.5833333333333334,20,0,0.6510087,0
-14774_8148,40.742394162431175,-73.87390490580641,17,17.647058823529413,0.5882352941176471,8,0,1.874958,0
-14774_8149,40.74892276885269,-73.87180181251888,19,13.31578947368421,0.6842105263157895,8,0,6.1244936,0
-14774_8150,40.75176449885016,-73.87193150781734,45,13.186046511627907,0.7111111111111111,20,0,6.084351,0
-14774_8151,40.757374428186836,-73.87276987951833,12,15.2,0.5833333333333334,6,0,4.1300373,0
-14774_8152,40.7617081726884,-73.8724313201626,5,18.4,0.6,3,0,7.243204,0
-14774_8153,40.768397677944506,-73.87364556114599,2,10.0,1.0,2,0,8.658414,0
-14774_8154,40.77011370265,-73.87044539501,1,10.0,1.0,1,0,13.760763,0
-14774_8161,40.808312196311,-73.871856645862,3,9.0,0.6666666666666666,1,0,3.1504982,0
-14774_8164,40.82410359137357,-73.87346994554814,7,7.857142857142857,1.0,6,0,55.634872,0
-14774_8165,40.82933037771328,-73.87454712112057,7,12.5,0.42857142857142855,6,0,65.44415,0
-14774_8167,40.83567196081,-73.8703569944,1,7.0,1.0,1,0,66.44934,0
-14774_8168,40.840407004557,-73.873145047721,1,9.0,1.0,1,0,59.1094,0
-14774_8175,40.87889497430437,-73.8731038768595,8,22.428571428571427,0.375,8,0,78.245605,0
-14774_8179,40.8964251709,-73.87154745592,1,29.0,0.0,1,0,7.6460333,0
-14775_8130,40.652520792912,-73.87664482779721,5,12.8,0.8,5,0,70.24964,0
-14775_8132,40.661259077634995,-73.879479294603,2,27.0,0.0,2,0,71.070274,0
-14775_8133,40.667935285874,-73.879032815803,1,16.0,0.0,1,0,68.51388,0
-14775_8134,40.67454971825767,-73.87772053562834,3,7.666666666666667,0.6666666666666666,3,1,74.967316,1
-14775_8135,40.679707092662994,-73.8785138390855,2,6.0,1.0,2,0,70.12039,0
-14775_8136,40.68221151989746,-73.87776257945156,11,18.727272727272727,0.7272727272727273,6,2,71.30459,1
-14775_8140,40.702818965308,-73.87847033189966,3,11.0,0.6666666666666666,3,0,0.6846763,0
-14775_8142,40.71282213910592,-73.87832459403467,12,19.25,0.4166666666666667,10,0,0.29842687,0
-14775_8144,40.7247854264725,-73.8793793004435,4,22.25,0.25,4,0,0.0607329,0
-14775_8145,40.725676412747504,-73.8783773983415,2,23.0,0.5,2,0,0.10294798,0
-14775_8146,40.732767352475,-73.87692652558,1,11.0,0.0,1,0,0.7379267,0
-14775_8147,40.73700995465669,-73.87736196170327,26,13.12,0.6153846153846154,13,0,4.1655974,0
-14775_8148,40.74105210400352,-73.8790220677781,21,17.473684210526315,0.5238095238095238,9,0,1.0849794,0
-14775_8149,40.74829774109968,-73.87816164257838,34,16.484848484848484,0.6176470588235294,12,0,0.63735974,0
-14775_8150,40.75049491264246,-73.87680735353446,11,19.272727272727273,0.45454545454545453,6,0,1.0818096,0
-14775_8151,40.7561573552195,-73.878675267037,12,23.545454545454547,0.5,9,0,0.8484782,0
-14775_8152,40.76125565921782,-73.8775365634551,11,18.2,0.45454545454545453,8,0,3.3234828,0
-14775_8154,40.77441402977,-73.87729335185,5,5.6,1.0,5,0,24.74261,0
-14775_8161,40.80524764679,-73.876412712,1,9.0,1.0,1,0,1.180469,0
-14775_8162,40.81035473741,-73.87815162537,1,12.0,1.0,1,0,1.6047826,0
-14775_8165,40.82827177588319,-73.87735250185023,27,16.68,0.5185185185185185,14,1,62.366516,1
-14775_8166,40.832876820273,-73.8769524237446,5,15.0,0.8,4,0,66.02643,0
-14775_8167,40.83984590615629,-73.87675451394314,7,8.857142857142858,1.0,6,1,63.224476,1
-14775_8168,40.8408899694585,-73.879416445421,2,10.5,1.0,2,0,63.60356,0
-14775_8174,40.872831885019124,-73.87840718128517,24,12.916666666666666,0.7083333333333334,11,0,64.0669,0
-14775_8175,40.87759775926263,-73.87755685590813,8,14.875,0.75,5,0,74.19386,0
-14775_8176,40.8811485291072,-73.8785689028158,5,17.8,0.4,5,1,71.908264,1
-14775_8177,40.886034604379,-73.8787447347595,2,42.5,0.0,2,0,19.445492,0
-14775_8179,40.895537219313496,-73.876528133981,2,10.0,1.0,2,0,9.078243,0
-14776_8129,40.648037053002994,-73.88198654084,5,6.0,1.0,5,1,69.07851,1
-14776_8131,40.65937383071,-73.883870897222,1,2.0,1.0,1,0,71.27719,0
-14776_8133,40.66640441658158,-73.88274374347843,7,10.285714285714286,0.5714285714285714,6,0,64.21056,0
-14776_8134,40.672160996535666,-73.88222632632834,3,21.0,0.3333333333333333,2,0,69.541374,0
-14776_8135,40.67803667289133,-73.88180911984084,6,11.666666666666666,0.8333333333333334,4,0,68.140045,0
-14776_8136,40.6807710203955,-73.88212180653825,4,36.25,0.75,3,0,66.35126,0
-14776_8140,40.7020619350926,-73.8819460811741,10,13.9,0.8,6,0,0.43226397,0
-14776_8146,40.7344870813172,-73.8825530559956,5,21.0,0.4,4,0,1.0243516,0
-14776_8147,40.737092240311746,-73.88176530338042,12,20.0,0.4166666666666667,9,1,3.715737,1
-14776_8148,40.74265928818456,-73.8825931181115,30,19.0,0.36666666666666664,11,0,0.40984014,0
-14776_8149,40.74800072753606,-73.88341135908057,73,14.101449275362318,0.6301369863013698,18,0,0.187659,0
-14776_8150,40.750093101153375,-73.88092585244313,8,14.25,0.5,6,0,0.32544243,0
-14776_8151,40.75586858901624,-73.88265212970576,38,18.88888888888889,0.5,14,0,0.27451319,0
-14776_8152,40.7641067308845,-73.88183026401126,4,14.25,0.5,4,0,2.4172595,0
-14776_8153,40.767168960925,-73.88361362053,1,13.0,1.0,1,0,12.806183,0
-14776_8161,40.80965027249733,-73.88078637926533,3,5.666666666666667,1.0,3,0,1.6639475,0
-14776_8162,40.81245795914,-73.88417715544,1,12.0,1.0,1,0,3.5063457,0
-14776_8163,40.817653049355,-73.883470796457,1,12.0,1.0,1,0,6.274773,0
-14776_8165,40.82811367273183,-73.88140900479216,12,14.5,0.75,10,0,60.33679,0
-14776_8166,40.83164917506,-73.88145146771,1,25.0,0.0,1,0,65.436584,0
-14776_8167,40.836407668162,-73.8848978301958,5,7.0,1.0,5,0,62.41204,0
-14776_8168,40.84322788137775,-73.882813190157,4,12.75,0.75,2,0,61.578644,0
-14776_8169,40.846779458166,-73.88360028998234,3,12.666666666666666,0.6666666666666666,3,0,65.81796,0
-14776_8170,40.851848735259054,-73.88309130271124,17,8.176470588235293,0.7647058823529411,8,0,68.22669,0
-14776_8171,40.8577706364,-73.8839511860676,5,17.2,0.4,5,0,59.26699,0
-14776_8173,40.86746347678287,-73.8837632622005,8,22.0,0.625,6,0,29.54433,0
-14776_8174,40.874079281502404,-73.8844910211244,5,15.75,0.6,5,0,30.04387,0
-14776_8176,40.88139248628371,-73.88244236439967,27,14.777777777777779,0.7037037037037037,16,2,73.704155,1
-14776_8178,40.894861069039,-73.882162990185,1,9.0,1.0,1,0,2.214427,0
-14777_8126,40.633246602064226,-73.88884843191234,9,11.142857142857142,0.6666666666666666,7,1,89.50873,1
-14777_8130,40.653423309795336,-73.88677885851634,3,7.0,1.0,2,0,68.39004,0
-14777_8131,40.65666013011693,-73.8882692762504,15,15.266666666666667,0.6,10,1,73.17332,1
-14777_8132,40.66255686387289,-73.88662235605322,9,19.555555555555557,0.6666666666666666,6,3,73.13593,1
-14777_8134,40.67319426784,-73.88708764153,1,13.0,1.0,1,0,69.45886,0
-14777_8135,40.678734497320356,-73.88678567437685,14,18.76923076923077,0.5714285714285714,9,0,64.06739,0
-14777_8140,40.701092680059006,-73.8887316656126,5,15.8,0.6,4,0,0.073001094,0
-14777_8142,40.71219981527,-73.886628135923,1,12.0,1.0,1,0,0.07062581,0
-14777_8143,40.716615720983,-73.88619312284999,2,30.5,0.5,2,0,0.11604384,0
-14777_8144,40.72205519791,-73.88553261571,1,19.0,0.0,1,0,0.021639626,0
-14777_8146,40.730223396039,-73.88737670402826,4,18.75,0.5,4,0,0.020084076,0
-14777_8147,40.738400829012505,-73.8860745767085,2,25.5,0.0,2,0,0.07804534,0
-14777_8148,40.743524378416154,-73.8881391886303,13,18.923076923076923,0.46153846153846156,6,0,0.041095722,0
-14777_8149,40.74799273408953,-73.88766395614488,59,21.482758620689655,0.4915254237288136,20,0,0.032409485,0
-14777_8150,40.750911834014,-73.889254484113,1,9.0,1.0,1,0,0.08323821,0
-14777_8151,40.75560290157892,-73.88637440967413,24,17.82608695652174,0.4583333333333333,13,0,0.15754162,0
-14777_8152,40.7648011139676,-73.88613393283319,5,12.8,0.8,5,0,6.2466493,0
-14777_8161,40.807615972044,-73.889492105309,1,7.0,1.0,1,0,2.516382,0
-14777_8162,40.8130572323695,-73.8878808345415,4,11.0,1.0,4,0,2.6847596,0
-14777_8163,40.817569051679875,-73.88802317129688,8,15.875,0.625,5,0,6.6414843,0
-14777_8164,40.820586130947,-73.887931336205,1,25.0,0.0,1,0,18.885004,0
-14777_8165,40.8270360691575,-73.8877216915935,6,8.833333333333334,0.8333333333333334,5,1,52.991634,1
-14777_8166,40.832997804065,-73.885098891609,1,13.0,1.0,1,0,64.0042,0
-14777_8167,40.837432348867715,-73.88730293751016,7,9.285714285714286,0.8571428571428571,5,1,63.351788,1
-14777_8168,40.84338629716308,-73.88731812815101,13,14.0,0.6153846153846154,8,1,62.90813,1
-14777_8169,40.848157991577004,-73.88890400161733,3,15.0,0.6666666666666666,3,0,57.82659,0
-14777_8170,40.85379566861428,-73.88804590060204,43,13.523809523809524,0.5348837209302325,14,0,57.21913,0
-14777_8171,40.8562130552049,-73.88711743939105,38,10.756756756756756,0.6842105263157895,19,1,62.81228,1
-14777_8172,40.86127178133666,-73.88952069902325,12,7.833333333333333,0.9166666666666666,8,0,22.095852,0
-14777_8173,40.867577367596255,-73.887906118151,4,9.75,1.0,4,0,15.671867,0
-14777_8174,40.872835092106506,-73.88850464595986,14,19.615384615384617,0.5,10,0,19.17919,0
-14777_8175,40.876158657999,-73.88685493996034,6,10.666666666666666,0.8333333333333334,5,0,28.655043,0
-14778_8127,40.636894842613,-73.8931375528605,4,13.5,0.5,3,1,92.395256,1
-14778_8129,40.6484909208955,-73.89246123274799,2,9.0,1.0,2,0,71.71604,0
-14778_8130,40.65024002019637,-73.89099482652938,8,10.0,1.0,8,0,64.11981,0
-14778_8131,40.658302723493335,-73.890658274572,3,5.666666666666667,1.0,2,0,70.646515,0
-14778_8132,40.66262172121736,-73.89344548411873,11,13.909090909090908,0.7272727272727273,5,5,71.99893,1
-14778_8133,40.665519817938005,-73.8942305634515,2,12.0,0.5,2,0,70.04961,0
-14778_8134,40.67254175676225,-73.89141291232974,4,12.5,1.0,4,0,62.752403,0
-14778_8135,40.676984377938,-73.89187373217783,6,12.666666666666666,0.8333333333333334,6,0,59.38244,0
-14778_8136,40.680351227260005,-73.892752171305,2,7.5,1.0,2,0,59.241272,0
-14778_8139,40.697294514674,-73.8925354589455,2,8.5,1.0,2,0,0.06755444,0
-14778_8140,40.7012418210547,-73.8940542970722,10,15.5,0.7,7,0,0.026847795,0
-14778_8141,40.705765163664,-73.894299911482,1,21.0,0.0,1,0,0.02498678,0
-14778_8144,40.721837387655,-73.893054937639,1,51.0,0.0,1,0,0.011684958,0
-14778_8145,40.72720671304237,-73.89319249654348,19,18.473684210526315,0.42105263157894735,13,0,0.00743965,0
-14778_8147,40.7354448194,-73.8948047316,1,27.0,0.0,1,0,0.014802748,0
-14778_8148,40.740277920224,-73.894335164119,1,51.0,0.0,1,0,0.019303566,0
-14778_8149,40.747392816638275,-73.8918606462647,77,17.863013698630137,0.4675324675324675,22,0,0.025314817,0
-14778_8150,40.75243725702467,-73.8933902233179,9,15.333333333333334,0.7777777777777778,8,0,0.09481903,0
-14778_8151,40.758592056371995,-73.89212164765057,7,14.857142857142858,0.8571428571428571,7,0,1.0613754,0
-14778_8153,40.765717305294,-73.89238133026,1,12.0,1.0,1,0,21.089172,0
-14778_8154,40.771442186103336,-73.89361281455933,3,20.333333333333332,0.6666666666666666,3,1,61.033367,1
-14778_8161,40.809905673913,-73.890098791316,1,12.0,1.0,1,0,2.24978,0
-14778_8162,40.813081657953,-73.891883611257,2,10.5,0.0,1,0,5.412147,0
-14778_8163,40.8180001117935,-73.89223021473616,6,10.833333333333334,0.8333333333333334,5,0,11.53115,0
-14778_8164,40.822694799933224,-73.89217857165552,27,12.692307692307692,0.7777777777777778,13,0,24.918322,0
-14778_8165,40.826576532817,-73.89126416587317,6,22.0,0.5,5,0,56.808506,0
-14778_8166,40.83034741092,-73.89181024312,1,12.0,1.0,1,0,60.65216,0
-14778_8167,40.835824833929,-73.89067016562,1,4.0,1.0,1,0,62.065876,0
-14778_8168,40.844873862812996,-73.89027813910833,3,24.0,0.6666666666666666,3,0,53.81826,0
-14778_8169,40.84618994429009,-73.89304154273746,11,16.454545454545453,0.8181818181818182,8,1,43.816723,1
-14778_8170,40.85265086817275,-73.89298654297437,8,14.571428571428571,0.5,5,0,40.44032,0
-14778_8171,40.8575585127557,-73.89157926089311,10,11.6,0.7,8,0,31.134241,0
-14778_8172,40.86160296232688,-73.89231154613,32,13.4375,0.71875,16,1,18.74149,1
-14778_8173,40.8690811273985,-73.8908569065665,6,15.2,0.6666666666666666,4,0,5.543544,0
-14778_8174,40.870601634501,-73.891744495974,1,30.0,0.0,1,0,5.543544,0
-14778_8175,40.875021689756665,-73.89285822915734,3,19.666666666666668,0.3333333333333333,2,0,3.0674853,0
-14778_8176,40.882784266777,-73.893388133294,1,2.0,1.0,1,0,2.416091,0
-14779_8126,40.634828704537,-73.896877103744,1,26.0,0.0,1,0,88.69841,0
-14779_8127,40.63750025505125,-73.89709393497492,12,16.583333333333332,0.5833333333333334,6,6,93.94754,1
-14779_8128,40.642150947684996,-73.89901512592951,2,9.0,0.5,2,0,90.72185,0
-14779_8129,40.648415043358,-73.89727406722375,4,17.0,0.25,3,2,77.88157,1
-14779_8131,40.6571312960105,-73.89672714443151,2,12.5,1.0,1,0,76.328804,0
-14779_8132,40.662541164963,-73.898149713037,1,0.0,0.0,1,0,72.780785,0
-14779_8133,40.6687823577686,-73.897054376494,5,15.0,0.6,3,0,64.38513,0
-14779_8134,40.67261605098667,-73.89681363884667,3,12.0,1.0,3,1,63.089146,1
-14779_8135,40.677178929421714,-73.89712089485728,7,8.428571428571429,0.8571428571428571,6,0,58.272655,0
-14779_8139,40.698613970089006,-73.89922077891667,3,29.666666666666668,0.6666666666666666,2,0,0.028419718,0
-14779_8140,40.70160238372596,-73.8970895696077,24,15.25,0.6666666666666666,15,0,0.023852102,0
-14779_8141,40.707688436556325,-73.89762111998395,28,18.40740740740741,0.5,15,0,0.024072457,0
-14779_8142,40.71048423381,-73.89867853211699,7,18.166666666666668,0.42857142857142855,7,0,0.041616764,0
-14779_8144,40.724019319902,-73.89893688661967,3,12.666666666666666,0.3333333333333333,3,0,0.01627403,0
-14779_8145,40.726801974267254,-73.8952712232475,4,20.666666666666668,0.5,3,0,0.0050996076,0
-14779_8146,40.732911028569504,-73.89590204678899,2,11.0,1.0,2,0,0.011209677,0
-14779_8147,40.7367671084198,-73.8958555862346,5,14.4,0.6,3,0,0.013487581,0
-14779_8148,40.7424065641528,-73.89653313172259,5,16.75,0.6,4,0,0.012982443,0
-14779_8149,40.746701419806975,-73.89768615328227,41,19.94736842105263,0.5121951219512195,13,0,0.016298566,0
-14779_8150,40.75265746316667,-73.89673771332333,9,16.666666666666668,0.5555555555555556,5,0,0.09163111,0
-14779_8153,40.767921848229,-73.897453614109,2,11.5,1.0,2,0,61.56734,0
-14779_8161,40.80792109287,-73.89892339514,1,12.0,1.0,1,0,7.1221085,0
-14779_8162,40.814739933089,-73.899939006671,1,17.0,0.0,1,0,13.705627,0
-14779_8163,40.816522613084445,-73.89697342276479,9,24.11111111111111,0.6666666666666666,6,1,18.509953,1
-14779_8164,40.821752070587294,-73.8969942495513,10,14.6,0.7,8,0,33.794792,0
-14779_8165,40.8281310732294,-73.89754981227159,5,19.6,0.8,4,0,62.195023,0
-14779_8166,40.83237674613,-73.89685399870733,3,22.0,0.3333333333333333,3,0,68.310074,0
-14779_8168,40.8436181362985,-73.89770695017049,2,9.5,1.0,2,0,25.178095,0
-14779_8169,40.84719730669334,-73.897233961374,6,17.333333333333332,0.6666666666666666,4,0,14.59758,0
-14779_8170,40.85171699254825,-73.89906262882,4,13.25,0.75,4,0,10.103885,0
-14779_8171,40.85857776964466,-73.89916302846208,12,17.083333333333332,0.5833333333333334,9,0,3.1833014,0
-14779_8172,40.861913146017315,-73.89726041768792,25,20.347826086956523,0.52,14,0,4.2993026,0
-14779_8173,40.867209135802646,-73.89754919790047,17,13.823529411764707,0.7647058823529411,13,0,2.716358,0
-14779_8176,40.883972735526996,-73.8988630247012,5,13.0,0.8,2,0,0.922563,0
-14779_8177,40.889764571136716,-73.89823838573615,7,17.571428571428573,0.2857142857142857,6,0,2.8289316,0
-14779_8178,40.892088242792,-73.89721431750326,4,8.0,1.0,4,0,2.8289301,0
-14779_8180,40.9047079875335,-73.89668645936649,2,11.5,1.0,2,0,0.11008247,0
-14779_8181,40.905402633569,-73.8977145968575,4,14.0,0.5,4,0,0.11008247,0
-14780_8125,40.62729678505,-73.90289418312,1,22.0,0.0,1,0,25.837341,0
-14780_8126,40.6339882497,-73.90251691498,1,8.0,1.0,1,0,88.798325,0
-14780_8128,40.643526245222,-73.9023731835686,5,7.5,0.6,4,1,91.841354,1
-14780_8129,40.64668268084889,-73.90337317284713,9,12.444444444444445,0.7777777777777778,6,4,85.94149,1
-14780_8130,40.651028370051506,-73.901508077167,2,6.0,1.0,2,0,82.71417,0
-14780_8131,40.657254132175,-73.900608632382,1,13.0,1.0,1,0,80.36759,0
-14780_8133,40.668300603441,-73.902325988464,1,10.0,1.0,1,0,71.23883,0
-14780_8135,40.676569279990005,-73.90076540291,2,10.0,1.0,2,1,68.83393,1
-14780_8138,40.69383111108975,-73.90228664204925,4,25.25,0.0,2,0,0.062875405,0
-14780_8139,40.697766334747,-73.9029956302484,10,20.666666666666668,0.5,6,0,0.031933967,0
-14780_8140,40.702128129910925,-73.9023766941855,41,16.195121951219512,0.6829268292682927,20,0,0.012389755,0
-14780_8141,40.706957131297564,-73.90312809091729,7,11.333333333333334,0.5714285714285714,6,0,0.016207563,0
-14780_8142,40.71350199023182,-73.90108682707255,11,13.6,0.6363636363636364,8,0,0.026818633,0
-14780_8143,40.71605157619257,-73.90155746794385,7,11.333333333333334,0.7142857142857143,6,0,0.02554812,0
-14780_8144,40.722378401863445,-73.903359995345,9,16.555555555555557,0.6666666666666666,7,0,0.015264136,0
-14780_8145,40.729044489881666,-73.90045423844833,3,18.0,0.3333333333333333,1,0,0.006752139,0
-14780_8146,40.7314463398885,-73.9001331186465,2,34.5,0.5,2,0,0.007514746,0
-14780_8148,40.742389405342706,-73.902972624155,10,14.8,0.7,8,0,0.011104753,0
-14780_8149,40.74620923120565,-73.90278302437373,34,16.533333333333335,0.6764705882352942,20,0,0.011934181,0
-14780_8150,40.75224803005325,-73.90311195918225,4,22.5,0.75,4,0,0.029711172,0
-14780_8152,40.762607704791,-73.90288147476433,3,21.333333333333332,0.6666666666666666,1,0,24.157871,0
-14780_8153,40.769609306624005,-73.9014782541465,2,17.0,0.5,2,0,70.17265,0
-14780_8154,40.77161301633617,-73.9031360238005,6,12.166666666666666,0.8333333333333334,4,0,70.784706,0
-14780_8155,40.77676206046622,-73.9020968722829,9,12.857142857142858,0.6666666666666666,6,0,67.5459,0
-14780_8162,40.8124510364865,-73.90341130006286,14,10.642857142857142,0.7142857142857143,8,0,7.9088144,0
-14780_8163,40.81641530625811,-73.90226271162334,9,15.88888888888889,0.6666666666666666,6,0,27.209726,0
-14780_8164,40.821236133413464,-73.9014338985463,13,17.307692307692307,0.6153846153846154,10,0,38.47834,0
-14780_8165,40.828387215418,-73.903636641331,1,20.0,0.0,1,0,67.8013,0
-14780_8166,40.831682790347,-73.90222299532412,8,18.5,0.25,7,1,68.125374,1
-14780_8167,40.83588935252875,-73.902911092844,4,11.0,1.0,3,0,56.505596,0
-14780_8168,40.84310166379,-73.90271619287675,4,10.0,0.75,4,0,10.832843,0
-14780_8169,40.84747392932585,-73.90216282410907,13,13.153846153846153,0.6923076923076923,7,0,3.3245318,0
-14780_8170,40.852653753608095,-73.9030327399918,10,12.9,0.6,7,0,2.4537039,0
-14780_8171,40.85785280618196,-73.90217018537072,25,14.08695652173913,0.68,14,0,1.4852629,0
-14780_8172,40.862510224686964,-73.90215721735034,29,16.137931034482758,0.7241379310344828,12,0,1.907907,0
-14780_8173,40.86887484273854,-73.90218767259177,13,16.23076923076923,0.6153846153846154,7,0,0.3371799,0
-14780_8174,40.87250528195,-73.902699176757,2,16.0,0.5,2,0,0.4448988,0
-14780_8175,40.87884147105382,-73.90401164587837,22,14.590909090909092,0.6363636363636364,12,0,0.44280687,0
-14780_8176,40.88367250418174,-73.90144074292468,19,12.052631578947368,0.8947368421052632,12,0,0.922563,0
-14780_8177,40.88778607344167,-73.90269184684716,6,17.5,0.6666666666666666,2,0,1.1673232,0
-14780_8180,40.904590838712,-73.902400650832,1,9.0,1.0,1,0,0.10819462,0
-14780_8181,40.90631484712894,-73.90340745500744,16,16.75,0.625,8,0,0.10819462,0
-14780_8182,40.9117904443608,-73.9026584883752,5,13.2,0.8,3,0,0.11008247,0
-14781_8118,40.592162348606,-73.908141159255,1,11.0,1.0,1,0,0.2027618,0
-14781_8123,40.619494783195,-73.907941305446,1,10.0,1.0,1,0,11.918487,0
-14781_8124,40.6207160635985,-73.906071885889,2,10.5,1.0,2,0,9.31962,0
-14781_8127,40.639850370515504,-73.9065727249735,2,18.0,0.5,2,0,93.80416,0
-14781_8128,40.641860151979,-73.9063076072444,5,14.2,0.8,5,1,90.26433,1
-14781_8130,40.654709683261,-73.907106851871,1,12.0,1.0,1,0,87.97718,0
-14781_8131,40.65739571282575,-73.90828345440625,4,12.75,0.5,4,1,89.33834,1
-14781_8132,40.66324835541817,-73.9089644349385,6,15.833333333333334,0.8333333333333334,5,1,89.62538,1
-14781_8133,40.66886594664071,-73.90769202997677,17,15.0625,0.6470588235294118,10,2,79.25975,1
-14781_8134,40.670238157835,-73.90697158456,2,6.5,1.0,2,0,74.17732,0
-14781_8135,40.67783413194275,-73.90842377776525,4,11.0,0.25,4,0,74.43502,0
-14781_8136,40.683002305316805,-73.9091534482692,5,15.2,0.8,5,0,45.778595,0
-14781_8137,40.688193783408714,-73.907309314468,7,15.428571428571429,0.7142857142857143,6,0,10.870929,0
-14781_8138,40.69171023216329,-73.90755788584886,14,11.928571428571429,0.5714285714285714,12,0,3.1154478,0
-14781_8139,40.698061736719495,-73.90735568024304,26,17.72,0.6153846153846154,13,0,0.03572556,0
-14781_8140,40.70202406458391,-73.90747322281707,44,14.357142857142858,0.7272727272727273,15,0,0.0178922,0
-14781_8141,40.70688540337878,-73.9070619284709,9,18.5,0.4444444444444444,7,0,0.008672198,0
-14781_8142,40.712532343229775,-73.90652318586815,13,11.923076923076923,0.7692307692307693,8,0,0.050247416,0
-14781_8144,40.720182227249,-73.905482032573,1,7.0,1.0,1,0,0.029198075,0
-14781_8145,40.7265450786335,-73.90776361933659,10,15.3,0.9,7,0,0.03293112,0
-14781_8148,40.7429572194555,-73.9075246464525,2,24.5,0.0,2,0,0.016479699,0
-14781_8149,40.74549321933812,-73.90626859663962,16,15.533333333333333,0.625,12,0,0.022348452,0
-14781_8150,40.752650425019446,-73.90781434748034,9,18.88888888888889,0.7777777777777778,6,0,0.039611824,0
-14781_8151,40.7571434362945,-73.907414645825,2,16.0,0.0,2,0,1.5812774,0
-14781_8152,40.76145915854023,-73.90874870469969,13,14.615384615384615,0.6923076923076923,10,0,5.506227,0
-14781_8153,40.7681088482407,-73.90756146346459,10,19.4,0.6,9,0,69.20511,0
-14781_8154,40.77347574402915,-73.90805107964806,34,16.09090909090909,0.6764705882352942,18,1,73.465126,1
-14781_8155,40.77575078227771,-73.90951955148688,17,12.529411764705882,0.6470588235294118,11,0,61.206333,0
-14781_8161,40.807212498619,-73.908193618584,1,40.0,0.0,1,0,4.1091485,0
-14781_8162,40.81268207807671,-73.90733037627085,7,13.571428571428571,0.7142857142857143,6,0,12.472401,0
-14781_8163,40.816551663085995,-73.90726723549066,6,11.333333333333334,0.8333333333333334,4,0,27.402895,0
-14781_8164,40.8238116114038,-73.9092195411451,10,16.5,0.7,6,1,65.807686,1
-14781_8165,40.8265579669565,-73.90712436370251,4,14.0,0.5,4,0,67.53931,0
-14781_8166,40.83189909024,-73.90695065614175,4,11.75,1.0,4,0,68.46242,0
-14781_8167,40.837253778227335,-73.90714248860434,3,24.666666666666668,0.3333333333333333,3,1,40.337234,1
-14781_8168,40.844763975368,-73.9083374919026,5,16.6,0.6,5,0,1.76524,0
-14781_8169,40.8471525822672,-73.9078231000502,5,21.2,0.4,5,0,2.2473693,0
-14781_8170,40.852972566021194,-73.90788871966438,31,14.166666666666666,0.6774193548387096,14,0,0.24708621,0
-14781_8171,40.8580987764625,-73.90614565667066,6,31.5,0.5,4,0,0.7098424,0
-14781_8172,40.862399781542,-73.90786046259599,3,11.333333333333334,1.0,3,0,0.31173712,0
-14781_8174,40.8737482272735,-73.90761055940187,8,12.625,0.625,7,0,0.54498565,0
-14781_8175,40.878120265453504,-73.90622735826761,18,14.555555555555555,0.7222222222222222,12,0,0.2108624,0
-14781_8176,40.880635021432504,-73.90836668322088,8,16.571428571428573,0.5,6,0,0.39793676,0
-14781_8177,40.88662601950618,-73.90806074589334,27,14.185185185185185,0.7037037037037037,16,0,0.65490764,0
-14781_8181,40.90599256381833,-73.90692430467334,3,10.0,1.0,2,0,0.108194664,0
-14782_8112,40.56206500336666,-73.91188366627667,3,9.666666666666666,1.0,2,0,0.08310616,0
-14782_8120,40.60260308714,-73.91467008226,1,12.0,1.0,1,0,1.1612766,0
-14782_8121,40.60865230773,-73.91428056082,1,13.0,0.0,1,0,1.6429673,0
-14782_8122,40.61318042978287,-73.91234913888775,8,19.75,0.5,6,0,3.6285062,0
-14782_8123,40.616738778765395,-73.9118323236828,5,20.6,0.6,5,0,5.9529386,0
-14782_8126,40.634629215199,-73.91462537076733,3,9.666666666666666,0.6666666666666666,3,0,90.78123,0
-14782_8127,40.635946097838,-73.9126805328555,16,13.75,0.8125,9,5,89.978065,1
-14782_8128,40.64397868915,-73.91378637169,2,18.5,0.5,2,0,92.8698,0
-14782_8129,40.64650121529986,-73.91310332748014,7,10.714285714285714,0.7142857142857143,6,2,95.295456,1
-14782_8130,40.65415603492,-73.91158376035,1,3.0,1.0,1,0,94.08619,0
-14782_8131,40.656757210965665,-73.91404190705633,3,2.3333333333333335,0.3333333333333333,2,2,93.78464,1
-14782_8133,40.669314669491,-73.91166868365069,13,14.461538461538462,0.6153846153846154,10,2,84.800835,1
-14782_8134,40.6726047757424,-73.9122816278138,5,14.0,0.8,5,1,79.698,1
-14782_8135,40.6782896168052,-73.9113811123683,10,14.1,0.8,6,2,78.979996,1
-14782_8136,40.683440236801374,-73.91224292394375,8,16.0,0.625,7,0,52.372902,0
-14782_8137,40.6854967461756,-73.912679989758,5,10.25,0.8,5,0,34.788982,0
-14782_8138,40.693945799128095,-73.91122525243982,11,18.181818181818183,0.45454545454545453,7,0,1.112654,0
-14782_8139,40.698979053272,-73.91249451025229,24,19.782608695652176,0.5,15,0,0.1556142,0
-14782_8140,40.70195178173991,-73.91249083797526,32,14.64516129032258,0.71875,15,0,0.12826127,0
-14782_8141,40.7068631618685,-73.912327844996,8,13.625,0.75,6,0,0.036452368,0
-14782_8142,40.713955468435834,-73.91328069054701,6,13.2,0.6666666666666666,5,0,0.060076848,0
-14782_8143,40.715178123604666,-73.913087301481,3,30.666666666666668,0.6666666666666666,3,0,0.060076848,0
-14782_8144,40.723194651715,-73.9124496645085,2,23.0,0.0,2,0,0.07611739,0
-14782_8145,40.726448368073,-73.912180192693,2,28.0,0.0,2,0,0.18009621,0
-14782_8148,40.7445009749678,-73.91136451467393,15,17.692307692307693,0.4,9,0,0.02451492,0
-14782_8149,40.7465717763476,-73.9134798666568,10,17.8,0.5,8,0,0.017295275,0
-14782_8150,40.75342575741016,-73.91431853061242,12,15.545454545454545,0.5833333333333334,8,0,0.16695705,0
-14782_8151,40.7569983413775,-73.91377549890107,12,13.5,0.5833333333333334,10,0,1.5677681,0
-14782_8152,40.762812824179235,-73.91268437585094,17,22.88235294117647,0.5294117647058824,13,0,8.959886,0
-14782_8153,40.76742449381083,-73.9121128282319,57,18.660714285714285,0.49122807017543857,19,2,70.5336,1
-14782_8154,40.774348975033405,-73.91303050480374,27,17.923076923076923,0.5555555555555556,19,0,63.714195,0
-14782_8155,40.77595662125679,-73.91155230384832,28,15.384615384615385,0.6428571428571429,18,0,61.91085,0
-14782_8156,40.781926920101,-73.914081910257,1,4.0,1.0,1,0,50.085896,0
-14782_8160,40.802328335183,-73.9122155222846,5,15.6,0.6,3,0,1.3896544,0
-14782_8161,40.8061610360945,-73.9132106715295,4,11.5,1.0,4,0,5.756209,0
-14782_8162,40.8146814958695,-73.9142219041775,4,13.0,0.75,4,0,31.866339,0
-14782_8163,40.8178350036795,-73.91214406967299,2,13.0,1.0,1,0,43.101166,0
-14782_8164,40.822448425809995,-73.91247870283945,11,11.454545454545455,0.7272727272727273,8,0,67.86264,0
-14782_8166,40.8324175311334,-73.9128597591023,10,10.5,0.8,7,1,71.0077,1
-14782_8167,40.838401959856,-73.91295390767466,15,11.2,0.7333333333333333,10,0,13.159291,0
-14782_8168,40.844035506459996,-73.91340699737499,11,13.5,0.7272727272727273,9,0,1.5433165,0
-14782_8169,40.847832411226335,-73.91232935784956,9,20.88888888888889,0.4444444444444444,7,0,0.677796,0
-14782_8170,40.85298134284515,-73.91260688884329,7,16.857142857142858,0.14285714285714285,4,0,0.13017562,0
-14782_8172,40.8622194059,-73.91115785116,1,11.0,1.0,1,0,0.06472273,0
-14782_8174,40.87320344227367,-73.91189155426001,3,16.0,0.6666666666666666,3,0,0.22072561,0
-14782_8177,40.885654717162,-73.91046458060075,4,14.75,0.75,4,0,0.6781207,0
-14782_8180,40.901621203607,-73.91285224240599,2,6.5,0.5,1,0,0.14557011,0
-14783_8120,40.603138745574,-73.915241987149,1,35.0,0.0,1,0,1.6505172,0
-14783_8123,40.61899275316756,-73.91729003035918,16,15.8125,0.8125,11,0,33.23173,0
-14783_8124,40.623108025301285,-73.91762955660258,7,8.5,0.8571428571428571,7,0,56.65791,0
-14783_8125,40.6256545197038,-73.9179028564408,5,12.25,0.6,5,0,68.43939,0
-14783_8126,40.6322457720658,-73.9185749232945,10,11.11111111111111,0.5,6,2,88.08106,1
-14783_8127,40.63860461793967,-73.91909535183567,6,11.666666666666666,0.5,5,2,94.27846,1
-14783_8128,40.6418404213355,-73.9174212357365,2,24.5,0.5,2,1,95.242355,1
-14783_8129,40.64959492442,-73.91618818195,1,12.0,1.0,1,0,96.56858,0
-14783_8130,40.6531762971775,-73.9182595151195,4,9.5,1.0,3,2,96.06557,1
-14783_8131,40.65717475503373,-73.91618288688026,11,18.454545454545453,0.7272727272727273,7,4,95.930466,1
-14783_8132,40.661444752247,-73.91577315048134,3,14.666666666666666,0.6666666666666666,2,1,94.834,1
-14783_8133,40.66867245774934,-73.91801095231399,9,14.88888888888889,0.7777777777777778,8,2,91.326385,1
-14783_8134,40.673065597265506,-73.918182802319,2,10.5,1.0,2,1,85.791565,1
-14783_8135,40.6776735768635,-73.91748131059549,2,8.5,1.0,2,0,84.632164,0
-14783_8136,40.6829449703808,-73.91831951019319,5,15.6,0.6,4,0,71.81695,0
-14783_8137,40.68669402428575,-73.91649324501334,12,15.083333333333334,0.75,9,0,44.2862,0
-14783_8138,40.69216854665066,-73.91786297823633,3,16.666666666666668,0.6666666666666666,3,0,17.868223,0
-14783_8139,40.69894421376875,-73.91735130909422,28,14.178571428571429,0.7142857142857143,18,0,1.5422988,0
-14783_8140,40.7028721888856,-73.91810314833448,35,15.542857142857143,0.6,15,0,0.4616276,0
-14783_8141,40.7065109979102,-73.9174985155816,5,7.0,0.8,5,0,0.17687742,0
-14783_8142,40.7127220429125,-73.91811225619901,2,5.5,1.0,2,0,0.2524501,0
-14783_8143,40.717369892726,-73.91945029785799,2,18.5,0.5,2,0,0.72603786,0
-14783_8145,40.7299804902605,-73.919110268082,2,13.0,1.0,2,0,0.41639066,0
-14783_8147,40.739563276020505,-73.918315521146,2,35.0,0.0,2,0,0.024475358,0
-14783_8148,40.74263520319871,-73.91819692580421,48,18.872340425531913,0.5833333333333334,23,0,0.027748175,0
-14783_8149,40.74634227577963,-73.91666968870254,11,14.818181818181818,0.6363636363636364,8,0,0.017741343,0
-14783_8150,40.754710995589335,-73.916807380843,3,21.666666666666668,0.6666666666666666,3,0,0.21037604,0
-14783_8151,40.75805489357318,-73.91829544483143,39,19.228571428571428,0.48717948717948717,19,0,0.9739709,0
-14783_8152,40.76303980306766,-73.91681139586213,47,16.956521739130434,0.6170212765957447,24,0,6.8977313,0
-14783_8153,40.76611941710297,-73.91840725293284,32,17.225806451612904,0.5625,21,0,21.795107,0
-14783_8154,40.7719325587536,-73.9180045143279,10,12.6,0.7,10,0,52.099274,0
-14783_8155,40.77659638680329,-73.91537110522385,7,17.142857142857142,0.5714285714285714,5,0,56.474514,0
-14783_8156,40.780814254518496,-73.91733853762075,4,10.25,1.0,3,0,48.965683,0
-14783_8161,40.80741903127873,-73.91850359551961,29,22.51851851851852,0.4827586206896552,11,0,11.695542,0
-14783_8162,40.814023750587666,-73.91811059163992,12,15.166666666666666,0.75,7,0,47.533867,0
-14783_8163,40.81706893861211,-73.91743095937902,47,15.152173913043478,0.6808510638297872,18,1,69.049194,1
-14783_8164,40.82104240951925,-73.91698216809226,4,15.5,0.25,4,0,70.01502,0
-14783_8165,40.826792357003086,-73.91817699338192,12,14.2,0.5833333333333334,11,0,69.69054,0
-14783_8166,40.83343626245938,-73.91805221810607,13,15.083333333333334,0.6153846153846154,10,1,61.582237,1
-14783_8167,40.83834219857204,-73.91801037234366,23,14.652173913043478,0.5652173913043478,11,0,16.070675,0
-14783_8168,40.840812744646115,-73.91746909829122,9,17.88888888888889,0.5555555555555556,5,0,7.8923426,0
-14783_8169,40.84783261136427,-73.91766220196618,11,12.2,0.7272727272727273,7,0,0.56404537,0
-14783_8170,40.8511796696652,-73.9156989616436,5,14.0,0.8,4,0,0.30976966,0
-14783_8172,40.86355691861925,-73.91916173599074,20,18.944444444444443,0.45,9,0,0.057410803,0
-14783_8173,40.86732968381745,-73.91818604030205,22,15.80952380952381,0.5909090909090909,10,0,0.058347534,0
-14783_8174,40.871764421019996,-73.91620791942259,5,7.8,0.8,4,0,0.47295833,0
-14783_8175,40.87875137075633,-73.91667447918167,3,19.666666666666668,0.3333333333333333,3,0,1.0381067,0
-14784_8112,40.56148768865,-73.92064307971,1,13.0,1.0,1,0,0.08310616,0
-14784_8117,40.58612733155,-73.92418877294,1,12.0,1.0,1,0,0.6485455,0
-14784_8121,40.6097715359545,-73.92235623115317,18,23.88888888888889,0.4444444444444444,12,0,4.0870495,0
-14784_8122,40.61131184492533,-73.92173435659267,6,13.666666666666666,0.5,5,0,11.070101,0
-14784_8123,40.61919058610614,-73.92292482526658,7,12.571428571428571,0.7142857142857143,6,1,72.25656,1
-14784_8124,40.6239335195355,-73.92139528314149,2,10.0,1.0,2,0,78.87638,0
-14784_8125,40.62926766619,-73.92291648025551,2,12.0,1.0,2,0,88.271385,0
-14784_8126,40.630789439357,-73.920596380874,2,20.0,0.0,2,0,86.40824,0
-14784_8127,40.635491994482,-73.923703724061,1,2.0,0.0,1,1,94.36713,1
-14784_8128,40.6448843368375,-73.92223714018576,4,11.0,1.0,3,2,95.76712,1
-14784_8129,40.647331980345,-73.92021266180001,2,12.5,1.0,2,1,95.0655,1
-14784_8130,40.65233906388567,-73.92311256493001,3,8.0,1.0,3,1,96.164696,1
-14784_8131,40.657169085505004,-73.92397077909,2,8.5,0.5,2,1,95.98053,1
-14784_8132,40.66311203708543,-73.92239631844885,14,12.461538461538462,0.7857142857142857,7,7,95.660416,1
-14784_8133,40.66599389267929,-73.92243695045529,7,10.0,1.0,6,1,93.50363,1
-14784_8134,40.672157210449,-73.92299950877467,3,8.0,0.6666666666666666,1,0,92.83146,0
-14784_8135,40.678157554070715,-73.92241708416614,7,15.571428571428571,0.7142857142857143,7,0,87.29383,0
-14784_8136,40.68265106159657,-73.92228719490471,7,19.285714285714285,0.42857142857142855,7,1,84.044655,1
-14784_8137,40.68696854699626,-73.9224181747734,15,23.8,0.4666666666666667,10,2,83.94736,1
-14784_8138,40.691254259207334,-73.9240813974245,6,39.333333333333336,0.6666666666666666,6,0,70.375374,0
-14784_8139,40.69827407493315,-73.92265650748453,13,20.384615384615383,0.38461538461538464,9,0,7.7027416,0
-14784_8140,40.702278720754975,-73.92263662570637,40,17.6,0.675,20,0,2.7457232,0
-14784_8141,40.70639598247648,-73.92236912687196,46,13.177777777777777,0.6739130434782609,18,0,2.240581,0
-14784_8142,40.71153764267143,-73.92316441616715,7,18.142857142857142,0.42857142857142855,2,0,1.3334153,0
-14784_8145,40.72669757954,-73.92284845603,1,7.0,1.0,1,0,1.5233842,0
-14784_8147,40.739424080294704,-73.9214273926932,10,13.3,0.9,8,0,0.024870483,0
-14784_8148,40.74278741900602,-73.92274112619464,52,16.085106382978722,0.5576923076923077,22,0,0.034409475,0
-14784_8149,40.74632210342989,-73.92250085208455,9,12.88888888888889,0.6666666666666666,8,0,0.011590697,0
-14784_8150,40.75348339469067,-73.9223565198905,12,11.454545454545455,0.6666666666666666,10,0,0.18531273,0
-14784_8151,40.75731996988222,-73.92185787326875,32,15.75,0.6875,19,0,1.4253687,0
-14784_8152,40.76185130431234,-73.92267188500988,51,17.9375,0.49019607843137253,23,0,4.5931215,0
-14784_8153,40.76742569798554,-73.92222894851633,39,15.08108108108108,0.6410256410256411,19,1,35.216835,1
-14784_8154,40.77112204159146,-73.92168674200353,15,18.6,0.6,9,0,50.03991,0
-14784_8155,40.77679666355667,-73.92130621615733,3,17.0,0.6666666666666666,3,0,53.263916,0
-14784_8158,40.794827213161,-73.921696544711,1,50.0,0.0,1,0,11.932441,0
-14784_8160,40.803002914439,-73.920377513853,2,21.0,0.5,1,0,4.08187,0
-14784_8161,40.80922794878,-73.9232196333705,18,15.75,0.6111111111111112,12,0,27.97781,0
-14784_8162,40.81179402224188,-73.92293864928362,8,14.428571428571429,0.5,6,0,30.867306,0
-14784_8163,40.81732654887405,-73.92245550892676,21,14.619047619047619,0.6190476190476191,15,1,72.75942,1
-14784_8164,40.823961697978,-73.924299768192,1,18.0,0.0,1,0,69.64668,0
-14784_8165,40.827222494370666,-73.92301114023586,15,17.307692307692307,0.4,11,1,73.85613,1
-14784_8166,40.8314230613,-73.92192794507,2,11.0,1.0,2,0,61.385822,0
-14784_8167,40.83633223738293,-73.92210985092767,15,13.4,0.8,11,0,35.776207,0
-14784_8168,40.84139355473522,-73.92250371495145,9,16.5,0.6666666666666666,7,0,16.866224,0
-14784_8169,40.84600107025,-73.9209583710145,2,14.5,0.5,2,0,0.8981935,0
-14784_8170,40.85268259151,-73.92017864847,1,12.0,1.0,1,0,0.11004044,0
-14784_8172,40.86237080680853,-73.92294473190039,15,18.285714285714285,0.5333333333333333,9,0,0.039775327,0
-14784_8173,40.86720179814264,-73.92163531340515,33,15.636363636363637,0.6666666666666666,17,0,0.06940498,0
-14785_8117,40.58580351486,-73.92856707881899,2,2.0,0.5,2,0,0.34515715,0
-14785_8118,40.593220087408,-73.92557595790075,4,14.25,0.75,3,0,0.7566191,0
-14785_8122,40.6133004288064,-73.926249699728,5,18.8,0.4,4,0,55.75229,0
-14785_8123,40.61817878792844,-73.92889328613455,9,14.333333333333334,0.5555555555555556,7,1,69.07406,1
-14785_8124,40.620414326792,-73.927045803626,1,30.0,0.0,1,1,79.66975,1
-14785_8125,40.6266444203314,-73.927882667909,5,13.0,0.4,3,3,90.883606,1
-14785_8126,40.6322890064789,-73.9286612376324,10,16.0,0.4,9,0,90.63345,0
-14785_8127,40.637786136843,-73.92803562299221,5,11.2,0.8,3,3,95.66815,1
-14785_8128,40.643594080586,-73.92859565337034,6,15.2,0.5,3,4,96.58193,1
-14785_8129,40.645208697007334,-73.92969177638066,6,11.333333333333334,0.5,4,2,96.43497,1
-14785_8130,40.652211829371666,-73.92721951974812,9,24.0,0.6666666666666666,4,6,96.72183,1
-14785_8131,40.656803787209,-73.927840208109,2,7.0,1.0,2,1,96.269844,1
-14785_8132,40.662699074794,-73.92633856190866,3,12.666666666666666,0.6666666666666666,2,1,96.120224,1
-14785_8134,40.6704028557935,-73.9279642289455,2,12.5,1.0,2,0,93.919815,0
-14785_8135,40.67928302117,-73.92923809585,1,5.0,1.0,1,0,87.57598,0
-14785_8136,40.68296616683688,-73.92851111511096,24,13.5,0.7083333333333334,15,1,86.14904,1
-14785_8137,40.686009868908286,-73.92891309699529,7,9.333333333333334,0.7142857142857143,5,0,84.91614,0
-14785_8138,40.692918441896886,-73.92799348837065,17,19.352941176470587,0.6470588235294118,8,1,80.99434,1
-14785_8139,40.69835634194969,-73.92737158358854,13,16.923076923076923,0.6153846153846154,8,0,49.485176,0
-14785_8140,40.70231257007009,-73.92754663197452,42,17.536585365853657,0.6190476190476191,16,0,19.555002,0
-14785_8141,40.7069643972316,-73.92802337701701,5,12.0,0.4,5,0,15.715355,0
-14785_8145,40.727627457567,-73.926108972301,1,7.0,1.0,1,0,4.0578256,0
-14785_8147,40.73800525234367,-73.92875568684667,3,32.333333333333336,0.0,3,0,0.042286567,0
-14785_8148,40.743234307078524,-73.92670562484076,21,16.75,0.6666666666666666,14,0,0.03182798,0
-14785_8149,40.7466058304668,-73.9269366635506,5,12.8,0.6,2,0,0.031667143,0
-14785_8150,40.753154845794,-73.927809425352,1,31.0,0.0,1,0,0.30301243,0
-14785_8151,40.75704153505777,-73.92789403312473,44,19.204545454545453,0.5909090909090909,20,0,2.179416,0
-14785_8152,40.762388720325575,-73.92644685365796,28,16.653846153846153,0.6428571428571429,20,0,7.8164086,0
-14785_8153,40.7678871558535,-73.92753075295175,4,16.25,0.5,4,0,45.680294,0
-14785_8154,40.77207137580134,-73.92727159717894,15,18.266666666666666,0.5333333333333333,12,0,42.647213,0
-14785_8157,40.789584594818,-73.929972684155,1,12.0,1.0,1,0,37.150784,0
-14785_8161,40.807089581169926,-73.92730889941608,13,16.76923076923077,0.46153846153846156,6,0,49.731834,0
-14785_8162,40.8113615072535,-73.92787880609713,8,13.0,0.625,7,1,65.759705,1
-14785_8163,40.819198059601916,-73.92753017602446,13,16.076923076923077,0.6923076923076923,9,0,75.885506,0
-14785_8164,40.823925670663,-73.928032247651,1,10.0,1.0,1,0,70.49666,0
-14785_8165,40.828608881574134,-73.92781693203129,60,6.833333333333333,0.9166666666666666,12,1,72.944,1
-14785_8166,40.834040121864,-73.92816581780666,3,7.666666666666667,1.0,3,0,60.150593,0
-14785_8167,40.83638560512167,-73.92760070799933,3,16.0,0.6666666666666666,3,0,57.219685,0
-14785_8168,40.840592744733,-73.925321633436,2,15.5,0.5,2,0,11.449735,0
-14785_8170,40.85212154619887,-73.92892835900862,8,9.0,1.0,4,0,0.084556684,0
-14785_8171,40.85564762322012,-73.92912745459824,8,22.5,0.25,6,0,0.08080078,0
-14785_8172,40.86270184643619,-73.92667219791562,37,15.45945945945946,0.6216216216216216,15,0,0.08852674,0
-14785_8173,40.86593204138587,-73.9274905698732,15,15.466666666666667,0.6666666666666666,8,0,0.106415644,0
-14786_8115,40.578489686498,-73.934899899994,2,10.0,1.0,2,0,0.32620248,0
-14786_8117,40.586124896517,-73.93119673473251,2,6.0,1.0,2,0,0.17247438,0
-14786_8118,40.59435177089,-73.930156614832,1,0.0,0.0,1,0,1.7738458,0
-14786_8119,40.597266578802504,-73.9321880421555,2,2.0,1.0,2,0,6.784354,0
-14786_8120,40.60102781234,-73.9341460986016,5,8.6,1.0,5,0,11.145021,0
-14786_8121,40.609183086322204,-73.9322018358082,5,13.4,0.6,4,0,35.798878,0
-14786_8123,40.618235545928464,-73.93185162165679,15,12.2,0.7333333333333333,11,0,74.06244,0
-14786_8124,40.620293883676,-73.934392493999,2,26.5,0.0,1,0,78.28204,0
-14786_8126,40.633290513253,-73.93373055051534,3,16.666666666666668,0.6666666666666666,2,2,92.061165,1
-14786_8127,40.635470642596,-73.933482180256,1,9.0,1.0,1,0,92.095795,0
-14786_8128,40.641910973140995,-73.932964065509,2,27.0,0.0,2,1,95.00654,1
-14786_8129,40.649628993124,-73.9301543833455,2,32.5,0.5,2,1,97.91733,1
-14786_8130,40.651630517224234,-73.93173760770746,30,13.827586206896552,0.6333333333333333,8,19,98.373566,1
-14786_8131,40.65677092051315,-73.93081492643128,7,8.142857142857142,0.8571428571428571,4,4,97.13666,1
-14786_8132,40.66229539999262,-73.93171911928447,13,16.0,0.5384615384615384,3,7,96.54112,1
-14786_8133,40.66769389640081,-73.931356276784,21,12.904761904761905,0.8095238095238095,11,9,95.194855,1
-14786_8134,40.67136193802745,-73.93166870027795,22,14.5,0.5909090909090909,10,8,94.80584,1
-14786_8135,40.676745496523665,-73.932319647822,6,9.5,0.8333333333333334,5,1,89.93439,1
-14786_8136,40.682859535322834,-73.93396653617233,6,13.333333333333334,0.5,5,0,87.135605,0
-14786_8137,40.6895121188585,-73.9303684633875,2,13.0,1.0,2,0,81.923904,0
-14786_8138,40.69394499931625,-73.9310548443085,8,14.375,0.5,6,1,83.61902,1
-14786_8139,40.696962478828716,-73.93356862243995,21,19.857142857142858,0.6666666666666666,12,1,81.926895,1
-14786_8140,40.703535426140604,-73.932314909464,23,16.47826086956522,0.7391304347826086,14,1,67.31334,1
-14786_8141,40.706049942481634,-73.93278619952791,11,13.636363636363637,0.45454545454545453,6,0,50.810387,0
-14786_8142,40.71400756196625,-73.9333755478535,4,18.25,0.75,3,0,13.012369,0
-14786_8143,40.71547016759,-73.933939522,1,46.0,0.0,1,0,13.086349,0
-14786_8145,40.725719072175,-73.933835519028,1,13.0,1.0,1,0,4.2532854,0
-14786_8147,40.73596885581534,-73.93369058247633,3,17.333333333333332,0.6666666666666666,3,0,0.1286888,0
-14786_8148,40.743911139357664,-73.932653541259,6,11.833333333333334,0.8333333333333334,5,0,0.050706446,0
-14786_8149,40.745909100298,-73.93304126964449,2,5.5,1.0,2,0,0.07293302,0
-14786_8150,40.75375294208141,-73.93304868637934,12,15.916666666666666,0.75,8,0,1.2800266,0
-14786_8151,40.757186569739616,-73.93141489297601,13,17.923076923076923,0.6923076923076923,10,0,5.3194423,0
-14786_8152,40.763442094620835,-73.932127726713,6,12.833333333333334,0.5,5,0,26.332315,0
-14786_8153,40.766620890045836,-73.93158866678009,12,13.363636363636363,0.6666666666666666,6,0,37.034245,0
-14786_8154,40.772060318461,-73.9327820173925,4,19.25,0.75,4,0,47.313435,0
-14786_8158,40.793921210763,-73.934468118242,1,9.0,1.0,1,0,58.557255,0
-14786_8159,40.79721046006846,-73.93370862762384,13,16.583333333333332,0.5384615384615384,9,0,54.521595,0
-14786_8160,40.802419977460396,-73.9343369118238,5,10.0,0.8,4,0,74.59825,0
-14786_8161,40.8084084609045,-73.93059218968101,4,11.0,0.5,3,0,55.73707,0
-14786_8164,40.821590801141305,-73.93084828470039,10,5.1,0.3,9,0,76.36772,0
-14786_8169,40.848368678579654,-73.933247713323,23,16.772727272727273,0.5217391304347826,11,0,0.21135943,0
-14786_8170,40.85252395912556,-73.93229811128968,32,15.161290322580646,0.5625,14,0,0.19023798,0
-14786_8171,40.85674543578883,-73.932606311581,6,12.4,0.5,4,0,0.046624992,0
-14786_8173,40.866974912946,-73.93084538724867,3,28.333333333333332,0.3333333333333333,3,0,0.17230864,0
-14787_8115,40.578384675327,-73.938582667448,1,0.0,0.0,1,0,0.46632722,0
-14787_8116,40.583916487585,-73.938028533869,2,5.0,1.0,1,0,0.21381523,0
-14787_8118,40.591569671401665,-73.93851162595467,3,22.666666666666668,0.6666666666666666,3,0,0.36525354,0
-14787_8119,40.598764010027,-73.937253096144,1,22.0,0.0,1,0,8.946888,0
-14787_8120,40.601227279772004,-73.93695906975549,2,6.0,0.5,2,0,8.903943,0
-14787_8122,40.6134652763576,-73.9386244505182,5,20.6,0.4,4,0,48.18751,0
-14787_8124,40.621825913682,-73.9366384066122,5,12.6,0.6,5,0,78.63934,0
-14787_8125,40.625495540498,-73.9399224771725,2,13.0,0.5,2,1,89.61347,1
-14787_8126,40.6346003152085,-73.93796147067249,2,23.5,0.0,2,1,95.09268,1
-14787_8127,40.636919302564,-73.937310759686,1,2.0,1.0,1,1,96.496025,1
-14787_8128,40.6416211790624,-73.9374295576896,5,44.5,0.2,4,2,97.34528,1
-14787_8130,40.65140151299375,-73.93741422331274,4,14.75,0.75,3,2,96.97748,1
-14787_8131,40.656040734472,-73.939703847695,1,53.0,0.0,1,1,95.13645,1
-14787_8132,40.6625405480184,-73.93901020725801,5,7.8,0.8,4,0,96.08111,0
-14787_8133,40.666974398364665,-73.93685224485,3,14.666666666666666,0.6666666666666666,1,0,91.62402,0
-14787_8134,40.671350215789,-73.93804149890386,7,12.0,0.5714285714285714,4,1,92.84669,1
-14787_8135,40.67880377073975,-73.93826001001075,4,18.75,0.25,4,1,90.61481,1
-14787_8136,40.68371096784838,-73.93708857755725,16,19.625,0.5,11,1,87.17165,1
-14787_8137,40.68751630483266,-73.9385424469875,6,9.666666666666666,0.8333333333333334,5,0,84.85803,0
-14787_8138,40.691733735643,-73.93828855745,4,15.25,0.75,3,0,82.61041,0
-14787_8139,40.69778101092629,-73.9367496375762,24,20.375,0.7083333333333334,14,2,81.69262,1
-14787_8140,40.702292385974,-73.9366164502648,5,10.8,1.0,5,0,70.68108,0
-14787_8141,40.7081295270055,-73.93841305271887,16,13.1875,0.8125,7,0,44.33716,0
-14787_8142,40.71271706904683,-73.93620003313758,12,18.5,0.3333333333333333,8,0,18.955908,0
-14787_8143,40.71915627986,-73.93867971749,1,6.0,1.0,1,0,9.942106,0
-14787_8144,40.72160175308,-73.938464608393,1,9.0,1.0,1,0,9.391421,0
-14787_8146,40.734386312814,-73.93742528342699,4,12.0,0.75,4,0,0.33195776,0
-14787_8147,40.736084750642995,-73.936385965919,3,12.666666666666666,1.0,2,0,0.37689787,0
-14787_8148,40.743206972648196,-73.9360909003664,10,17.1,0.5,5,0,0.07816479,0
-14787_8149,40.7484860684053,-73.9385253972612,20,17.176470588235293,0.6,12,0,0.3214655,0
-14787_8150,40.751823309210735,-73.93814478353274,19,16.0,0.7368421052631579,13,0,0.74402624,0
-14787_8151,40.758250055681664,-73.9363460747755,6,16.166666666666668,0.6666666666666666,5,0,11.955854,0
-14787_8152,40.76262012521,-73.939649104303,3,5.333333333333333,0.6666666666666666,2,0,55.57963,0
-14787_8153,40.7672972852225,-73.93729399846049,2,4.0,1.0,2,0,39.75312,0
-14787_8158,40.792536170232,-73.9393959307437,10,15.222222222222221,0.6,10,1,75.74991,1
-14787_8159,40.79727680511543,-73.93767050785314,42,13.384615384615385,0.6666666666666666,18,1,78.437004,1
-14787_8160,40.80341666024729,-73.93691065200686,21,12.666666666666666,0.7619047619047619,15,0,79.42976,0
-14787_8161,40.806716838626,-73.9387369019915,4,22.5,0.5,3,0,81.792465,0
-14787_8162,40.8142206122332,-73.9370484554876,5,20.5,0.4,4,1,81.94246,1
-14787_8163,40.81729324150364,-73.93855312507664,11,16.363636363636363,0.6363636363636364,7,0,79.053375,0
-14787_8164,40.82165182254833,-73.93801806539811,9,14.75,0.6666666666666666,8,1,79.49792,1
-14787_8165,40.827787875011,-73.93805959861041,5,23.6,0.2,5,0,78.84357,0
-14787_8167,40.838344723804,-73.93835842818015,13,15.916666666666666,0.6923076923076923,11,0,44.953648,0
-14787_8168,40.8425049365536,-73.93818427943056,38,13.891891891891891,0.7631578947368421,18,0,5.19263,0
-14787_8169,40.847663241101316,-73.93726223646229,38,15.45945945945946,0.4473684210526316,16,0,0.818263,0
-14787_8170,40.85155967281345,-73.9378879215837,20,15.1,0.6,13,0,0.41627577,0
-14787_8171,40.85525036382183,-73.9372632385135,6,17.0,0.6666666666666666,5,0,0.21835421,0
-14788_8115,40.57783851978,-73.94404772578,1,10.0,1.0,1,0,0.6191282,0
-14788_8116,40.58371190423233,-73.94312234523566,3,16.0,0.3333333333333333,3,0,0.19230923,0
-14788_8118,40.59292112943111,-73.94041238576922,9,15.555555555555555,0.6666666666666666,9,0,0.95843124,0
-14788_8119,40.598350424665874,-73.94150215696938,8,9.625,0.75,5,0,7.9168186,0
-14788_8120,40.60057326396325,-73.94269079784287,8,14.5,0.75,6,1,15.779556,1
-14788_8121,40.6069580283782,-73.943042938052,5,13.25,0.6,5,0,12.41974,0
-14788_8122,40.61143362593875,-73.9432270910695,4,21.75,0.25,4,0,8.073639,0
-14788_8123,40.61627091207367,-73.94381005995267,3,4.666666666666667,0.6666666666666666,3,0,58.436966,0
-14788_8125,40.628370847924,-73.94290012501276,4,12.5,0.75,4,1,92.665855,1
-14788_8128,40.643600235653,-73.942810453286,1,11.0,1.0,1,0,97.904465,0
-14788_8130,40.6510462865858,-73.942848008401,5,24.2,0.4,4,2,97.81245,1
-14788_8131,40.6558523176856,-73.9426694424292,5,12.0,1.0,4,0,96.80954,0
-14788_8132,40.663353308398,-73.94243899636733,3,21.0,0.3333333333333333,2,0,95.20991,0
-14788_8133,40.667437465148446,-73.94227405907743,9,17.444444444444443,0.6666666666666666,3,0,90.83689,0
-14788_8134,40.671238424116126,-73.94207379393188,8,16.0,0.625,6,0,94.517914,0
-14788_8135,40.67872356378585,-73.94171443604962,13,13.384615384615385,0.6923076923076923,9,4,93.0786,1
-14788_8136,40.682873442779886,-73.94296496990839,26,9.625,0.7692307692307693,15,1,87.97921,1
-14788_8137,40.68697464253858,-73.94430494861543,12,14.916666666666666,0.5833333333333334,8,0,84.95735,0
-14788_8138,40.69247993529237,-73.94172884118983,11,15.0,0.6363636363636364,10,1,82.23668,1
-14788_8139,40.69899023415789,-73.94118756219189,9,14.333333333333334,0.8888888888888888,9,0,75.215355,0
-14788_8140,40.70197349567685,-73.94234850541241,34,16.5,0.7352941176470589,20,1,69.62991,1
-14788_8141,40.707174144206185,-73.94302835230118,27,13.851851851851851,0.5185185185185185,15,0,49.509846,0
-14788_8142,40.71272592574445,-73.94285170816333,51,20.16,0.6078431372549019,23,1,25.013876,1
-14788_8143,40.71680705693831,-73.94394315564591,23,10.826086956521738,0.8260869565217391,12,0,12.969288,0
-14788_8144,40.72255532999354,-73.94272551079622,13,19.923076923076923,0.46153846153846156,10,0,3.7615213,0
-14788_8145,40.72577132881057,-73.94280408747929,7,18.714285714285715,0.7142857142857143,7,0,2.6725585,0
-14788_8147,40.738763488277,-73.941245336156,1,31.0,0.0,1,0,0.08327216,0
-14788_8148,40.743368602494,-73.94186798594068,3,8.0,1.0,2,0,0.20732403,0
-14788_8149,40.74819451222785,-73.94150681693003,52,13.28,0.7307692307692307,18,0,0.50346154,0
-14788_8150,40.752432960825466,-73.94090383487087,15,18.933333333333334,0.6,10,0,1.6764336,0
-14788_8151,40.757590577678,-73.94238400638922,14,18.357142857142858,0.35714285714285715,9,1,23.404064,1
-14788_8152,40.761935939750664,-73.94176268327134,3,37.666666666666664,0.6666666666666666,3,1,58.91481,1
-14788_8155,40.777954538093,-73.943994470935,1,9.0,1.0,1,0,24.961733,0
-14788_8156,40.784550076146,-73.94377946042,1,23.0,0.0,1,0,66.58657,0
-14788_8157,40.78863351429945,-73.94227972235166,9,14.444444444444445,0.6666666666666666,7,0,76.638885,0
-14788_8158,40.79299120555254,-73.9425861497508,39,15.763157894736842,0.5641025641025641,17,0,80.08662,0
-14788_8159,40.79789126030353,-73.94185649269069,32,14.46875,0.6875,14,0,83.45191,0
-14788_8160,40.800933914518204,-73.94243060151021,5,17.0,0.6,4,1,84.11205,1
-14788_8161,40.80732117202539,-73.94326890333764,33,18.71875,0.5151515151515151,19,4,84.88646,1
-14788_8162,40.812219047153945,-73.94273681182788,17,27.058823529411764,0.29411764705882354,11,2,82.97309,1
-14788_8163,40.81675561520412,-73.94180077400887,8,19.375,0.5,6,1,84.6445,1
-14788_8164,40.8225423620995,-73.9433147480766,10,19.4,0.7,7,0,85.480286,0
-14788_8165,40.82612053311967,-73.94325641380989,9,15.11111111111111,0.6666666666666666,7,0,80.65615,0
-14788_8166,40.83397536050163,-73.94276753278317,19,10.68421052631579,0.8947368421052632,11,1,69.43833,1
-14788_8167,40.837152839867194,-73.94175356075313,30,19.3,0.5333333333333333,18,0,63.687794,0
-14788_8168,40.842368290212335,-73.94137396000333,6,14.833333333333334,0.5,3,0,6.052394,0
-14788_8170,40.850979340726994,-73.9402873442755,2,10.5,1.0,2,0,0.41627595,0
-14789_8116,40.5836921492521,-73.94772936065,10,16.6,0.7,9,0,0.21595715,0
-14789_8117,40.5869888226228,-73.9481415335218,5,20.5,0.4,4,0,0.17319673,0
-14789_8118,40.59257731663943,-73.94836122694042,7,9.428571428571429,0.8571428571428571,7,0,0.69141966,0
-14789_8119,40.599749302773,-73.948048034647,4,16.25,0.75,4,0,13.866077,0
-14789_8124,40.623093849261835,-73.94636915228101,6,11.5,0.8333333333333334,4,0,71.911064,0
-14789_8125,40.6276837822493,-73.9473795572918,10,15.3,0.8,7,0,87.4533,0
-14789_8126,40.6327730257555,-73.94789121517867,30,12.931034482758621,0.6666666666666666,15,5,93.78583,1
-14789_8127,40.638389106933495,-73.94824663792517,6,9.166666666666666,1.0,5,1,96.41251,1
-14789_8128,40.64192064958878,-73.94865672474937,14,21.153846153846153,0.42857142857142855,8,7,97.45884,1
-14789_8129,40.6466653391864,-73.9492315329651,10,7.2,0.7,6,4,96.92472,1
-14789_8130,40.651547687147236,-73.9484880589796,30,13.655172413793103,0.5666666666666667,15,9,99.13953,1
-14789_8131,40.659472837976,-73.947579646485,1,13.0,1.0,1,0,96.27881,0
-14789_8132,40.664043440817,-73.948787155466,1,9.0,1.0,1,1,93.92129,1
-14789_8134,40.6720544950425,-73.949736289637,2,18.0,0.5,2,0,94.81552,0
-14789_8135,40.67749955155457,-73.94975431514328,21,15.047619047619047,0.7619047619047619,15,5,90.79957,1
-14789_8136,40.68082749343816,-73.94895982399517,25,15.304347826086957,0.64,16,4,90.11926,1
-14789_8137,40.687676806968,-73.9476114704095,2,8.5,1.0,2,0,80.75043,0
-14789_8138,40.6928348991444,-73.9460791528336,5,9.0,0.8,5,1,73.358376,1
-14789_8139,40.698141020391205,-73.9483086287983,10,12.6,0.9,7,1,60.735218,1
-14789_8140,40.70111134295,-73.94665507797126,4,19.0,0.5,4,0,60.607635,0
-14789_8141,40.707376641338,-73.94714940565919,5,12.2,0.8,4,0,38.629642,0
-14789_8142,40.712265209163405,-73.94794712539698,42,16.3,0.5714285714285714,20,0,22.16394,0
-14789_8143,40.71750928960159,-73.94791937797689,17,12.0,0.7058823529411765,9,0,6.0085454,0
-14789_8144,40.72367905151311,-73.94795968215195,18,14.277777777777779,0.7777777777777778,13,0,3.544875,0
-14789_8145,40.72571773362861,-73.946685329837,13,10.692307692307692,0.8461538461538461,8,0,2.6731296,0
-14789_8148,40.744363136538496,-73.94911944449075,4,16.25,0.25,4,0,0.26327184,0
-14789_8149,40.747366976887804,-73.94707397519605,25,11.166666666666666,0.68,11,0,0.5968,0
-14789_8150,40.75170011026263,-73.94810955836246,11,19.727272727272727,0.45454545454545453,7,0,2.7562613,0
-14789_8151,40.7554412789185,-73.94526595989649,2,7.0,1.0,2,0,11.894827,0
-14789_8152,40.7623295252946,-73.9494520297836,5,16.4,0.6,4,0,31.331518,0
-14789_8154,40.773862334183,-73.94867606029186,7,13.0,0.8571428571428571,6,0,16.52921,0
-14789_8155,40.77779810033674,-73.94792086461332,30,12.0,0.6666666666666666,15,0,25.906399,0
-14789_8156,40.781934851021845,-73.948002041189,32,16.870967741935484,0.625,16,0,45.68782,0
-14789_8157,40.788742403781434,-73.9482999394183,16,13.75,0.625,14,0,73.306656,0
-14789_8158,40.791527582677006,-73.94635842868885,28,18.75,0.7142857142857143,14,1,80.25855,1
-14789_8159,40.797142210059626,-73.94795252938162,8,13.333333333333334,0.375,6,0,73.38804,0
-14789_8160,40.80271381379894,-73.94779043593476,17,20.666666666666668,0.47058823529411764,14,0,73.26248,0
-14789_8161,40.807741401380056,-73.94712011400777,17,21.625,0.4117647058823529,16,1,76.366806,1
-14789_8162,40.81377902406334,-73.94792365660668,3,8.333333333333334,1.0,3,0,84.68321,0
-14789_8163,40.817282398713,-73.946284298415,4,23.0,0.5,3,2,85.69343,1
-14789_8164,40.82391591429229,-73.947614952481,17,19.176470588235293,0.4117647058823529,11,1,82.16767,1
-14789_8165,40.827551292426264,-73.94771315949414,34,16.838709677419356,0.47058823529411764,21,2,76.90202,1
-14789_8166,40.83281932731034,-73.94600125756233,6,16.333333333333332,0.3333333333333333,4,0,74.543526,0
-14790_8115,40.57705832730633,-73.95269869143367,3,12.0,1.0,2,0,0.41193357,0
-14790_8116,40.58376904676114,-73.95139991400629,7,14.571428571428571,0.7142857142857143,6,0,0.110933095,0
-14790_8117,40.58672739769718,-73.95273306343132,33,12.333333333333334,0.8181818181818182,18,0,0.08343418,0
-14790_8118,40.59355898530233,-73.95031050413267,3,12.666666666666666,0.6666666666666666,3,0,0.5527681,0
-14790_8119,40.598803055035454,-73.95225126060164,22,19.363636363636363,0.45454545454545453,14,0,6.1139255,0
-14790_8122,40.61033091313467,-73.95448842842184,6,8.0,1.0,6,0,0.38667762,0
-14790_8126,40.632942072533496,-73.9513654920855,2,20.0,0.5,2,1,89.25425,1
-14790_8127,40.63764476786914,-73.95253979646135,14,36.357142857142854,0.42857142857142855,9,5,92.91212,1
-14790_8128,40.642745004769004,-73.951216626895,3,18.333333333333332,0.6666666666666666,3,1,96.80169,1
-14790_8129,40.647878154046,-73.9521798236225,2,21.0,0.0,2,0,97.605804,0
-14790_8130,40.651547063642,-73.95200008607672,14,13.692307692307692,0.5,9,5,97.817184,1
-14790_8131,40.657167516887846,-73.95125607398337,27,14.666666666666666,0.6296296296296297,14,7,97.34191,1
-14790_8132,40.66238475206539,-73.95183673512462,28,10.214285714285714,0.7857142857142857,13,5,94.19336,1
-14790_8133,40.66760503780947,-73.95187572280506,19,13.157894736842104,0.7894736842105263,12,1,92.01318,1
-14790_8134,40.672725394210026,-73.95106111240537,36,19.8,0.5277777777777778,19,8,94.20776,1
-14790_8135,40.6756374077945,-73.9520408567015,2,17.0,0.5,2,1,91.892136,1
-14790_8136,40.68159209045197,-73.95239655375153,32,19.35483870967742,0.5,15,2,91.49425,1
-14790_8137,40.687796650445215,-73.95278647123187,23,16.52173913043478,0.5217391304347826,14,1,80.93327,1
-14790_8138,40.69246637843615,-73.9524300296827,7,10.428571428571429,0.8571428571428571,5,0,65.84385,0
-14790_8139,40.699892295057,-73.953696746066,1,13.0,1.0,1,0,45.0444,0
-14790_8140,40.704040081324,-73.954790284367,1,21.0,0.0,1,0,26.187256,0
-14790_8141,40.70751045254773,-73.9518317446862,15,17.266666666666666,0.5333333333333333,9,1,26.560608,1
-14790_8142,40.712414538175395,-73.95176063265461,43,15.13953488372093,0.5116279069767442,21,0,18.221682,0
-14790_8143,40.7175652899569,-73.95251725508913,31,18.3,0.6451612903225806,19,0,9.040131,0
-14790_8144,40.72375505151317,-73.95180618303516,53,15.132075471698114,0.6415094339622641,23,0,4.352544,0
-14790_8145,40.72711573600614,-73.95270275335811,29,13.481481481481481,0.6896551724137931,18,0,2.3548787,0
-14790_8146,40.73213797939008,-73.95405925925624,37,14.424242424242424,0.5945945945945946,18,0,2.1702015,0
-14790_8147,40.736850073375,-73.9524242508175,2,23.5,0.5,2,0,0.62978894,0
-14790_8148,40.74360298120241,-73.95308064395876,37,15.675675675675675,0.6756756756756757,20,0,0.70481503,0
-14790_8149,40.74716724466094,-73.95225345966841,17,13.823529411764707,0.7647058823529411,10,0,1.3924758,0
-14790_8150,40.752310612511,-73.950733025978,1,2.0,1.0,1,0,4.2019014,0
-14790_8151,40.75895446494733,-73.952196021375,3,9.333333333333334,1.0,3,0,26.919281,0
-14790_8152,40.760940168458,-73.950806033239,2,10.5,1.0,2,0,28.20231,0
-14790_8153,40.768316304603616,-73.9535408927753,34,11.5,0.8235294117647058,16,0,16.465393,0
-14790_8154,40.773114906603986,-73.95286881101042,56,15.535714285714286,0.5535714285714286,20,1,18.084072,1
-14790_8155,40.77742957208743,-73.95250086345027,93,14.415730337078651,0.7204301075268817,30,0,25.090126,0
-14790_8156,40.78199547032704,-73.95223588475675,52,13.72,0.7115384615384616,23,0,37.093178,0
-14790_8157,40.78732662958508,-73.95269589652513,24,13.666666666666666,0.6666666666666666,13,1,68.52417,1
-14790_8158,40.792471470061,-73.9510701159336,5,16.0,0.8,5,1,70.18423,1
-14790_8159,40.798981358591995,-73.952547613511,3,15.666666666666666,0.6666666666666666,3,0,38.233574,0
-14790_8160,40.802695875873546,-73.95224661880324,20,15.052631578947368,0.55,12,0,36.496986,0
-14790_8161,40.80743462124717,-73.95232781752325,12,13.083333333333334,0.5833333333333334,7,0,54.86999,0
-14790_8162,40.81116269532291,-73.95236308539609,12,15.916666666666666,0.6666666666666666,9,0,73.81822,0
-14790_8163,40.818015862293166,-73.95290490508067,12,7.9,0.6666666666666666,10,0,80.95257,0
-14790_8164,40.8226418129524,-73.95241618272829,35,16.606060606060606,0.6,19,0,82.25734,0
-14790_8165,40.82605042420527,-73.95090388511936,11,20.636363636363637,0.45454545454545453,6,0,78.38027,0
-14791_8115,40.57836943810109,-73.95855540389174,11,26.77777777777778,0.2727272727272727,10,0,0.14797765,0
-14791_8116,40.58195003142733,-73.958725314441,3,5.666666666666667,1.0,3,0,0.10782789,0
-14791_8117,40.58771430946123,-73.95602185787067,9,16.857142857142858,0.5555555555555556,5,0,0.14905417,0
-14791_8118,40.593635028635,-73.9573957154075,4,11.25,1.0,4,0,0.34436846,0
-14791_8119,40.59868345295013,-73.95759487692575,24,16.52173913043478,0.5833333333333334,11,0,3.0957015,0
-14791_8121,40.60884175125137,-73.95785164337785,19,15.157894736842104,0.7368421052631579,13,0,0.33510125,0
-14791_8122,40.610021071838,-73.95650012319899,2,12.0,0.5,2,0,0.33151394,0
-14791_8123,40.618325327790465,-73.9574698772818,15,17.428571428571427,0.5333333333333333,7,0,0.45165113,0
-14791_8128,40.642365777200105,-73.95695253058389,19,16.94736842105263,0.631578947368421,8,5,95.309135,1
-14791_8129,40.647163230245226,-73.95785539116439,18,11.11111111111111,0.8333333333333334,9,5,96.042755,1
-14791_8130,40.651907555081394,-73.9586654708022,38,11.472222222222221,0.631578947368421,16,7,95.05923,1
-14791_8131,40.656093079475696,-73.9595013575142,10,11.0,0.7,9,1,95.00706,1
-14791_8132,40.664178670743496,-73.957279289267,2,18.5,0.5,2,0,88.432785,0
-14791_8133,40.66809128221264,-73.95763134112401,14,20.083333333333332,0.5714285714285714,9,4,88.89017,1
-14791_8134,40.6725112826306,-73.95732449658979,35,14.82857142857143,0.7714285714285715,19,2,90.98921,1
-14791_8135,40.67657175876619,-73.95705117813688,16,12.6875,0.8125,9,0,92.39748,0
-14791_8136,40.68155906840473,-73.95660110562467,15,14.2,0.6,9,0,89.60025,0
-14791_8137,40.68798766342374,-73.95713415737026,19,8.842105263157896,0.7368421052631579,11,0,81.59363,0
-14791_8138,40.69240689028419,-73.95707001036038,16,20.4375,0.5625,10,0,59.617996,0
-14791_8139,40.6963930313385,-73.95814033211201,2,37.5,0.0,1,0,48.09855,0
-14791_8140,40.7013471798005,-73.95768453557,2,22.0,0.5,1,0,30.882687,0
-14791_8141,40.70842650005668,-73.95748937964191,22,17.047619047619047,0.6818181818181818,14,0,15.20346,0
-14791_8142,40.71302351094667,-73.95753839982487,66,17.307692307692307,0.5303030303030303,28,0,17.697311,0
-14791_8143,40.717750952670784,-73.9578434120118,94,15.043478260869565,0.6595744680851063,35,0,19.856504,0
-14791_8144,40.72163414955288,-73.95761250984296,31,14.870967741935484,0.6129032258064516,12,1,13.909693,1
-14791_8145,40.728783041293994,-73.95775483199975,28,14.296296296296296,0.5714285714285714,12,0,2.423924,0
-14791_8146,40.732299543963265,-73.9571142153844,30,14.25,0.6333333333333333,17,0,1.7471094,0
-14791_8147,40.73687827803907,-73.95631311832192,14,11.307692307692308,0.7857142857142857,7,0,1.128949,0
-14791_8148,40.74339276316208,-73.95673694572,13,13.454545454545455,0.6923076923076923,10,0,0.55876136,0
-14791_8149,40.746938554701124,-73.9561230082885,8,14.625,0.75,8,0,1.6206527,0
-14791_8151,40.756380293519,-73.95549818625301,2,18.0,0.5,1,0,22.814024,0
-14791_8152,40.76332840073346,-73.95852140325259,22,9.571428571428571,0.6818181818181818,14,0,35.040726,0
-14791_8153,40.767480376118165,-73.95737318875943,71,15.470588235294118,0.6619718309859155,29,0,18.578426,0
-14791_8154,40.77256216031907,-73.95756796153468,70,14.808823529411764,0.6,21,0,10.532052,0
-14791_8155,40.77724777222034,-73.9565339685598,59,12.25,0.7457627118644068,24,0,19.27808,0
-14791_8156,40.78350446903319,-73.95680342234625,16,14.2,0.625,10,0,45.26681,0
-14791_8157,40.78519564934875,-73.9560719738835,4,18.5,0.25,3,0,47.788414,0
-14791_8160,40.8031638446077,-73.9563466612894,10,15.5,0.6,5,0,13.849054,0
-14791_8161,40.80790730610627,-73.958881197363,11,16.727272727272727,0.45454545454545453,6,0,17.41492,0
-14791_8162,40.8131878508937,-73.95785149046027,30,17.433333333333334,0.5666666666666667,19,0,60.862606,0
-14791_8163,40.81627935640154,-73.95866919034923,13,10.538461538461538,0.8461538461538461,8,1,69.14715,1
-14791_8164,40.82010596321933,-73.95757984410034,3,24.666666666666668,0.0,3,0,78.82489,0
-14792_8115,40.577222347309004,-73.96256872081452,21,13.0,0.5238095238095238,12,0,0.9546058,0
-14792_8116,40.581870886247565,-73.96190522549458,7,11.333333333333334,0.42857142857142855,6,0,0.23634048,0
-14792_8117,40.588088578203376,-73.96046724562525,8,17.125,0.625,6,0,0.07774423,0
-14792_8118,40.5930307505318,-73.9607953007706,10,15.8,0.6,8,0,0.30862057,0
-14792_8119,40.59794034530376,-73.96199394971615,21,14.05,0.6190476190476191,16,0,0.2903228,0
-14792_8121,40.60760990406417,-73.96234054566783,24,13.541666666666666,0.625,12,0,0.23133406,0
-14792_8122,40.611677853652125,-73.962694365051,16,17.625,0.5625,8,0,0.13911216,0
-14792_8123,40.617714099843624,-73.96256805528313,8,24.625,0.5,5,0,0.13031669,0
-14792_8124,40.62420128533569,-73.96380315144681,16,11.75,0.6875,5,0,0.49267492,0
-14792_8125,40.62512048076443,-73.96186399136799,7,17.833333333333332,0.7142857142857143,4,0,1.4444824,0
-14792_8126,40.633564936993,-73.96260078340767,9,12.222222222222221,0.6666666666666666,6,0,18.831873,0
-14792_8127,40.6354165431534,-73.96242189742159,10,8.4,0.8,8,0,43.451862,0
-14792_8128,40.64151215386186,-73.96375094428542,7,17.666666666666668,0.42857142857142855,7,0,75.776375,0
-14792_8129,40.649319604463535,-73.96331159301567,15,16.357142857142858,0.5333333333333333,11,1,92.5573,1
-14792_8130,40.65170958340966,-73.96110018084767,3,4.666666666666667,1.0,3,0,93.16562,0
-14792_8131,40.65780214179764,-73.96042521498632,25,15.12,0.52,13,2,90.23733,1
-14792_8132,40.661248673215425,-73.96086940693563,19,12.473684210526315,0.5789473684210527,11,2,89.59616,1
-14792_8133,40.6683908095995,-73.9619609476205,2,8.5,1.0,1,0,87.73272,0
-14792_8134,40.673542584587,-73.9625860936965,22,20.61904761904762,0.36363636363636365,14,2,89.41526,1
-14792_8135,40.67732906663883,-73.9633947732648,24,16.130434782608695,0.6666666666666666,14,2,89.08933,1
-14792_8136,40.68256037870909,-73.96274836625757,21,14.238095238095237,0.7142857142857143,11,1,85.56386,1
-14792_8137,40.68756854214411,-73.96284720443255,9,15.88888888888889,0.5555555555555556,6,0,79.38079,0
-14792_8138,40.69313017350485,-73.96288491676245,20,9.65,0.95,15,0,62.912178,0
-14792_8139,40.698374324719,-73.960755472706,1,14.0,0.0,1,0,43.61223,0
-14792_8140,40.70354537192,-73.96045667137,1,75.0,0.0,1,0,13.482061,0
-14792_8141,40.708332654725886,-73.96259112180533,9,30.875,0.5555555555555556,4,0,15.598449,0
-14792_8142,40.71301150791446,-73.96219290040142,76,16.92753623188406,0.5921052631578947,30,0,15.938597,0
-14792_8143,40.71739899911685,-73.96228293637873,33,13.625,0.7272727272727273,16,0,18.356241,0
-14792_8144,40.72047210948675,-73.96174170321774,4,13.25,0.75,3,0,15.402775,0
-14792_8145,40.72963976099,-73.9600947524,1,12.0,1.0,1,0,2.4223137,0
-14792_8146,40.73034790914,-73.96009071859,1,2.0,1.0,1,0,2.4223137,0
-14792_8147,40.73507715224,-73.96012756711,1,10.0,0.0,1,0,1.8921325,0
-14792_8148,40.74170996801951,-73.96039964870701,2,11.5,1.0,2,0,0.74709326,0
-14792_8150,40.754869281426004,-73.96463710201166,3,9.0,0.6666666666666666,2,0,43.92868,0
-14792_8151,40.75818857541664,-73.96321575531367,33,15.625,0.6060606060606061,15,0,51.633514,0
-14792_8152,40.76206706676719,-73.96214495953139,37,19.914285714285715,0.5945945945945946,16,0,46.625633,0
-14792_8153,40.767813140053,-73.96245906626447,30,15.0,0.6333333333333333,13,0,22.619099,0
-14792_8154,40.77234131247446,-73.96252152354067,22,13.681818181818182,0.7272727272727273,9,0,11.893791,0
-14792_8155,40.77672489351686,-73.96226760390765,14,14.214285714285714,0.6428571428571429,9,0,14.782289,0
-14792_8156,40.78129896423,-73.9603236567,1,19.0,0.0,1,0,24.831335,0
-14792_8158,40.7944333915,-73.96268139317,1,13.0,1.0,1,0,0.97417796,0
-14792_8159,40.79906180221987,-73.96278377070333,15,15.615384615384615,0.4,11,0,0.9296578,0
-14792_8160,40.80217627434896,-73.96325361206925,24,16.565217391304348,0.625,16,0,1.9255562,0
-14792_8161,40.80769560096321,-73.96321330263932,19,12.210526315789474,0.7894736842105263,8,0,12.196549,0
-14792_8162,40.81277765115489,-73.96145722010633,9,12.11111111111111,0.8888888888888888,6,0,49.455154,0
-14792_8163,40.818089610455004,-73.9604371187655,2,12.0,1.0,2,0,70.447136,0
-14793_8115,40.57634344148177,-73.96679307417361,13,15.461538461538462,0.6153846153846154,8,0,3.0973625,0
-14793_8116,40.580616712524,-73.96624831561701,2,5.5,1.0,2,0,0.47970814,0
-14793_8117,40.586545432467,-73.966167901117,1,10.0,1.0,1,0,0.23074886,0
-14793_8118,40.591325022779,-73.969416782541,1,0.0,0.0,1,0,0.093010604,0
-14793_8119,40.5984852362585,-73.966091605489,2,30.5,0.0,1,0,0.2254864,0
-14793_8120,40.60456999456317,-73.96942209568333,6,6.75,0.6666666666666666,2,0,0.07488154,0
-14793_8121,40.606636064592855,-73.96607023596786,7,12.714285714285714,0.7142857142857143,3,0,0.088524625,0
-14793_8124,40.62410269359375,-73.96504737411401,4,17.666666666666668,0.5,2,0,0.49267492,0
-14793_8125,40.628087201951004,-73.96610930817721,5,21.2,0.4,4,0,1.6411718,0
-14793_8126,40.63264812061467,-73.96684738935605,18,12.333333333333334,0.6111111111111112,12,0,5.227039,0
-14793_8127,40.638727711899,-73.96841783841138,21,12.761904761904763,0.7142857142857143,15,1,48.563305,1
-14793_8128,40.64091525531178,-73.96743421091227,18,11.117647058823529,0.7222222222222222,12,0,60.138863,0
-14793_8129,40.6478079874456,-73.96828303255879,5,20.4,0.4,4,0,80.675,0
-14793_8130,40.65218219887,-73.9687508935,1,5.0,1.0,1,0,74.19045,0
-14793_8134,40.673751285704334,-73.96769768039566,3,24.666666666666668,0.3333333333333333,2,0,87.175125,0
-14793_8135,40.678608090775,-73.9683221062148,31,21.451612903225808,0.4838709677419355,17,0,86.442566,0
-14793_8136,40.68184472533587,-73.96732530353053,23,15.318181818181818,0.5217391304347826,13,1,88.121864,1
-14793_8137,40.688936433047665,-73.96820667862026,15,15.428571428571429,0.6,9,0,81.24535,0
-14793_8138,40.693111591512164,-73.96777601855536,25,12.88,0.8,15,0,70.83992,0
-14793_8139,40.6971061969698,-73.9676507508642,5,21.0,0.6,5,0,52.840805,0
-14793_8141,40.709907503807,-73.968525342757,1,31.0,0.0,1,0,17.71672,0
-14793_8142,40.71253351069642,-73.96673735612733,24,13.958333333333334,0.75,13,1,23.65934,1
-14793_8143,40.716392684097,-73.96604536972313,8,15.75,0.625,8,0,22.132145,0
-14793_8150,40.7538168484125,-73.96810793258776,32,15.862068965517242,0.5625,17,1,57.798016,1
-14793_8151,40.757555772796664,-73.96826471987939,118,13.309734513274336,0.7033898305084746,33,0,49.165165,0
-14793_8152,40.7623497739804,-73.96728999110331,71,14.927536231884059,0.7183098591549296,25,1,53.8244,1
-14793_8153,40.766728172684,-73.96711191076994,35,16.705882352941178,0.5714285714285714,14,0,39.854805,0
-14793_8154,40.7715212252592,-73.966014346333,5,14.4,0.8,3,0,16.805672,0
-14793_8158,40.79322076719176,-73.96773267906724,17,16.058823529411764,0.6470588235294118,12,0,0.08526393,0
-14793_8159,40.79815340591683,-73.96851357770815,35,15.441176470588236,0.6,18,0,0.15133373,0
-14793_8160,40.801803815172384,-73.96666761815543,49,12.956521739130435,0.6326530612244898,25,0,0.7912707,0
-14793_8161,40.80581765746,-73.96549632409067,18,15.375,0.6666666666666666,9,0,3.080054,0
-14794_8115,40.57872650387725,-73.97236009550925,4,8.333333333333334,0.75,3,0,7.4215283,0
-14794_8116,40.58449723825,-73.97451420113,1,12.0,1.0,1,0,2.266696,0
-14794_8117,40.5880755704006,-73.9731317510016,5,26.6,0.4,4,0,0.17880644,0
-14794_8118,40.590361289822,-73.97285623264543,7,22.0,0.42857142857142855,7,0,0.06669362,0
-14794_8119,40.5967655746265,-73.97373126409238,8,19.285714285714285,0.75,6,0,0.05787881,0
-14794_8120,40.604287110330546,-73.97221686385681,11,12.5,0.7272727272727273,7,0,0.09874109,0
-14794_8121,40.608535763250856,-73.9723013845795,14,11.666666666666666,0.6428571428571429,7,0,0.1377907,0
-14794_8122,40.613384608035304,-73.9738911969578,10,20.333333333333332,0.5,7,0,0.07370112,0
-14794_8123,40.616818953430496,-73.9707755977995,2,10.5,1.0,2,0,0.18156466,0
-14794_8126,40.632791362339,-73.972849201261,1,12.0,1.0,1,0,1.704077,0
-14794_8127,40.63589340395,-73.97476111732,1,19.0,0.0,1,0,4.9137816,0
-14794_8128,40.644409390379,-73.970293217944,1,7.0,1.0,1,0,63.49571,0
-14794_8129,40.6466950713038,-73.9718232409256,15,16.933333333333334,0.8,9,1,68.52749,1
-14794_8130,40.654875988718004,-73.97334474010734,3,13.0,0.6666666666666666,3,0,42.626907,0
-14794_8131,40.655021472075,-73.973387929973,1,10.0,1.0,1,0,42.626907,0
-14794_8133,40.667384209409,-73.974507641408,1,13.0,1.0,1,0,56.086952,0
-14794_8134,40.674852165628,-73.972013655924,1,13.0,1.0,1,0,83.35382,0
-14794_8135,40.677411327075355,-73.97334205265743,42,15.365853658536585,0.6666666666666666,27,1,85.71783,1
-14794_8136,40.680856070833066,-73.9743017638278,15,16.066666666666666,0.6,11,3,88.310814,1
-14794_8137,40.68788433152461,-73.97263838446695,33,14.32258064516129,0.6363636363636364,19,1,84.89805,1
-14794_8138,40.69301427006228,-73.97174556545627,18,17.529411764705884,0.6111111111111112,14,1,77.120125,1
-14794_8139,40.69729592267,-73.97286670874949,12,11.166666666666666,0.75,8,0,56.122295,0
-14794_8147,40.738668573941,-73.974142863599,2,4.5,1.0,2,0,3.4634538,0
-14794_8148,40.74347758598433,-73.97363033471845,9,14.571428571428571,0.5555555555555556,7,0,3.4752614,0
-14794_8149,40.748000875215276,-73.97330893554667,18,13.944444444444445,0.7222222222222222,13,0,12.698799,0
-14794_8150,40.75230668050415,-73.97306156512892,114,15.38888888888889,0.631578947368421,35,0,25.98017,0
-14794_8151,40.75764613103592,-73.97198056311296,128,11.992063492063492,0.734375,36,1,63.688354,1
-14794_8152,40.76235900942633,-73.97284519505972,81,14.645569620253164,0.7160493827160493,22,0,67.04754,0
-14794_8153,40.76591246346179,-73.97245793714207,14,17.5,0.7142857142857143,5,0,63.67217,0
-14794_8155,40.779581885372,-73.973865131668,2,6.0,0.5,2,0,1.4518424,0
-14794_8156,40.7843369780146,-73.97363431426216,20,16.894736842105264,0.45,14,0,0.12857273,0
-14794_8157,40.787081228043576,-73.9727556061763,35,14.096774193548388,0.5714285714285714,21,0,0.16940483,0
-14794_8158,40.79247570163543,-73.97237196647936,53,10.96078431372549,0.7735849056603774,25,0,0.12929904,0
-14794_8159,40.7956116610918,-73.9710684430983,10,21.6,0.6,10,0,0.10361326,0
-14795_8114,40.5737742650474,-73.9790441107632,10,22.11111111111111,0.6,6,0,40.96249,0
-14795_8115,40.576028894192945,-73.97794797468589,18,24.166666666666668,0.3888888888888889,12,0,42.601166,0
-14795_8118,40.5926791483066,-73.9783925626214,5,13.4,0.8,4,0,0.30317354,0
-14795_8119,40.596782476647064,-73.97772506730466,15,19.571428571428573,0.5333333333333333,12,0,0.034393862,0
-14795_8120,40.603993331821336,-73.978334856045,6,13.333333333333334,0.8333333333333334,4,0,0.03734471,0
-14795_8121,40.605107035521996,-73.979599761136,3,10.5,0.6666666666666666,3,0,0.055686403,0
-14795_8122,40.611961105384246,-73.978945454398,4,16.0,0.5,3,0,0.108344786,0
-14795_8124,40.62405264927,-73.97587513267,1,20.0,0.0,1,0,0.20892723,0
-14795_8125,40.6261630030705,-73.97622320375767,6,10.666666666666666,0.8333333333333334,4,0,0.31027058,0
-14795_8126,40.631136957209534,-73.97701822876792,13,10.615384615384615,0.6153846153846154,8,0,0.51969504,0
-14795_8127,40.6361332313972,-73.97708064076541,5,21.6,0.6,5,0,3.1521325,0
-14795_8128,40.64310097500295,-73.97837759880515,20,20.473684210526315,0.55,11,0,9.905296,0
-14795_8129,40.648243211640334,-73.97834525237045,9,12.125,0.7777777777777778,7,0,21.584536,0
-14795_8130,40.65262521286672,-73.97671374348258,7,15.0,0.42857142857142855,6,0,40.143757,0
-14795_8131,40.658022624322,-73.9786992868735,2,10.5,1.0,2,0,25.55096,0
-14795_8132,40.662591943176665,-73.97966501781234,3,9.0,1.0,3,0,26.601145,0
-14795_8133,40.66918178485789,-73.9793049234759,9,11.333333333333334,0.6666666666666666,8,0,68.48715,0
-14795_8134,40.67230955484418,-73.97730317439459,39,12.621621621621621,0.717948717948718,20,0,76.44001,0
-14795_8135,40.67773202516618,-73.97887307001068,22,20.5,0.5454545454545454,14,0,82.18898,0
-14795_8136,40.68243004296517,-73.9767099783386,103,11.326732673267326,0.7184466019417476,34,3,85.06136,1
-14795_8137,40.68780105742435,-73.9774800559567,37,14.571428571428571,0.4864864864864865,22,1,83.84229,1
-14795_8139,40.697008822973665,-73.97569475491066,3,8.0,1.0,2,0,58.112556,0
-14795_8144,40.723689435091366,-73.97864745803669,19,14.0,0.7368421052631579,11,1,79.5291,1
-14795_8145,40.72752868250075,-73.97871972592962,32,14.129032258064516,0.75,16,0,61.900375,0
-14795_8146,40.7341412147805,-73.97931053686183,6,15.333333333333334,0.5,4,0,10.746857,0
-14795_8147,40.737081318046314,-73.97880513713157,19,10.61111111111111,0.6842105263157895,12,0,5.779475,0
-14795_8148,40.74321095328758,-73.97819445962381,45,16.023255813953487,0.6,22,0,4.177835,0
-14795_8149,40.747491099694976,-73.9774296483232,79,16.22222222222222,0.5822784810126582,29,0,11.708414,0
-14795_8150,40.75271432982551,-73.9773991375212,128,12.328,0.78125,34,0,26.54278,0
-14795_8151,40.75742876112921,-73.97757577524763,150,15.224489795918368,0.6733333333333333,30,1,59.27089,1
-14795_8152,40.7624240463709,-73.97733322329078,120,14.552631578947368,0.6833333333333333,29,0,58.462334,0
-14795_8153,40.7657760296981,-73.97848907257315,20,13.894736842105264,0.75,8,0,59.85827,0
-14795_8154,40.774090776493665,-73.97950808467733,3,15.333333333333334,0.6666666666666666,2,0,16.507784,0
-14795_8155,40.777569495021204,-73.97842604596393,48,14.46808510638298,0.6875,18,0,3.3180602,0
-14795_8156,40.783272233684,-73.97794203433207,65,18.725806451612904,0.6,30,0,0.44535542,0
-14795_8157,40.78656443049109,-73.97663253433075,55,16.254901960784313,0.6363636363636364,24,0,0.111274034,0
-14795_8158,40.790056137747,-73.9751141447195,2,6.0,1.0,2,0,0.16917227,0
-14796_8114,40.573734986859854,-73.98092203268472,7,43.714285714285715,0.2857142857142857,5,0,56.09759,0
-14796_8115,40.57652120636191,-73.98189944454913,23,12.434782608695652,0.7391304347826086,16,2,56.983097,1
-14796_8117,40.58803289614,-73.984181691305,2,7.5,1.0,2,0,1.087577,0
-14796_8118,40.5945170667685,-73.9815642121055,2,9.0,1.0,2,0,0.05830578,0
-14796_8119,40.596162790750505,-73.98309650892483,6,9.833333333333334,1.0,5,0,0.037045013,0
-14796_8120,40.604752128814,-73.980081242698,1,24.0,0.0,1,0,0.04113839,0
-14796_8121,40.60532585860265,-73.98169961083985,14,21.076923076923077,0.5714285714285714,10,0,0.055071294,0
-14796_8122,40.61250002044662,-73.9825891697559,29,16.137931034482758,0.6551724137931034,14,0,0.04624019,0
-14796_8123,40.617931882254254,-73.98437898851276,4,12.333333333333334,0.75,4,0,0.11378131,0
-14796_8124,40.6247732785,-73.98452778446,1,13.0,1.0,1,0,0.25832498,0
-14796_8125,40.6275588194255,-73.9817243633335,2,23.5,0.5,1,0,0.3354816,0
-14796_8126,40.633140580944996,-73.98332969269,2,22.5,0.5,1,0,0.3432281,0
-14796_8127,40.63674572744425,-73.98251901041,4,11.75,0.75,1,0,0.41349944,0
-14796_8128,40.6416055419718,-73.9818826490428,5,15.0,0.8,4,0,2.3153896,0
-14796_8129,40.64708248049,-73.98187755779,1,0.0,0.0,1,0,8.005071,0
-14796_8131,40.65899755130335,-73.98177614506606,17,15.823529411764707,0.6470588235294118,13,0,20.358225,0
-14796_8132,40.66252556006814,-73.98254884282572,35,12.484848484848484,0.8,18,0,26.955854,0
-14796_8133,40.66681627137934,-73.98202224048276,30,10.285714285714286,0.8666666666666667,16,0,34.457466,0
-14796_8134,40.672702394345535,-73.98331589449184,43,15.731707317073171,0.5813953488372093,22,2,78.161545,1
-14796_8135,40.67702651566185,-73.98226412504128,39,13.710526315789474,0.6923076923076923,18,1,80.40687,1
-14796_8136,40.68299425351462,-73.98274391227599,8,10.0,0.875,7,0,79.75314,0
-14796_8137,40.687949975761875,-73.98243881631761,39,15.944444444444445,0.717948717948718,19,1,75.74457,1
-14796_8138,40.691479339725674,-73.98355501411292,68,12.4375,0.6470588235294118,28,2,77.711266,1
-14796_8139,40.6953497207,-73.98417596594,1,13.0,1.0,1,0,29.231644,0
-14796_8140,40.70243600202819,-73.9830598322814,5,6.4,1.0,5,0,16.56211,0
-14796_8142,40.71452618060467,-73.98190965388066,6,19.5,0.5,5,0,75.986946,0
-14796_8143,40.7191829143088,-73.98413350078367,15,17.928571428571427,0.4666666666666667,12,0,78.40483,0
-14796_8144,40.72277314312077,-73.98312040386716,61,12.982758620689655,0.7049180327868853,20,2,81.49966,1
-14796_8145,40.72753213815568,-73.98332093808868,131,15.9453125,0.6106870229007634,39,1,75.6317,1
-14796_8146,40.73140347492536,-73.98266228849498,61,17.033898305084747,0.5573770491803278,25,0,31.963924,0
-14796_8147,40.73808430232596,-73.98298049921056,45,13.186046511627907,0.7333333333333333,20,0,5.3402023,0
-14796_8148,40.74236325665144,-73.98247696841563,117,17.027272727272727,0.5811965811965812,34,0,3.413998,0
-14796_8149,40.747550749888326,-73.98325047078832,95,15.9438202247191,0.6210526315789474,31,0,7.10153,0
-14796_8150,40.75223788320149,-73.98265334891366,169,17.914634146341463,0.6568047337278107,39,0,11.800785,0
-14796_8151,40.75735127204003,-73.98230695932591,167,13.037267080745341,0.7065868263473054,37,0,40.039494,0
-14796_8152,40.762461501348064,-73.98265830939582,151,13.643356643356643,0.7417218543046358,32,0,50.00882,0
-14796_8153,40.766648703837305,-73.98255267605221,107,12.441176470588236,0.7009345794392523,33,0,61.296665,0
-14796_8154,40.77262065187489,-73.98227590918903,36,11.314285714285715,0.7777777777777778,15,0,19.523983,0
-14796_8155,40.77761579226572,-73.9815866027512,68,15.727272727272727,0.6176470588235294,28,0,4.0464153,0
-14796_8156,40.7810972215211,-73.98089221471525,31,11.448275862068966,0.6774193548387096,15,0,0.90039617,0
-14797_8114,40.57341134381567,-73.987346213474,6,4.833333333333333,1.0,2,0,43.96538,0
-14797_8115,40.57515862841,-73.98540324782,6,17.333333333333332,0.6666666666666666,3,0,43.96538,0
-14797_8116,40.5821057737192,-73.9860864645182,5,7.4,1.0,5,0,47.98932,0
-14797_8117,40.5862478979725,-73.9882036422805,2,24.0,0.5,2,0,1.9115888,0
-14797_8118,40.592791490104,-73.988377113181,1,12.0,1.0,1,0,0.114898905,0
-14797_8119,40.59844077175978,-73.98776990591492,14,15.285714285714286,0.5714285714285714,8,0,0.035317943,0
-14797_8120,40.6023195170762,-73.9863256696572,5,16.0,0.6,5,0,0.02920815,0
-14797_8121,40.609998221563,-73.985438819693,1,21.0,0.0,1,0,0.056578126,0
-14797_8122,40.612445510179754,-73.988289971703,4,15.25,0.75,3,0,0.081278235,0
-14797_8123,40.618341564260504,-73.98748479043613,8,11.125,0.875,7,0,0.09758989,0
-14797_8124,40.6210103463596,-73.98827959051229,10,19.5,0.6,8,0,0.05727614,0
-14797_8125,40.62865481851,-73.98799617417,1,12.0,0.0,1,0,0.08030546,0
-14797_8126,40.631187051877504,-73.98552724547866,6,14.0,0.6666666666666666,2,0,0.30383056,0
-14797_8127,40.6383968850987,-73.98817527184521,10,13.3,0.7,5,0,0.30951884,0
-14797_8128,40.642570839216,-73.9879270237495,4,20.5,0.5,3,0,1.0121603,0
-14797_8129,40.645115157587,-73.986904950193,1,12.0,1.0,1,0,2.3571198,0
-14797_8131,40.659720242665,-73.987918477093,1,26.0,0.0,1,0,11.878527,0
-14797_8132,40.66300711824945,-73.98695288340882,11,12.454545454545455,0.8181818181818182,8,0,25.441126,0
-14797_8133,40.66784138041009,-73.9875283203568,45,10.840909090909092,0.8666666666666667,18,1,40.448875,1
-14797_8134,40.67151582581971,-73.98712789787557,14,8.785714285714286,0.9285714285714286,8,0,51.15736,0
-14797_8135,40.67779400087179,-73.98609582365687,14,13.214285714285714,0.7142857142857143,10,0,66.75683,0
-14797_8136,40.682441413085336,-73.9871571535,3,4.0,0.6666666666666666,3,0,61.59474,0
-14797_8137,40.68816908864324,-73.98797360305092,29,16.25,0.5517241379310345,16,0,23.232325,0
-14797_8138,40.69215278349122,-73.98732682029063,57,10.425925925925926,0.7894736842105263,24,0,28.19691,0
-14797_8139,40.69617638463,-73.9882255893,1,13.0,1.0,1,0,10.221167,0
-14797_8140,40.702362660422914,-73.98772247464753,36,14.17142857142857,0.6666666666666666,21,0,3.3105273,0
-14797_8142,40.713798866259,-73.9881625374776,18,13.555555555555555,0.5555555555555556,14,0,70.11992,0
-14797_8143,40.71824478106851,-73.98813540888098,113,14.372727272727273,0.5929203539823009,36,0,77.99968,0
-14797_8144,40.722035745471324,-73.9879895475864,135,14.782945736434108,0.6666666666666666,34,1,81.413345,1
-14797_8145,40.727725273813334,-73.98746948174896,192,15.166666666666666,0.6197916666666666,36,0,75.92414,0
-14797_8146,40.73252007913105,-73.98746019646205,109,14.931372549019608,0.6238532110091743,32,0,37.759026,0
-14797_8147,40.7379206584261,-73.9879832366077,82,13.0375,0.7317073170731707,26,0,10.705786,0
-14797_8148,40.743003883066166,-73.98780667985774,136,14.198473282442748,0.6985294117647058,38,0,7.127066,0
-14797_8149,40.747439626823436,-73.98698301152068,200,15.27461139896373,0.7,32,0,6.810489,0
-14797_8150,40.75272140356895,-73.98739297579549,168,15.993865030674847,0.6488095238095238,39,0,13.858864,0
-14797_8151,40.757769263741544,-73.98748158533901,157,14.616883116883116,0.6687898089171974,28,0,32.943092,0
-14797_8152,40.76227358603304,-73.98767820778824,168,15.290123456790123,0.6369047619047619,36,2,56.659992,1
-14797_8153,40.76722288991742,-73.98746839416637,60,16.736842105263158,0.5666666666666667,24,2,69.33597,1
-14797_8154,40.772154620479746,-73.98796720971767,12,9.583333333333334,0.75,6,0,37.425694,0
-14797_8155,40.77666668167,-73.98922949915,1,13.0,1.0,1,0,24.702814,0
-14798_8115,40.575703721868,-73.993153323188,3,10.333333333333334,0.6666666666666666,2,0,29.262972,0
-14798_8118,40.5909944659355,-73.99275689967884,6,12.166666666666666,0.8333333333333334,5,0,0.45063537,0
-14798_8119,40.599260784078574,-73.99092495052014,7,9.428571428571429,1.0,5,0,0.054825686,0
-14798_8120,40.60134410079878,-73.99292290434434,27,15.652173913043478,0.5555555555555556,11,0,0.10345968,0
-14798_8121,40.608987978181,-73.993702136083,3,6.0,1.0,3,0,0.046778042,0
-14798_8122,40.6132223311173,-73.99204953005349,10,14.11111111111111,0.6,6,0,0.04519053,0
-14798_8123,40.61682100774604,-73.99254486900408,27,18.40740740740741,0.5925925925925926,13,0,0.030765625,0
-14798_8124,40.621337594258804,-73.992292752433,5,15.8,0.4,5,0,0.047984075,0
-14798_8126,40.63367169234588,-73.99343783522625,8,23.125,0.25,4,0,0.046764374,0
-14798_8127,40.636686469343005,-73.99317588969767,9,18.0,0.7777777777777778,3,0,0.12560345,0
-14798_8128,40.64109140143283,-73.99350838898,12,10.416666666666666,0.6666666666666666,7,0,0.4346829,0
-14798_8129,40.64543416742,-73.99447583719,1,41.0,0.0,1,0,1.5733223,0
-14798_8132,40.66262313166672,-73.99234012583834,32,9.03125,0.8125,14,0,16.526426,0
-14798_8133,40.66772735024943,-73.99259078079264,14,12.5,0.5,9,0,24.008148,0
-14798_8134,40.67203594983214,-73.99101339432058,7,14.571428571428571,0.7142857142857143,7,0,44.447105,0
-14798_8135,40.677890930503,-73.990738090237,1,11.0,1.0,1,0,47.72443,0
-14798_8136,40.682981949359174,-73.99309206947824,51,16.686274509803923,0.6078431372549019,20,0,24.619576,0
-14798_8137,40.68707514896973,-73.99235916054059,60,14.192982456140351,0.65,30,0,16.104599,0
-14798_8138,40.692336970014814,-73.99251697353613,65,13.5,0.6923076923076923,27,0,10.370818,0
-14798_8139,40.69845693623558,-73.99267222527563,19,15.0,0.5789473684210527,9,0,4.7066507,0
-14798_8140,40.702911176936105,-73.99244282926061,47,16.043478260869566,0.6170212765957447,25,0,2.9879925,0
-14798_8142,40.71391184032074,-73.99237986429002,62,15.017543859649123,0.5483870967741935,25,0,69.1493,0
-14798_8143,40.71765196352506,-73.99222110013199,116,15.29203539823009,0.6120689655172413,28,1,74.18235,1
-14798_8144,40.722463217781396,-73.9930489271842,78,14.402777777777779,0.6282051282051282,31,1,76.26992,1
-14798_8145,40.72714406670126,-73.99252976983048,78,14.142857142857142,0.6666666666666666,27,0,72.34541,0
-14798_8146,40.73256891664592,-73.99258682387428,100,13.11340206185567,0.75,31,0,46.270172,0
-14798_8147,40.73751674667786,-73.9919760866446,78,12.121621621621621,0.7435897435897436,35,0,26.269999,0
-14798_8148,40.74248262512572,-73.99233207958501,92,13.494117647058824,0.6521739130434783,31,0,15.484232,0
-14798_8149,40.747263019156826,-73.99247607200566,109,13.549019607843137,0.6605504587155964,35,1,14.346313,1
-14798_8150,40.751843141781364,-73.99211730684236,210,11.610576923076923,0.7857142857142857,37,0,7.5680165,0
-14798_8151,40.75724212894082,-73.99201543222595,127,14.487804878048781,0.5984251968503937,32,0,17.557209,0
-14798_8152,40.76198798008326,-73.9921209373278,88,16.11111111111111,0.5,34,0,26.165823,0
-14798_8153,40.767129834780064,-73.99183924769459,17,12.625,0.6470588235294118,10,0,60.998802,0
-14798_8154,40.77142011112178,-73.99149403334455,9,15.444444444444445,0.6666666666666666,5,0,47.304367,0
-14799_8115,40.57529034987267,-73.99681546588799,3,17.333333333333332,0.3333333333333333,3,0,20.562449,0
-14799_8118,40.59391877493675,-73.997021320016,4,5.75,1.0,4,0,0.4563128,0
-14799_8119,40.598785302116,-73.99781000980967,6,19.333333333333332,0.3333333333333333,6,0,0.121782266,0
-14799_8120,40.60399166447315,-73.99747478590035,34,14.393939393939394,0.7058823529411765,13,0,0.056037202,0
-14799_8121,40.60525871870938,-73.99862519568512,16,14.2,0.625,11,0,0.05035386,0
-14799_8122,40.611980849377,-73.99740437241344,9,13.555555555555555,0.4444444444444444,4,0,0.053763296,0
-14799_8123,40.61793569163667,-73.9994170674995,6,24.0,0.5,5,0,0.011150317,0
-14799_8124,40.62222440805422,-73.99851027782366,9,18.22222222222222,0.6666666666666666,5,0,0.019206593,0
-14799_8125,40.62583790580088,-73.998192011807,8,12.625,0.875,6,0,0.023296364,0
-14799_8126,40.6318854142678,-73.9953697252232,5,38.2,0.4,4,0,0.020250851,0
-14799_8127,40.638089801013,-73.99842183985899,5,17.6,0.6,4,0,0.2816207,0
-14799_8128,40.6448941275152,-73.9997866746352,5,13.6,0.8,5,0,2.7416542,0
-14799_8129,40.64610570243494,-73.997343295136,16,14.5,0.6875,8,0,3.4685266,0
-14799_8131,40.658228631235666,-73.99912898544967,3,24.333333333333332,0.6666666666666666,3,0,10.302465,0
-14799_8132,40.662498546845164,-73.9966881324585,6,14.5,0.6666666666666666,3,0,12.761188,0
-14799_8133,40.667565399417,-73.996420534395,1,10.0,1.0,1,0,17.794147,0
-14799_8134,40.67433200710375,-73.99879140058874,4,7.5,1.0,4,0,11.240005,0
-14799_8135,40.67740152781164,-73.99776202498622,28,14.464285714285714,0.75,13,0,13.887115,0
-14799_8136,40.682484356987764,-73.9968580268256,25,14.521739130434783,0.6,12,0,9.253519,0
-14799_8137,40.68746571757475,-73.9971225815015,4,19.5,0.5,3,0,6.4498105,0
-14799_8138,40.69162854986722,-73.99703588129462,27,15.0,0.5555555555555556,13,0,5.6188684,0
-14799_8139,40.69516203522675,-73.9958853304875,4,12.0,0.75,4,0,5.607249,0
-14799_8140,40.70141873310925,-73.99561084489599,4,16.5,0.75,3,0,2.1448438,0
-14799_8142,40.71401391953396,-73.9976217836644,78,14.694444444444445,0.5897435897435898,13,0,33.36869,0
-14799_8143,40.71729415804149,-73.99762785984298,181,16.601156069364162,0.5414364640883977,23,1,59.231228,1
-14799_8144,40.72200644199096,-73.99676983235287,126,13.85593220338983,0.6428571428571429,37,0,61.76105,0
-14799_8145,40.728087614643094,-73.99819876655505,75,14.567567567567568,0.7066666666666667,25,1,55.76885,1
-14799_8146,40.73276005298033,-73.99802697413024,54,12.54,0.7222222222222222,19,0,45.438637,0
-14799_8147,40.73735897061049,-73.99731857590265,57,12.296296296296296,0.7543859649122807,24,1,51.87822,1
-14799_8148,40.74311288221478,-73.99752569176921,68,14.384615384615385,0.6323529411764706,22,0,23.485899,0
-14799_8149,40.7475104849409,-73.99678587692,30,15.266666666666667,0.5666666666666667,15,0,13.923335,0
-14799_8150,40.75294738136377,-73.99760467691905,91,12.647727272727273,0.7252747252747253,29,0,14.802311,0
-14799_8151,40.75681642787741,-73.99768583593847,17,18.352941176470587,0.5882352941176471,9,0,16.237354,0
-14799_8152,40.76201343822346,-73.99723414212501,15,24.466666666666665,0.4666666666666667,8,0,19.340927,0
-14799_8153,40.766042205722,-73.997288853232,1,12.0,1.0,1,0,49.777775,0
-14800_8114,40.57476700421,-74.00339089015,1,12.0,1.0,1,0,15.76,0
-14800_8119,40.595425702365745,-74.000450997852,4,13.25,0.75,4,0,0.22580859,0
-14800_8120,40.601620660536625,-74.00219422164325,16,13.071428571428571,0.8125,13,0,0.15270893,0
-14800_8121,40.607361372277964,-74.0024778040545,26,14.72,0.7307692307692307,14,0,0.07370077,0
-14800_8122,40.612764272689525,-74.00073559220695,17,16.9375,0.47058823529411764,11,0,0.01359181,0
-14800_8123,40.6183583766,-74.0012751141065,2,20.5,0.5,2,0,0.019986516,0
-14800_8124,40.6239344092545,-74.0009708340265,4,19.333333333333332,0.5,2,0,0.0254168,0
-14800_8125,40.627773518671425,-74.00375955125071,7,23.714285714285715,0.5714285714285714,5,0,0.045663748,0
-14800_8126,40.632937236266365,-74.00390807055872,11,15.818181818181818,0.5454545454545454,5,0,0.13243392,0
-14800_8127,40.63767934117367,-74.001878455744,3,19.0,0.6666666666666666,2,0,0.49568912,0
-14800_8128,40.64230652155237,-74.0027680404508,46,13.568181818181818,0.6086956521739131,10,0,3.0450668,0
-14800_8129,40.647358387943996,-74.000778373782,2,8.5,1.0,2,0,8.604893,0
-14800_8130,40.65184688392196,-74.0041385806803,29,17.06896551724138,0.6551724137931034,14,0,21.041761,0
-14800_8131,40.656711814285366,-74.00286788842918,11,13.636363636363637,0.6363636363636364,7,0,18.819977,0
-14800_8132,40.66029453592,-74.00074248664,1,7.0,1.0,1,0,12.186618,0
-14800_8134,40.67096348119,-74.00137346037,1,2.0,1.0,1,0,11.876766,0
-14800_8135,40.675860166254,-74.00079854442251,2,7.0,0.5,2,0,8.613914,0
-14800_8136,40.683321493555155,-74.00240518528076,13,16.846153846153847,0.5384615384615384,10,0,4.3811455,0
-14800_8137,40.686631827282,-74.0019156675133,7,12.142857142857142,0.2857142857142857,4,0,2.3605325,0
-14800_8138,40.6937931508155,-74.0008834994515,2,31.0,0.5,2,0,3.811766,0
-14800_8141,40.70721233975921,-74.002959035611,33,18.21212121212121,0.6363636363636364,17,0,3.3373907,0
-14800_8142,40.71165884790625,-74.00160697468175,4,19.0,0.5,2,0,12.515002,0
-14800_8143,40.717828821362176,-74.00252528214452,39,14.675675675675675,0.6153846153846154,19,0,26.689445,0
-14800_8144,40.72276217238902,-74.00340520665632,55,13.20754716981132,0.7636363636363637,22,0,36.98185,0
-14800_8145,40.727878673243765,-74.00197068146842,168,13.464968152866241,0.6190476190476191,34,0,31.49076,0
-14800_8146,40.73216404665898,-74.00242184988478,186,15.591160220994475,0.6612903225806451,40,0,39.63707,0
-14800_8147,40.73739874456348,-74.00191910178525,87,16.071428571428573,0.6206896551724138,30,0,43.590824,0
-14800_8148,40.741943587200815,-74.00298422773376,91,13.630952380952381,0.6483516483516484,30,0,39.03616,0
-14800_8149,40.74732749426329,-74.00232350490855,35,14.6,0.8,16,0,13.296588,0
-14800_8150,40.75260366482852,-74.00135810678091,50,9.9,0.86,20,0,12.77945,0
-14800_8151,40.75587699815704,-74.00189559853716,24,7.434782608695652,0.9583333333333334,5,0,14.445007,0
-14800_8152,40.76154358007,-74.00006858628,1,12.0,1.0,1,0,16.81432,0
-14801_8120,40.603992700878,-74.0061603961535,8,18.428571428571427,0.5,7,0,0.21535075,0
-14801_8121,40.607774622468625,-74.00693052020524,8,13.25,0.75,5,0,0.16861878,0
-14801_8122,40.61137846623317,-74.00948375362233,6,15.666666666666666,0.6666666666666666,6,0,0.1617409,0
-14801_8123,40.61883127038428,-74.008885287076,11,14.0,0.45454545454545453,9,0,0.03073191,0
-14801_8124,40.621415900736,-74.0063405296825,16,16.0,0.5625,11,0,0.038207587,0
-14801_8125,40.628751759175145,-74.00581098259201,7,29.714285714285715,0.2857142857142857,4,0,0.07115788,0
-14801_8126,40.632244455434,-74.00749888530542,12,14.583333333333334,0.5833333333333334,5,0,0.19262376,0
-14801_8127,40.63749398111132,-74.00780938412915,90,15.10344827586207,0.6111111111111112,12,0,1.7467238,0
-14801_8128,40.64122670147933,-74.00737657667085,21,14.095238095238095,0.7142857142857143,7,0,4.1539354,0
-14801_8129,40.64758989579052,-74.00838642706299,35,15.696969696969697,0.5714285714285714,13,1,54.097836,1
-14801_8130,40.65205933283329,-74.00697960805641,17,18.75,0.7058823529411765,10,0,25.796661,0
-14801_8131,40.65616401461525,-74.00679339097658,24,10.26086956521739,0.7916666666666666,18,0,24.194588,0
-14801_8134,40.6745053888285,-74.00733452522701,2,11.0,1.0,2,0,9.17453,0
-14801_8135,40.67856845483175,-74.00531060340775,4,12.333333333333334,0.75,3,1,8.544651,1
-14801_8136,40.6811010981655,-74.0069062035845,2,8.5,1.0,2,0,5.4180865,0
-14801_8140,40.704355387245045,-74.00902106423705,25,11.75,0.8,14,0,6.6656485,0
-14801_8141,40.70793269986533,-74.00751026259343,126,16.058333333333334,0.6349206349206349,35,1,8.618978,1
-14801_8142,40.712437669947505,-74.00801808240901,87,10.926829268292684,0.735632183908046,29,0,6.110352,0
-14801_8143,40.71724069131041,-74.00764470574973,78,15.397260273972602,0.5512820512820513,31,0,13.305004,0
-14801_8144,40.72253617433318,-74.00828787735304,28,12.92,0.6428571428571429,13,0,29.036272,0
-14801_8145,40.727381726360306,-74.00662592056713,56,11.290909090909091,0.8214285714285714,26,0,27.606552,0
-14801_8146,40.73292209837643,-74.00664247126936,58,15.196428571428571,0.6206896551724138,25,0,32.783234,0
-14801_8147,40.73721277558631,-74.00659492899253,55,14.584905660377359,0.6363636363636364,19,0,29.076368,0
-14801_8148,40.742395631340976,-74.00725709285322,52,11.32,0.7307692307692307,21,1,46.687996,1
-14801_8149,40.74757315980756,-74.00671924198811,9,22.88888888888889,0.5555555555555556,5,0,16.674261,0
-14801_8150,40.7509266961885,-74.005955224,10,7.222222222222222,0.8,10,0,15.456859,0
-14802_8122,40.612745382936,-74.0117533465165,4,23.25,0.5,4,0,0.048411317,0
-14802_8123,40.616477640835,-74.01141630393249,2,21.0,0.0,1,0,0.049199007,0
-14802_8125,40.62848929482243,-74.01241755875,14,22.076923076923077,0.42857142857142855,8,0,0.5301256,0
-14802_8126,40.632898069220644,-74.01182445586657,14,14.0,0.7142857142857143,5,0,1.7201567,0
-14802_8127,40.636706094359255,-74.01133821546081,36,16.142857142857142,0.6944444444444444,8,0,1.4691011,0
-14802_8128,40.64246520658271,-74.01300489084794,31,10.633333333333333,0.6129032258064516,15,0,19.840193,0
-14802_8129,40.646840139884,-74.01249607047012,16,13.0625,0.75,7,1,59.05325,1
-14802_8130,40.65176075409575,-74.0117124819745,8,10.25,0.75,4,0,44.684357,0
-14802_8131,40.65546433378,-74.013122309745,2,5.5,1.0,2,0,40.05564,0
-14802_8134,40.672283187444,-74.011121284536,1,27.0,0.0,1,0,9.912298,0
-14802_8135,40.67768324808231,-74.01216543950682,16,8.8,0.8125,13,0,11.410214,0
-14802_8140,40.703285905283074,-74.01167017379106,84,13.425,0.6904761904761905,31,0,5.460934,0
-14802_8141,40.70780993072356,-74.01228167009685,78,11.541666666666666,0.7307692307692307,22,0,7.5495152,0
-14802_8142,40.71211652637549,-74.01203304867657,49,9.583333333333334,0.7346938775510204,15,0,5.3625507,0
-14802_8143,40.71732818727661,-74.010697577418,33,15.65625,0.42424242424242425,15,0,8.177336,0
-14802_8144,40.720652807889145,-74.01037024873914,7,14.285714285714286,0.7142857142857143,3,0,10.721645,0
-14802_8146,40.732761545604,-74.01033038818,1,40.0,0.0,1,0,24.169003,0
-14803_8123,40.617715737743,-74.019994680554,1,22.0,0.0,1,0,0.09169679,0
-14803_8126,40.630224479201,-74.015015944606,1,12.0,1.0,1,0,1.3757088,0
-14803_8127,40.63876851461018,-74.016614713349,11,11.555555555555555,0.6363636363636364,7,0,11.971309,0
-14803_8128,40.641521661787344,-74.01657041975692,23,11.090909090909092,0.782608695652174,13,0,24.261007,0
-14803_8129,40.6472655812015,-74.0188125740305,4,21.0,0.75,3,0,60.24924,0
-14803_8134,40.674559377879504,-74.0161705759225,2,64.5,0.5,2,0,10.835847,0
-14803_8135,40.676279674201,-74.01610700028874,4,6.5,1.0,1,0,10.835847,0
-14803_8140,40.704880942244,-74.015808271626,2,12.5,1.0,1,0,6.377423,0
-14803_8141,40.7071504746216,-74.0166145770402,5,34.4,0.4,4,0,6.603712,0
-14803_8142,40.712962983743175,-74.01574680255005,47,10.173913043478262,0.851063829787234,22,0,4.1528897,0
-14803_8143,40.715514147909,-74.0160254376865,2,16.5,0.5,2,0,5.112363,0
-14804_8123,40.618648004271,-74.02150692009475,4,9.5,1.0,4,0,0.0388444,0
-14804_8124,40.6232794358915,-74.024589883624,6,15.5,0.6666666666666666,6,0,0.11296732,0
-14804_8125,40.62761320984452,-74.0234599693574,25,16.458333333333332,0.56,14,0,0.42466173,0
-14804_8126,40.6329986007139,-74.0215026081518,30,15.366666666666667,0.6333333333333333,13,0,7.5338798,0
-14804_8127,40.63527679889218,-74.02298090993727,11,12.4,0.5454545454545454,9,1,16.273163,1
-14804_8129,40.64589506488117,-74.02236766935184,6,8.0,1.0,4,0,53.97774,0
-14805_8123,40.618062421583005,-74.0288917689985,4,20.0,0.25,3,0,0.080083005,0
-14805_8124,40.62212932823512,-74.02719612529954,43,13.85,0.6976744186046512,22,0,0.11789633,0
-14805_8125,40.62883098886178,-74.028840795382,18,14.277777777777779,0.7222222222222222,10,0,1.3690721,0
-14805_8126,40.63292966241612,-74.02721096445286,51,12.895833333333334,0.6862745098039216,21,0,5.356195,0
-14805_8127,40.63602640864782,-74.02611742556735,17,16.75,0.5294117647058824,15,0,21.274046,0
-14806_8122,40.61322491136775,-74.03331801078625,4,12.0,1.0,3,0,2.9444742,0
-14806_8123,40.61755008718762,-74.03202421741665,34,17.303030303030305,0.6470588235294118,15,0,0.08008304,0
-14806_8124,40.6230929180286,-74.03126288144848,37,14.594594594594595,0.5945945945945946,16,0,0.116054565,0
-14806_8125,40.625527350399196,-74.0302106094088,5,7.8,1.0,5,0,0.13172452,0
-14806_8127,40.638013181668,-74.032838626406,2,16.5,0.5,2,0,20.04089,0
-14807_8122,40.613871867304496,-74.035996265598,2,10.5,0.5,2,0,1.3812027,0
-14807_8127,40.638679363819,-74.03555931133,1,0.0,0.0,1,0,31.562737,0
-14812_8119,40.59770699188,-74.06324643368,1,12.0,1.0,1,0,0.20226943,0
-14812_8121,40.60983084703,-74.06300945567,1,9.0,1.0,1,0,1.0580039,0
-14812_8122,40.610665477702,-74.0636088438696,5,26.6,0.6,5,0,1.0580039,0
-14813_8117,40.58971738262,-74.067238972,1,18.0,0.0,1,0,0.20226943,0
-14813_8118,40.5923924864708,-74.068111588009,5,13.0,0.6,5,0,0.20226935,0
-14813_8119,40.598104179039666,-74.066287198974,3,12.333333333333334,0.3333333333333333,3,0,0.20226943,0
-14813_8122,40.6141526431768,-74.066183140974,5,11.4,0.4,5,0,0.47974545,0
-14813_8123,40.6169966929887,-74.0682142506339,10,10.5,0.9,8,0,0.47974545,0
-14814_8118,40.592814177678,-74.070677121271,1,2.0,1.0,1,0,0.18336411,0
-14814_8119,40.597564312102,-74.07241601714175,4,11.0,1.0,4,0,0.09228754,0
-14814_8122,40.613728516222,-74.0721814927455,2,15.0,0.5,2,0,0.47974545,0
-14814_8123,40.6156530651775,-74.0736261313495,2,11.0,0.5,2,0,0.66557944,0
-14814_8124,40.621940942042,-74.072141768277,1,12.0,1.0,1,0,0.39995825,0
-14814_8125,40.628413616506,-74.07446678939571,7,14.0,0.7142857142857143,7,0,2.6533294,0
-14814_8128,40.643770687770164,-74.07282668705717,6,18.8,0.5,4,0,52.837532,0
-14815_8119,40.5985605207695,-74.079872877532,4,16.25,0.25,4,0,0.15662028,0
-14815_8124,40.6248470265515,-74.0793388823055,2,16.5,0.5,2,0,1.8791884,0
-14815_8125,40.62767633237722,-74.07670547510385,14,20.615384615384617,0.6428571428571429,11,0,1.9270512,0
-14815_8126,40.632693176656495,-74.07568598359599,6,13.833333333333334,0.6666666666666666,5,0,10.118427,0
-14815_8127,40.63813984119306,-74.07805317979253,17,17.823529411764707,0.5882352941176471,11,1,50.703247,1
-14815_8128,40.64331925012407,-74.07679920479481,26,11.346153846153847,0.5384615384615384,16,0,48.44411,0
-14816_8119,40.597882064550504,-74.083437868309,4,19.25,0.25,4,0,0.10049978,0
-14816_8120,40.60344539303467,-74.08331191338434,3,9.666666666666666,0.6666666666666666,3,0,1.6528137,0
-14816_8123,40.6184847461585,-74.084896441421,2,10.0,1.0,2,1,41.202553,1
-14816_8124,40.62392630829467,-74.081715321753,3,35.0,0.0,2,0,1.8791884,0
-14816_8127,40.637573619198,-74.08007708826767,3,17.0,0.3333333333333333,1,0,50.703247,0
-14817_8117,40.589507305947,-74.089442859147,1,10.0,1.0,1,0,0.0605612,0
-14817_8118,40.592584163103375,-74.08728570625063,8,14.625,0.625,8,0,0.108655795,0
-14817_8119,40.596166590447126,-74.08574655675,8,13.125,0.625,7,0,0.1443283,0
-14817_8120,40.6014581807,-74.08577138631,1,5.0,1.0,1,0,0.31262046,0
-14817_8121,40.609103481533,-74.087981782462,1,11.0,1.0,1,0,9.299593,0
-14817_8122,40.611927746693496,-74.08813859049249,2,26.0,0.0,2,0,11.77209,0
-14817_8125,40.62878041249,-74.08855181453,1,12.0,1.0,1,0,3.8424864,0
-14817_8126,40.6343440963805,-74.08583813596074,4,8.0,0.75,3,0,3.8615837,0
-14817_8127,40.638162982188994,-74.08738249534933,3,13.333333333333334,0.6666666666666666,3,0,8.425353,0
-14817_8129,40.64572324567,-74.08588616449,1,13.0,0.0,1,0,6.9533167,0
-14818_8114,40.5722931952285,-74.093084050938,2,19.5,0.0,2,0,0.82203734,0
-14818_8116,40.584674945426,-74.09408999044419,5,18.8,0.4,4,0,0.090739876,0
-14818_8117,40.586897569555546,-74.09188232041154,11,14.545454545454545,0.7272727272727273,9,0,0.056960918,0
-14818_8120,40.60090383777,-74.092681158388,1,13.0,1.0,1,0,0.31653398,0
-14818_8128,40.6419969374475,-74.0949184612355,2,9.5,0.5,2,0,0.80941206,0
-14819_8114,40.5720569273,-74.09501666606,1,13.0,1.0,1,0,0.3600112,0
-14819_8116,40.58194055794175,-74.09747925838062,8,14.75,0.75,7,0,0.050120365,0
-14819_8118,40.594227202425,-74.0991567625715,2,18.0,0.5,2,0,0.07274065,0
-14819_8119,40.596219273318,-74.095065584892,2,40.5,0.0,1,0,0.031615376,0
-14819_8123,40.6161298109,-74.09524893217,2,8.5,1.0,1,0,3.437902,0
-14819_8124,40.622227644574,-74.09654006595,1,10.0,1.0,1,0,0.70187706,0
-14819_8126,40.633992761544,-74.098625204701,1,20.0,0.0,1,0,0.8306826,0
-14819_8128,40.644751373347,-74.09757213923068,3,8.0,1.0,3,0,1.5790889,0
-14820_8112,40.56131113026,-74.10439457197,1,11.0,1.0,1,0,0.86478573,0
-14820_8113,40.56592483354867,-74.10063585215734,3,10.666666666666666,0.6666666666666666,1,0,0.7558533,0
-14820_8115,40.57642360445359,-74.10377061968659,12,12.5,0.5,8,0,0.08604709,0
-14820_8117,40.58819534977767,-74.10287801369614,15,18.733333333333334,0.6666666666666666,10,0,0.07293504,0
-14820_8118,40.591379753595334,-74.10094200386334,3,11.666666666666666,0.3333333333333333,2,0,0.15272072,0
-14820_8122,40.613366849845,-74.100456725438,1,7.0,1.0,1,0,1.9017819,0
-14820_8123,40.616321945064996,-74.10347383783,5,17.0,0.4,5,0,1.3937715,0
-14820_8126,40.6308722340732,-74.10306944228347,15,12.866666666666667,0.6666666666666666,12,0,0.8543607,0
-14820_8129,40.645224538,-74.10467411188,2,9.5,1.0,1,0,0.8847597,0
-14821_8114,40.57246018537356,-74.107658820474,9,12.88888888888889,0.6666666666666666,8,0,0.03368404,0
-14821_8115,40.579334074917,-74.108617961921,3,11.333333333333334,1.0,3,0,0.03896895,0
-14821_8123,40.61823187799,-74.10516111802,1,28.0,0.0,1,0,1.3937715,0
-14821_8125,40.629964398151,-74.10962356067151,2,12.5,1.0,2,0,0.45952117,0
-14821_8126,40.631004284247766,-74.10780106228223,13,9.692307692307692,0.9230769230769231,9,0,0.45952117,0
-14821_8129,40.645213274126,-74.10793885512,1,22.0,0.0,1,0,0.97053874,0
-14822_8113,40.56746106916188,-74.1127640295726,25,12.08,0.76,17,0,0.12612584,0
-14822_8114,40.571551824000046,-74.11196538161335,23,14.608695652173912,0.6086956521739131,13,0,0.04462322,0
-14822_8116,40.5817466760764,-74.111920507464,5,14.6,0.6,5,0,0.062582105,0
-14822_8117,40.588574289339,-74.111130538314,1,10.0,1.0,1,0,0.28223336,0
-14822_8125,40.629042244031595,-74.1129040038454,10,13.8,0.7,6,0,0.45505026,0
-14822_8126,40.634725207109,-74.111068976792,2,13.0,0.5,2,0,0.3758216,0
-14823_8112,40.564311049485,-74.115941618521,1,10.0,1.0,1,0,0.27890825,0
-14823_8114,40.57374558460358,-74.11639121229466,12,14.166666666666666,0.75,8,0,0.013086474,0
-14823_8115,40.5756598231215,-74.1195251195305,2,18.5,0.5,2,0,0.051103354,0
-14823_8125,40.628931359888796,-74.1167395264322,5,10.2,0.8,4,0,0.34548166,0
-14823_8126,40.634393369407,-74.118985800469,2,8.5,1.0,1,0,0.25530487,0
-14823_8127,40.637272532008,-74.11732754743333,3,22.0,0.3333333333333333,3,0,0.25530487,0
-14824_8120,40.603819897362,-74.1209297995415,4,12.75,0.75,3,0,0.19424677,0
-14824_8121,40.60712707860412,-74.12087863650025,8,16.75,0.625,7,0,0.1801943,0
-14824_8122,40.613126970451724,-74.12240583000965,18,14.666666666666666,0.6111111111111112,12,0,0.29180714,0
-14824_8123,40.617417452529,-74.123618192153,2,27.0,0.5,2,0,0.38546968,0
-14824_8125,40.62933606618,-74.12292162917,1,21.0,0.0,1,0,0.15247749,0
-14824_8126,40.634037234280335,-74.123522394989,3,10.666666666666666,1.0,2,0,0.09971789,0
-14825_8112,40.564782063269,-74.12791226067375,4,16.333333333333332,0.25,4,0,0.25635126,0
-14825_8113,40.5666453877325,-74.1264104553245,2,18.0,0.5,1,0,0.084201425,0
-14825_8115,40.575426141215,-74.127501657859,2,16.0,0.5,2,0,0.09846245,0
-14825_8118,40.594446818183,-74.125676534427,1,10.0,1.0,1,0,3.364067,0
-14825_8122,40.612666135006165,-74.12806319212224,12,14.916666666666666,0.6666666666666666,9,0,0.08030874,0
-14825_8125,40.6265654653235,-74.12891958499863,8,18.125,0.5,7,0,0.17893346,0
-14825_8126,40.6338910864525,-74.12540883048399,2,5.0,0.5,1,0,0.12576513,0
-14825_8127,40.637146867224,-74.128700956893,1,14.0,0.0,1,0,0.23364672,0
-14826_8112,40.56229119111563,-74.13358666623024,8,8.375,0.875,7,0,0.71630263,0
-14826_8119,40.599642209161,-74.131015862648,1,19.0,0.0,1,0,0.30815923,0
-14826_8120,40.60356117984,-74.13152955600799,2,7.5,1.0,2,0,0.14764182,0
-14826_8122,40.612601161826724,-74.13140156214664,11,18.454545454545453,0.2727272727272727,9,0,0.08030874,0
-14826_8124,40.624695655288,-74.131872164269,1,29.0,0.0,1,0,0.072345346,0
-14826_8125,40.626219343089,-74.1326314990975,18,18.77777777777778,0.5555555555555556,13,0,0.06081226,0
-14826_8126,40.631641961363336,-74.13171783686967,3,19.0,0.3333333333333333,2,0,0.035214473,0
-14826_8127,40.63683125573975,-74.13424571211208,12,19.25,0.4166666666666667,6,0,0.2774399,0
-14826_8128,40.640285664643,-74.1310022875365,2,22.0,0.0,2,0,0.40844736,0
-14827_8112,40.560189401769,-74.135022931167,1,10.0,1.0,1,0,0.27952188,0
-14827_8114,40.5729618040855,-74.136594867906,2,8.5,1.0,2,0,0.24491048,0
-14827_8122,40.612044120311,-74.137231607016,1,9.0,1.0,1,0,0.092640474,0
-14827_8123,40.616137572684,-74.138702432478,1,30.0,0.0,1,0,0.100940555,0
-14827_8124,40.6245691763655,-74.1370233009615,8,10.714285714285714,0.75,8,0,0.034928754,0
-14827_8125,40.6254005273225,-74.13527514375825,4,16.75,0.5,4,0,0.03492874,0
-14827_8126,40.63278567339075,-74.13732211961324,4,12.25,0.75,4,0,0.030319506,0
-14827_8127,40.635650258448,-74.1352644757965,2,10.0,1.0,1,0,0.1549118,0
-14828_8108,40.543554899232,-74.14156360418924,4,15.5,0.75,3,0,0.08041373,0
-14828_8110,40.553491391849505,-74.143500063126,2,9.5,1.0,2,0,0.13394207,0
-14828_8124,40.62475526824633,-74.14318075933583,6,15.25,0.3333333333333333,6,0,0.044859156,0
-14828_8125,40.62673070964925,-74.1429060907695,4,10.25,1.0,3,0,0.06523083,0
-14828_8126,40.63249462424934,-74.14172811604,3,20.333333333333332,0.3333333333333333,3,0,0.05584823,0
-14829_8107,40.53924993942433,-74.14857997346267,3,17.333333333333332,0.3333333333333333,2,0,0.16856293,0
-14829_8108,40.54129385959386,-74.14678611242485,7,9.142857142857142,0.8571428571428571,7,0,0.08927291,0
-14829_8110,40.551302030959,-74.14951727661467,3,15.0,0.6666666666666666,3,0,0.046018288,0
-14829_8111,40.55961005848,-74.14847068073,1,10.0,1.0,1,0,0.36618605,0
-14829_8114,40.571894366649,-74.145276519568,1,13.0,1.0,1,0,1.0999094,0
-14829_8122,40.61026786382867,-74.14640121028732,3,19.0,0.3333333333333333,3,0,0.38900083,0
-14829_8124,40.624355094459496,-74.14777199466683,12,14.166666666666666,0.75,9,0,0.044122532,0
-14829_8125,40.6250867175245,-74.14766406075425,4,8.25,0.75,4,0,0.044122532,0
-14829_8126,40.631176998984,-74.1469174111545,2,18.0,0.5,2,0,0.06107294,0
-14830_8107,40.537199964173716,-74.150582371343,7,18.428571428571427,0.2857142857142857,6,0,0.16856293,0
-14830_8109,40.54937182635,-74.1506823901095,2,7.0,1.0,2,0,0.009634374,0
-14830_8110,40.551156168579666,-74.15051090848378,9,15.0,0.7777777777777778,7,0,0.03947931,0
-14830_8121,40.608845221944,-74.153334607833,2,9.5,0.5,2,0,0.15380234,0
-14831_8109,40.54665201291834,-74.158596971965,3,24.0,0.3333333333333333,3,0,0.023850556,0
-14831_8112,40.56419263626,-74.15559273523,1,12.0,1.0,1,0,0.6530884,0
-14831_8122,40.612964043378504,-74.15855627536625,16,13.75,0.6875,10,0,0.15713897,0
-14831_8125,40.6260265627815,-74.15663265367026,4,16.75,0.5,4,0,0.11774562,0
-14831_8126,40.63239302787,-74.15517590805,1,9.0,1.0,1,0,0.09955188,0
-14831_8127,40.63680988243,-74.15882168242,1,19.0,0.0,1,0,0.28294942,0
-14832_8105,40.529119023309505,-74.1619641669165,2,15.5,0.5,2,0,0.99899256,0
-14832_8108,40.54324944757543,-74.16346960341272,7,17.0,0.7142857142857143,4,0,0.101056114,0
-14832_8109,40.54526723870009,-74.1606711856059,11,17.272727272727273,0.5454545454545454,10,0,0.025901943,0
-14832_8112,40.560219807688,-74.16424237707785,7,9.428571428571429,1.0,7,0,0.29102656,0
-14832_8115,40.57714172198025,-74.164064560971,4,13.75,0.5,4,0,0.9428529,0
-14832_8117,40.58988528332525,-74.164422735902,4,10.0,0.5,3,0,0.09570286,0
-14832_8118,40.59133922921243,-74.16470189899928,7,6.142857142857143,1.0,7,0,0.0957029,0
-14832_8119,40.598281573201,-74.162521484316,1,24.0,0.0,1,0,0.019164518,0
-14832_8120,40.60205502978375,-74.162481173547,4,15.75,0.75,4,0,0.08894026,0
-14832_8121,40.6078902762988,-74.16212467536789,10,12.7,0.7,9,0,0.17227747,0
-14832_8125,40.62677786163092,-74.16292617651933,12,20.166666666666668,0.25,11,0,0.07392689,0
-14833_8108,40.5440350275517,-74.1652581047323,10,20.9,0.3,7,0,0.0631672,0
-14833_8109,40.545275017584,-74.16571309997,1,12.0,1.0,1,0,0.0631672,0
-14833_8111,40.55904704955575,-74.1694487863205,4,14.5,0.75,3,0,0.27590862,0
-14833_8112,40.560184376407,-74.1697126009515,2,12.0,1.0,2,0,0.27590874,0
-14833_8115,40.57731558907417,-74.16969090003433,6,17.333333333333332,0.5,4,0,0.9428529,0
-14833_8116,40.5823511839178,-74.16904462886691,36,14.055555555555555,0.5277777777777778,18,0,0.052218873,0
-14833_8117,40.5882007351552,-74.1665559490164,5,13.2,0.6,5,0,0.14222209,0
-14833_8118,40.591262323838,-74.16501033182,1,13.0,1.0,1,0,0.09570286,0
-14833_8120,40.602195568282,-74.168274901915,1,25.0,0.0,1,0,0.114364296,0
-14833_8124,40.62207668828,-74.16972648882,1,25.0,0.0,1,0,0.97379535,0
-14833_8125,40.62788115214429,-74.16838468927001,7,15.428571428571429,0.7142857142857143,5,0,0.37755302,0
-14833_8127,40.635341905404,-74.166218649757,1,7.0,1.0,1,0,0.1296068,0
-14834_8120,40.603158937429995,-74.173821408095,2,26.5,0.0,1,0,0.05516533,0
-14835_8108,40.54135433884891,-74.17743142037428,11,17.818181818181817,0.45454545454545453,7,0,0.37735972,0
-14835_8120,40.60176500086875,-74.17712633425324,4,5.25,1.0,4,0,0.073189594,0
-14835_8122,40.612452518377,-74.17544666534741,5,21.4,0.8,2,0,0.4312007,0
-14836_8119,40.597300191971,-74.181765883807,1,11.0,1.0,1,0,0.016068442,0
-14836_8120,40.601548546163,-74.182134005827,1,56.0,0.0,1,0,0.019465717,0
-14836_8121,40.605879307729,-74.180730530503,1,12.0,1.0,1,0,0.05234396,0
-14836_8126,40.633637093936,-74.182636250251,1,20.0,0.0,1,0,0.20798698,0
-14837_8118,40.5931850219435,-74.1881530166565,2,18.0,0.5,2,0,0.12748982,0
-14838_8106,40.53269538320867,-74.19217387310667,9,15.333333333333334,0.5555555555555556,7,0,0.2445261,0
-14838_8110,40.553196818375206,-74.191854422524,5,12.0,0.8,5,0,0.51656944,0
-14838_8112,40.5619172608645,-74.193755526766,4,26.25,0.0,3,0,0.56693083,0
-14838_8117,40.58793656532766,-74.19253068011334,3,10.666666666666666,0.6666666666666666,3,0,0.98945314,0
-14838_8118,40.591504657766,-74.190978347022,1,14.0,0.0,1,0,0.25241134,0
-14838_8120,40.601997258461665,-74.192514953043,3,7.333333333333333,0.6666666666666666,3,0,0.045032073,0
-14839_8102,40.513729417996,-74.19666417106,1,11.0,1.0,1,0,4.0704107,0
-14839_8110,40.55439564776,-74.19866638806,1,12.0,1.0,1,0,0.51656944,0
-14839_8112,40.560447197017,-74.195906097617,1,5.0,1.0,1,0,0.56693083,0
-14840_8105,40.526031128414665,-74.20166862461183,6,13.0,0.8333333333333334,6,0,0.2445261,0
-14840_8110,40.55106468164,-74.20111055392,1,11.0,1.0,1,0,0.20833504,0
-14841_8108,40.54232723034633,-74.20792891660125,12,14.916666666666666,0.5833333333333334,12,0,2.155588,0
-14842_8110,40.551294644274,-74.21158742969833,3,13.333333333333334,0.6666666666666666,3,0,0.06924459,0
-14842_8111,40.55560593032,-74.21398223438,1,23.0,0.0,1,0,0.044495873,0
-14843_8104,40.52220905923722,-74.21672001125856,9,8.0,1.0,6,0,0.422426,0
-14843_8110,40.55348515371,-74.2178402386,1,26.0,0.0,1,0,0.044495873,0
-14844_8109,40.54901229507367,-74.22104846737899,3,12.0,0.3333333333333333,3,0,0.044495873,0
-14845_8101,40.508068517904,-74.228282145067,1,21.0,0.0,1,0,0.8661669,0
-14845_8103,40.519047451128,-74.229790819766,1,10.0,1.0,1,0,0.05808815,0
-14846_8101,40.50999020758,-74.23085280989,1,0.0,0.0,1,0,0.16638301,0
-14846_8103,40.51741780570919,-74.2340863903971,11,13.636363636363637,0.7272727272727273,10,0,0.06350511,0
-14846_8104,40.522469694417,-74.23494568480963,8,12.875,0.75,7,0,0.118707635,0
-14846_8105,40.52830248079,-74.23204796597301,10,10.2,0.7,6,0,0.4085933,0
-14846_8108,40.544251889206,-74.233036898641,1,5.0,1.0,1,0,0.9162174,0
-14847_8099,40.499562710294,-74.238863670105,1,5.0,1.0,1,0,0.08851366,0
-14847_8102,40.51333092401,-74.23740614861501,2,12.0,0.5,2,0,0.07893216,0
-14847_8104,40.522139848858664,-74.23765730467392,12,13.083333333333334,0.6666666666666666,10,0,0.118707635,0
-14847_8105,40.52697972682667,-74.23705556643334,3,10.333333333333334,1.0,3,0,0.29264075,0
-14847_8106,40.532079964151,-74.239070264213,1,26.0,0.0,1,0,0.19651197,0
-14847_8107,40.537292591736666,-74.23807202594166,3,14.0,0.6666666666666666,3,0,0.45762923,0
-14848_8101,40.509921900694,-74.243921090081,1,22.0,0.0,1,0,0.12358256,0
-14848_8102,40.511110355146,-74.2413559259,4,23.75,0.25,3,0,0.09528324,0
-14848_8103,40.517308404731,-74.241221938172,1,0.0,0.0,1,0,0.12018472,0
-14848_8107,40.53682875419,-74.24024575498,1,2.0,1.0,1,0,0.45762947,0
-14849_8101,40.5091449973475,-74.246538031762,2,31.0,0.0,2,0,0.27890202,0
-14849_8102,40.5121015002988,-74.248405742509,5,14.2,0.6,5,0,0.27890202,0
