grid_id,center_lat,center_lon,n_restaurants,avg_score,cuisine_diversity,n_target,suitability_score,label
-14740_8147,40.7387374186225,-73.7017696578675,4,20.25,3,0,6.4374685,0
-14740_8150,40.751885666234166,-73.7027662910525,12,19.5,10,0,18.238691,0
-14741_8145,40.72741270333,-73.70962096637,1,28.0,1,0,2.003082,0
-14741_8147,40.73716121249,-73.70912645209556,9,13.777777777777779,6,0,1.8620982,0
-14741_8149,40.7491412418,-73.708017263198,5,14.8,4,0,23.887274,0
-14741_8150,40.75333817794,-73.70679326534,1,12.0,1,0,6.5014405,0
-14742_8145,40.727094759627505,-73.7128009527125,4,6.25,4,0,2.1780772,0
-14742_8147,40.73641204983,-73.712578418325,4,15.25,3,0,2.8793948,0
-14742_8149,40.74604107781715,-73.7138166082943,7,18.142857142857142,7,1,26.930014,1
-14742_8151,40.75928106641,-73.71349187688,2,23.0,2,0,1.2950026,0
-14743_8145,40.72579144965833,-73.71917570427833,6,19.666666666666668,6,0,4.7849407,0
-14743_8147,40.73540345957333,-73.71722739946667,3,10.0,3,0,3.6523268,0
-14743_8148,40.7437905838675,-73.7180626023525,4,20.25,3,0,8.491909,0
-14743_8149,40.74506583577,-73.71568251236,1,9.0,1,0,8.491909,0
-14744_8144,40.72483036725,-73.72276595447,3,8.0,3,1,29.393213,1
-14744_8145,40.725122337836666,-73.72167757212999,3,14.0,3,0,16.176105,0
-14744_8148,40.74242382731333,-73.72177462985,3,25.666666666666668,3,0,6.4942303,0
-14744_8152,40.76154436565,-73.72309145254,1,12.0,1,0,0.34099954,0
-14745_8134,40.674162754950004,-73.72878215413999,2,11.0,2,0,45.887974,0
-14745_8138,40.69086416976,-73.72794047396,2,29.5,2,0,10.238611,0
-14745_8144,40.72380595677,-73.72632268348,1,10.0,1,0,28.461832,0
-14745_8145,40.726433513595,-73.72781454816,2,81.0,2,0,31.196314,0
-14745_8150,40.75457176298,-73.7284661342,1,40.0,1,0,0.10042633,0
-14745_8152,40.7638744251625,-73.72670792145,4,10.75,4,0,2.789239,0
-14746_8132,40.664812738168,-73.734928976864,5,10.8,5,1,56.23895,1
-14746_8133,40.6653047707,-73.73146804504199,5,11.6,5,0,54.533913,0
-14746_8134,40.674121571545,-73.7308164865325,4,11.75,3,0,53.51869,0
-14746_8138,40.6928229715425,-73.7327781319625,4,15.5,3,0,7.0620594,0
-14746_8142,40.71256818049333,-73.73304105168667,3,8.333333333333334,3,0,55.76708,0
-14746_8143,40.71955056421667,-73.73328473433334,3,7.666666666666667,3,0,47.077827,0
-14746_8144,40.720565590475005,-73.73207031084499,2,15.0,2,0,43.91987,0
-14746_8145,40.727376495464995,-73.731369936465,2,10.0,2,0,35.57135,0
-14746_8152,40.760437809705,-73.73138648951667,6,20.333333333333332,5,0,0.1729844,0
-14746_8154,40.77184261622715,-73.73448718753427,7,14.285714285714286,6,0,34.941093,0
-14747_8132,40.660281312483335,-73.73937423793167,6,12.833333333333334,5,0,53.815372,0
-14747_8133,40.666613757099995,-73.73666663716,4,11.25,2,0,52.774704,0
-14747_8134,40.6744589119625,-73.7360091510975,4,16.25,3,1,57.976376,1
-14747_8135,40.67539411341333,-73.73836620082666,3,13.666666666666666,1,0,52.980137,0
-14747_8138,40.69403896086,-73.7366543601275,4,24.25,3,0,8.366061,0
-14747_8140,40.70478623265,-73.73999124873,1,5.0,1,0,36.015236,0
-14747_8141,40.70537864227,-73.73978695013,3,26.666666666666668,3,0,36.015236,0
-14747_8142,40.71363907230091,-73.73689602991,11,15.909090909090908,6,0,59.170444,0
-14747_8143,40.71765579928417,-73.73747366202583,12,17.166666666666668,10,1,57.40064,1
-14747_8145,40.728604625710005,-73.736629084335,2,5.0,2,0,44.55802,0
-14747_8146,40.733433846855,-73.73653414676,2,5.5,2,0,45.521053,0
-14747_8151,40.75553629446,-73.73839912487,1,13.0,1,0,0.117560536,0
-14747_8153,40.768691118567645,-73.73717689123941,17,10.823529411764707,11,1,37.767166,1
-14747_8154,40.770771448825556,-73.73540706375111,9,15.555555555555555,7,0,36.73268,0
-14748_8127,40.636898139340005,-73.74066033843,2,6.5,2,0,0.0019865928,0
-14748_8135,40.67662649580875,-73.7419896956125,8,17.625,5,0,56.61691,0
-14748_8139,40.696240600585,-73.74335209093167,6,17.333333333333332,5,1,25.12854,1
-14748_8143,40.717120957860004,-73.74065720937,3,34.333333333333336,1,0,58.996677,0
-14748_8145,40.7267043650925,-73.7413765784825,4,7.0,4,0,52.27608,0
-14748_8146,40.73038528389667,-73.74379136190333,3,11.0,3,0,50.766617,0
-14748_8153,40.76537808331,-73.74406055406,1,25.0,1,0,41.371635,0
-14748_8154,40.774509006,-73.74242225191,1,5.0,1,0,6.226106,0
-14749_8120,40.602655718985,-73.74941691303499,2,7.5,2,0,59.75572,0
-14749_8127,40.63748504344,-73.7453384428,1,13.0,1,0,0.0019865928,0
-14749_8135,40.677978611332,-73.74593311749399,5,14.6,4,0,55.206333,0
-14749_8139,40.695837488536,-73.747018076138,5,13.8,4,0,16.076405,0
-14749_8140,40.70350093095,-73.74952148215,1,36.0,1,0,24.651045,0
-14749_8141,40.707550246,-73.74987050322,1,33.0,1,0,40.823483,0
-14749_8143,40.715558616652,-73.747459497824,5,15.2,5,1,65.48453,1
-14749_8145,40.72868225719666,-73.74651838304,3,8.333333333333334,3,1,56.674618,1
-14749_8147,40.73624460026444,-73.74701233856334,9,12.666666666666666,8,1,65.988335,1
-14749_8152,40.76389146298,-73.74951008908,1,21.0,1,0,41.807503,0
-14749_8153,40.766968829966665,-73.746402830525,6,14.666666666666666,6,0,40.262104,0
-14750_8119,40.59651619454875,-73.7536431582425,8,10.75,7,1,64.72381,1
-14750_8120,40.602814881149996,-73.75270791574411,17,16.058823529411764,8,0,59.75572,0
-14750_8121,40.605840515913336,-73.75380998124332,3,10.0,3,1,59.75572,1
-14750_8122,40.61023345304,-73.7535428115,1,58.0,1,0,58.312424,0
-14750_8133,40.66646854361,-73.75344502255,4,14.25,2,0,53.476818,0
-14750_8135,40.6792231698125,-73.75309712991125,8,14.5,5,0,58.134808,0
-14750_8136,40.6806948121125,-73.7528181045075,4,12.0,4,1,58.134808,1
-14750_8138,40.694089412165,-73.753478666125,2,15.0,1,0,15.496011,0
-14750_8140,40.70027925615,-73.75364503031,1,51.0,1,0,14.648129,0
-14750_8141,40.70708013654,-73.75169013071572,7,14.428571428571429,5,1,40.823483,1
-14750_8142,40.714224125461996,-73.752762888992,5,19.2,5,0,49.20768,0
-14750_8144,40.72480709662,-73.75387149783,1,13.0,1,0,53.944916,0
-14750_8155,40.77632972251,-73.7528354427,1,5.0,1,0,0.61724985,0
-14751_8120,40.60484149479,-73.7555543188,1,4.0,1,0,59.755726,0
-14751_8121,40.60537674308667,-73.75513219498333,3,14.0,3,0,59.755726,0
-14751_8133,40.66619910282,-73.7570831502725,4,15.5,4,1,60.068233,1
-14751_8134,40.672369988,-73.75997430596,1,46.0,1,0,49.29002,0
-14751_8138,40.693236961240004,-73.75660020696999,4,14.25,4,0,26.738209,0
-14751_8139,40.69983276029,-73.75534893769,1,95.0,1,0,13.484844,0
-14751_8141,40.7062198532825,-73.7582550391225,4,13.0,2,0,24.395994,0
-14751_8142,40.71349761807,-73.75597674267,1,13.0,1,0,46.06525,0
-14751_8143,40.718842789899995,-73.757784293685,2,19.0,2,0,49.955433,0
-14751_8146,40.73367496674,-73.75880364023,1,13.0,1,0,63.618797,0
-14751_8147,40.73831911261,-73.75879758928,1,11.0,1,0,69.560905,0
-14751_8148,40.74057841828714,-73.75878113029572,7,9.571428571428571,7,1,71.14264,1
-14751_8149,40.748942074245555,-73.75645434531611,18,17.666666666666668,9,1,63.343227,1
-14751_8150,40.75348220677,-73.75795562852,4,12.75,2,0,52.28606,0
-14751_8152,40.76185911524,-73.7591993411,2,7.0,2,0,37.93421,0
-14752_8119,40.5997981121,-73.76149656437,1,7.0,1,0,64.72381,0
-14752_8134,40.67283328418667,-73.76410515612334,3,13.333333333333334,3,0,45.246696,0
-14752_8135,40.679316467246665,-73.76101278614667,3,14.666666666666666,3,0,51.115078,0
-14752_8136,40.680939123152,-73.76416531781399,5,11.8,3,0,27.624146,0
-14752_8138,40.691462033156,-73.762150051427,10,22.3,7,1,29.189894,1
-14752_8139,40.697421939715,-73.76209445506001,2,12.5,2,0,15.706654,0
-14752_8140,40.700846499292,-73.76443651775,5,7.4,5,0,14.013076,0
-14752_8142,40.71340075067,-73.76213008050749,4,14.75,4,0,40.282158,0
-14752_8143,40.71997431068,-73.76203888737,1,4.0,1,1,47.742817,1
-14752_8144,40.720475630272496,-73.76074602544375,8,12.25,8,0,47.742817,0
-14752_8149,40.747847426099995,-73.761343445025,2,9.5,2,0,64.60398,0
-14752_8152,40.76145403406,-73.76162763460715,7,17.857142857142858,7,1,39.095974,1
-14753_8119,40.59848812675,-73.76647419854,1,27.0,1,0,16.493586,0
-14753_8131,40.657424120875,-73.7677249747475,4,12.75,4,1,63.43248,1
-14753_8132,40.663497811845005,-73.768482315015,4,17.75,2,0,53.71684,0
-14753_8133,40.66661798781,-73.76714673057,1,11.0,1,0,55.493896,0
-14753_8134,40.67014130799,-73.76531753761,1,12.0,1,0,48.208736,0
-14753_8136,40.6822678047675,-73.76685212670125,8,17.5,6,0,19.040152,0
-14753_8138,40.69218932803,-73.76625113100499,2,14.5,2,0,8.035239,0
-14753_8140,40.70263387652,-73.76612360845,3,18.0,3,0,17.304775,0
-14753_8142,40.71303820683334,-73.76647050986666,3,6.333333333333333,3,0,40.04569,0
-14753_8143,40.71843010232,-73.76523703592,1,0.0,1,0,43.051113,0
-14753_8149,40.74642910771,-73.76636504893,1,12.0,1,0,35.86504,0
-14753_8151,40.757463784815265,-73.7683504228779,19,16.157894736842106,11,0,30.360174,0
-14753_8152,40.760770008851814,-73.76709525035636,11,14.727272727272727,7,0,28.054354,0
-14754_8132,40.66010219265,-73.77416912505,1,20.0,1,0,66.477234,0
-14754_8134,40.6721325883475,-73.772440196765,4,11.5,4,1,56.098503,1
-14754_8137,40.68556567834,-73.7728349881,1,25.0,1,0,8.38557,0
-14754_8141,40.70946277356,-73.77474789754,1,13.0,1,0,40.5765,0
-14754_8142,40.7117251322425,-73.77196459552,4,9.0,3,1,52.63034,1
-14754_8143,40.71573684238,-73.7717217098,1,25.0,1,0,44.30037,0
-14754_8150,40.75345625226,-73.77486926468,1,12.0,1,0,19.802103,0
-14754_8151,40.759395215577136,-73.77291482902429,7,13.0,3,0,28.197718,0
-14754_8152,40.763278447170975,-73.77091663687732,41,15.048780487804878,25,0,32.32104,0
-14754_8153,40.76626944533875,-73.77240027933125,16,15.6875,13,0,32.538837,0
-14755_8118,40.59358681375,-73.77654816589,1,12.0,1,0,16.21977,0
-14755_8119,40.59570006866,-73.77502512325,1,24.0,1,0,9.748048,0
-14755_8129,40.64579045505,-73.7767618438,2,7.5,1,0,0.003280453,0
-14755_8132,40.66344680907,-73.77701972071,2,8.5,2,0,57.72379,0
-14755_8133,40.666170148935,-73.779411268155,2,12.5,2,0,59.925304,0
-14755_8134,40.67342843787,-73.77572265909501,2,12.0,2,0,47.518593,0
-14755_8135,40.67921201108857,-73.77830283823,7,11.428571428571429,7,0,14.941036,0
-14755_8138,40.691268230165,-73.77822718236,4,9.0,3,0,1.9254364,0
-14755_8141,40.70818773792001,-73.77587156484,3,13.0,3,0,44.47248,0
-14755_8142,40.713847317905,-73.778502567,4,17.75,4,0,56.12848,0
-14755_8145,40.72960446126,-73.77972484789667,3,26.0,2,0,29.202288,0
-14755_8146,40.73018201636,-73.77842280948,1,33.0,1,0,22.874817,0
-14755_8147,40.73693332023,-73.77798890522,1,13.0,1,0,12.620263,0
-14755_8148,40.74416770264,-73.77614583386,1,13.0,1,0,13.915356,0
-14755_8151,40.7579929394025,-73.7781864443825,4,13.75,4,0,31.020197,0
-14755_8153,40.76750552554,-73.77991549785,1,9.0,1,0,35.46963,0
-14755_8155,40.7784910953477,-73.77738484727462,13,17.76923076923077,11,1,81.76135,1
-14755_8156,40.78136553353334,-73.77653424854333,3,17.333333333333332,2,0,24.468859,0
-14756_8133,40.668805055195,-73.781876310205,4,34.25,4,0,55.96007,0
-14756_8136,40.683029981385005,-73.78227757943,2,11.0,2,0,10.044052,0
-14756_8138,40.69498419238,-73.78191563713,1,7.0,1,0,4.7216077,0
-14756_8139,40.69667918163,-73.78365191017333,3,8.666666666666666,2,0,6.3284135,0
-14756_8140,40.70268514646,-73.78144312706,1,21.0,1,0,28.548618,0
-14756_8141,40.70754212073667,-73.78366281370667,6,21.0,5,0,65.561226,0
-14756_8142,40.712949953997,-73.782539463621,10,12.1,9,1,64.58828,1
-14756_8145,40.72919229864375,-73.781165077285,8,16.75,5,1,36.185314,1
-14756_8146,40.73418542635,-73.78353687918,1,48.0,1,0,20.603582,0
-14756_8148,40.740966281095,-73.7845748181325,4,14.5,3,0,12.038832,0
-14756_8150,40.753473671147496,-73.7806748901,4,21.75,4,0,18.325974,0
-14756_8151,40.75742767083572,-73.78370703578285,7,21.428571428571427,6,1,33.576088,1
-14756_8153,40.76660560491,-73.7829897654875,4,15.75,4,0,39.88813,0
-14756_8167,40.838464836906,-73.783216517498,5,10.2,2,0,0.025917232,0
-14756_8168,40.840375424105,-73.78392911134,2,17.0,2,0,0.025917232,0
-14757_8118,40.59394606734,-73.78941233198,1,3.0,1,1,74.490944,1
-14757_8129,40.64831282607,-73.78828149759,31,9.580645161290322,15,0,0.003280453,0
-14757_8133,40.66763523523,-73.78928692332,1,9.0,1,1,64.8318,1
-14757_8134,40.672159570085,-73.785350379575,2,12.0,2,0,51.337646,0
-14757_8138,40.6947411007,-73.78990413351,1,20.0,1,0,10.25083,0
-14757_8141,40.707606104288885,-73.78787483101777,9,14.88888888888889,5,0,71.69179,0
-14757_8142,40.71199010838091,-73.78804730607,11,12.909090909090908,9,0,70.274055,0
-14757_8145,40.72674851317546,-73.78858466229181,11,13.454545454545455,9,0,39.3567,0
-14757_8147,40.739590075386246,-73.788242942975,8,14.25,7,0,21.408329,0
-14757_8148,40.74021570268,-73.7879522491,1,35.0,1,0,11.968144,0
-14757_8150,40.75227346631,-73.78720989759,2,10.5,2,0,33.388634,0
-14757_8151,40.757875587594164,-73.78822368561333,12,20.666666666666668,9,0,37.491688,0
-14757_8152,40.76212500436,-73.7878912291,4,18.75,4,1,43.98412,1
-14757_8153,40.766972306325556,-73.78960640062222,9,18.555555555555557,8,0,45.73131,0
-14757_8157,40.788786157585,-73.78524557639,2,14.0,2,0,4.712652,0
-14757_8168,40.842452102224996,-73.78554331231001,2,6.0,2,0,0.06037738,0
-14757_8169,40.84703790462833,-73.78641523182166,6,11.166666666666666,5,0,0.11382316,0
-14757_8170,40.851820973958,-73.788936881402,5,13.4,4,0,2.2072437,0
-14758_8118,40.59300921746,-73.79345164732,2,11.5,2,0,71.87008,0
-14758_8133,40.66721858204,-73.79412213386,1,7.0,1,0,62.784378,0
-14758_8134,40.673484603662004,-73.791669323608,10,16.1,6,1,66.295296,1
-14758_8135,40.6791237362,-73.79165163747,1,10.0,1,0,59.03103,0
-14758_8136,40.6829296871,-73.79257894431501,2,8.5,2,0,55.30471,0
-14758_8137,40.686323739578576,-73.79363074486427,14,16.285714285714285,11,1,50.630135,1
-14758_8139,40.69727505028,-73.792302273244,5,8.6,3,0,33.180515,0
-14758_8140,40.70222356477,-73.79151424692,2,13.0,2,1,68.554886,1
-14758_8141,40.706489310504445,-73.79171645266,9,30.11111111111111,7,1,74.62352,1
-14758_8142,40.710664086219445,-73.79312854803055,18,23.22222222222222,9,1,77.10244,1
-14758_8144,40.7221814301,-73.79033319313,8,8.75,4,1,64.701904,1
-14758_8145,40.725943284917776,-73.79116314978445,9,6.777777777777778,7,0,49.611862,0
-14758_8146,40.73330543987,-73.794575670435,2,23.5,2,0,35.839317,0
-14758_8147,40.739271963655455,-73.79174921133819,11,10.090909090909092,7,0,29.063692,0
-14758_8150,40.753343151900005,-73.79354332209,3,10.333333333333334,3,0,37.430088,0
-14758_8151,40.7577585685825,-73.79303897651751,4,11.75,4,0,28.148333,0
-14758_8153,40.76788154579143,-73.79059774871715,7,15.714285714285714,5,0,42.49725,0
-14758_8154,40.7703252964275,-73.79331657716,4,8.5,4,0,39.74996,0
-14758_8155,40.778174202029994,-73.79358639630334,3,18.0,2,0,20.873346,0
-14758_8156,40.78155876444,-73.79424749171,3,27.333333333333332,3,0,4.9693694,0
-14758_8157,40.7870078772,-73.792134276385,2,10.0,2,0,2.9046779,0
-14758_8170,40.853927296820004,-73.79044044398,2,13.0,1,0,18.964247,0
-14758_8171,40.85650177470333,-73.79089501445,3,8.666666666666666,2,1,51.4309,1
-14759_8117,40.5896161749,-73.79779716584,3,19.0,3,0,71.87008,0
-14759_8118,40.59106956716429,-73.79770274996858,7,11.285714285714286,7,1,71.87008,1
-14759_8133,40.667947939487505,-73.7967774585375,4,19.25,2,0,61.076565,0
-14759_8134,40.67409678641334,-73.79862998005667,3,16.666666666666668,3,0,62.6611,0
-14759_8137,40.68878173763,-73.79573382725499,2,10.0,2,0,52.482105,0
-14759_8138,40.69232515492,-73.798786283095,2,12.5,1,0,54.414516,0
-14759_8140,40.704192733699564,-73.79857923365522,23,11.347826086956522,14,1,79.55706,1
-14759_8141,40.70832219042813,-73.79710880064438,16,19.1875,9,0,74.567505,0
-14759_8144,40.7230110832125,-73.7999631825725,4,26.25,4,1,75.35271,1
-14759_8147,40.737601042259996,-73.79613388272,2,10.0,2,1,35.414566,1
-14759_8148,40.74222717535,-73.79993052653,1,10.0,1,0,34.640873,0
-14759_8151,40.75798609813428,-73.79550041527715,7,15.714285714285714,5,0,28.121641,0
-14759_8152,40.76275539945,-73.79686701,2,27.0,2,0,25.941109,0
-14759_8154,40.77304197994,-73.79564647520499,6,23.5,5,1,38.58274,1
-14760_8118,40.59102147231,-73.80090737873,1,8.0,1,0,74.388115,0
-14760_8134,40.674476666374545,-73.80285639221091,11,18.818181818181817,6,0,59.049713,0
-14760_8138,40.694512716969996,-73.801920617435,2,16.5,2,0,64.07281,0
-14760_8139,40.69620599837666,-73.80444115283,3,13.333333333333334,3,0,71.509415,0
-14760_8140,40.703214998488,-73.80015770136599,5,19.6,5,0,79.38715,0
-14760_8141,40.70742166628666,-73.80304553200168,18,15.722222222222221,11,1,83.46518,1
-14760_8142,40.713841713115,-73.802077586335,2,15.0,2,0,73.72691,0
-14760_8143,40.7183637980125,-73.8037136172175,4,26.25,4,0,66.73531,0
-14760_8144,40.722553238648,-73.80281679993399,5,19.0,4,0,59.77279,0
-14760_8146,40.73299550631,-73.80476383316,5,14.8,5,0,7.5199,0
-14760_8147,40.73667925852,-73.80267524605,1,33.0,1,0,33.20249,0
-14760_8151,40.757947911956364,-73.8039550866909,11,15.272727272727273,8,1,21.135204,1
-14760_8152,40.76182514395737,-73.80338199016104,38,13.736842105263158,10,0,18.734903,0
-14760_8154,40.77118215349,-73.80335967278,1,12.0,1,0,6.2259603,0
-14760_8155,40.7798895354,-73.802342691765,2,9.0,2,0,8.218209,0
-14760_8156,40.780408539502005,-73.802166018322,5,11.0,5,0,8.218209,0
-14760_8161,40.80937224808,-73.80202782439,3,15.0,2,0,1.2919227,0
-14760_8162,40.81357086319,-73.80259089546,1,7.0,1,0,5.4365897,0
-14761_8130,40.65199285202,-73.80649090852,1,12.0,1,0,0.015916333,0
-14761_8131,40.65799322798,-73.80828634238,1,21.0,1,0,0.08774013,0
-14761_8133,40.666541136584996,-73.80786518381001,2,15.0,2,0,15.5430975,0
-14761_8134,40.674830480880004,-73.806771201594,5,11.2,4,1,55.78776,1
-14761_8136,40.68331355144,-73.80647178099,1,25.0,1,0,49.57914,0
-14761_8138,40.69406219974667,-73.80816418827334,3,7.666666666666667,3,1,70.096985,1
-14761_8139,40.69816899207188,-73.8064751573375,16,18.375,10,0,77.43706,0
-14761_8140,40.7020685046952,-73.80764135323601,25,17.44,14,1,78.72926,1
-14761_8141,40.705450955483,-73.809217654162,10,19.1,7,0,80.9403,0
-14761_8142,40.71421878947428,-73.80729433988428,7,13.0,7,1,77.398315,1
-14761_8143,40.716409608422,-73.80814798939801,5,22.2,3,0,70.38462,0
-14761_8144,40.72083380760444,-73.80723864858,9,10.222222222222221,8,0,52.74595,0
-14761_8150,40.75387901808,-73.80650781013,2,21.5,2,0,15.244797,0
-14761_8151,40.75673777579,-73.80901533128,1,43.0,1,0,14.460449,0
-14761_8152,40.7635049160576,-73.8074307462696,25,19.44,7,0,15.728431,0
-14761_8155,40.77799350484,-73.80918521767,1,30.0,1,0,3.4719641,0
-14761_8156,40.78319093073,-73.80849501019,1,13.0,1,0,4.971683,0
-14761_8157,40.78689973935,-73.80805637509499,2,20.0,2,0,7.918951,0
-14761_8158,40.793043104072,-73.807594017596,5,18.8,5,1,22.189222,1
-14761_8174,40.87321857928,-73.80847698878,1,8.0,1,0,0.02368287,0
-14762_8116,40.58496414746,-73.81087654676,1,9.0,1,0,56.482243,0
-14762_8117,40.58740803747273,-73.81256568926636,11,10.727272727272727,6,1,56.482243,1
-14762_8133,40.667978370970005,-73.81136300884,2,12.0,2,1,53.693954,1
-14762_8135,40.67533762061444,-73.81240462319111,9,13.555555555555555,4,0,54.202415,0
-14762_8136,40.682626774873334,-73.81385549122,3,11.0,3,0,49.44347,0
-14762_8138,40.690668483319094,-73.81380715859545,11,19.09090909090909,7,0,60.010864,0
-14762_8139,40.696609115724996,-73.813840348595,2,17.0,2,1,76.908905,1
-14762_8140,40.70242510880462,-73.81262665913769,13,19.46153846153846,6,1,80.0516,1
-14762_8141,40.70529346282,-73.81124317951667,3,11.0,2,0,78.59663,0
-14762_8143,40.718618821469995,-73.81372450870667,6,9.0,5,0,45.583923,0
-14762_8145,40.7275212055,-73.81325936756,1,8.0,1,0,3.852233,0
-14762_8146,40.73148956729,-73.81081268246501,4,15.25,3,0,9.986644,0
-14762_8147,40.737899126965,-73.8123965672,2,6.5,2,0,14.752833,0
-14762_8151,40.755524084342504,-73.81498981525,4,19.25,4,0,27.946472,0
-14762_8152,40.7634335053304,-73.813180794824,25,23.48,9,0,20.66953,0
-14762_8153,40.76566162409273,-73.81318482708909,11,17.181818181818183,7,0,19.401619,0
-14762_8156,40.78463505383,-73.81373050225,1,22.0,1,0,5.3682775,0
-14762_8157,40.788148144189336,-73.81349553144999,15,12.066666666666666,8,0,20.040066,0
-14762_8158,40.790778224715,-73.8127155990825,4,15.25,4,0,20.040066,0
-14762_8163,40.81995465798,-73.81044459845,1,13.0,1,1,52.686737,1
-14762_8172,40.86345899894,-73.8105515014,1,13.0,1,0,0.11152363,0
-14763_8116,40.5847443717,-73.81925128097,1,28.0,1,0,51.70043,0
-14763_8117,40.586744916529,-73.816066399858,10,9.7,8,0,52.546852,0
-14763_8119,40.59758533546,-73.81977092713,1,12.0,1,0,0.008234162,0
-14763_8121,40.60626129796,-73.81956374487,1,5.0,1,0,0.008234162,0
-14763_8134,40.67463676633,-73.81960877006,1,11.0,1,0,51.75884,0
-14763_8135,40.67601233598,-73.818156487872,5,20.0,4,0,51.75884,0
-14763_8137,40.688744915732,-73.817688911273,10,12.3,6,0,55.184025,0
-14763_8138,40.69222883151,-73.81792744648,4,23.0,4,0,54.796635,0
-14763_8140,40.702558077795,-73.817384108158,10,11.2,10,1,76.85641,1
-14763_8141,40.70811151907818,-73.81782685434636,11,16.0,10,1,79.63558,1
-14763_8143,40.71810305138,-73.81786009945,4,15.75,4,1,63.86738,1
-14763_8145,40.72914738025667,-73.81517307329,3,14.333333333333334,3,0,3.0017772,0
-14763_8146,40.730161891579996,-73.815086660715,2,12.5,2,0,3.4539294,0
-14763_8147,40.739617391338335,-73.81522511076334,6,20.333333333333332,5,1,36.163387,1
-14763_8148,40.74044924778,-73.81505980385,1,9.0,1,0,39.781902,0
-14763_8150,40.75110309376937,-73.81851753207125,16,23.6875,7,0,17.528414,0
-14763_8151,40.75546886082,-73.8156387732675,4,20.25,4,1,35.04612,1
-14763_8152,40.76263958429067,-73.81528457343134,15,22.266666666666666,3,0,22.359867,0
-14763_8153,40.76525293162167,-73.81758535956332,12,19.0,6,0,37.314816,0
-14763_8155,40.77686257535,-73.81757239107,1,11.0,1,0,5.296853,0
-14763_8157,40.787811238726,-73.815741705962,5,12.0,5,0,20.040066,0
-14763_8158,40.79402629759,-73.81804524394,1,9.0,1,0,20.062778,0
-14763_8162,40.81453854978,-73.81505543619,1,8.0,1,0,44.455475,0
-14763_8163,40.819087381512,-73.817258927824,5,11.0,3,0,49.380096,0
-14763_8164,40.82152056383571,-73.81859795456144,7,15.571428571428571,7,0,51.779736,0
-14763_8165,40.82883152687,-73.81917828009,1,15.0,1,0,58.051567,0
-14763_8166,40.83047410474333,-73.81648892081,3,10.666666666666666,1,0,55.515038,0
-14763_8167,40.83557337778,-73.81792033743,1,13.0,1,0,56.812637,0
-14763_8169,40.846187158525,-73.819573687095,2,16.5,2,0,53.15909,0
-14763_8177,40.88998551439,-73.81998783275,1,8.0,1,0,0.116882324,0
-14763_8178,40.89012510384,-73.81973789263,1,29.0,1,0,0.116882324,0
-14764_8116,40.58424749399,-73.82095372213,2,25.5,2,0,54.529007,0
-14764_8119,40.59864082413,-73.82071872338,1,8.0,1,0,0.008234162,0
-14764_8120,40.60013087909,-73.82048423968,1,5.0,1,0,0.008234162,0
-14764_8134,40.670343642525715,-73.82117978584857,7,19.714285714285715,7,0,50.343395,0
-14764_8135,40.676824549354,-73.821488350078,5,24.6,4,0,46.763573,0
-14764_8136,40.680220344283335,-73.82121843848334,3,19.333333333333332,2,0,50.41883,0
-14764_8137,40.68656058821278,-73.82325763788555,18,16.444444444444443,11,1,53.417313,1
-14764_8138,40.69119361689,-73.82157594485,1,2.0,1,0,53.5694,0
-14764_8139,40.697038555255,-73.820653255535,2,14.5,2,0,68.2474,0
-14764_8140,40.702916510452496,-73.821103546735,4,15.75,3,0,77.86105,0
-14764_8144,40.724668564493335,-73.82077283326667,3,18.666666666666668,1,0,3.622518,0
-14764_8145,40.72716901573889,-73.82212308886,9,13.0,4,0,2.8524482,0
-14764_8146,40.73118176575,-73.824110364876,5,13.2,3,0,1.895245,0
-14764_8150,40.75339899384273,-73.82244195010091,11,18.545454545454547,7,0,25.339392,0
-14764_8151,40.7576359266,-73.8226516185925,4,22.5,2,0,54.02251,0
-14764_8152,40.764688514615,-73.823042499445,2,17.0,2,0,55.573227,0
-14764_8153,40.76591241679,-73.820575741526,5,11.6,4,1,49.874725,1
-14764_8155,40.776016209905,-73.8244249282575,4,9.5,4,0,29.311487,0
-14764_8157,40.7869017022,-73.82205335126,2,10.5,2,0,19.752487,0
-14764_8162,40.81323610925,-73.82285511755,1,34.0,1,0,12.237406,0
-14764_8164,40.824461943282,-73.82026116413,5,13.4,5,0,58.243084,0
-14764_8165,40.827280226249236,-73.82291376972384,13,11.384615384615385,11,1,58.051567,1
-14764_8172,40.864251322466664,-73.82259818803334,3,20.333333333333332,3,0,11.082568,0
-14764_8173,40.86910977099,-73.8239666681675,4,11.5,4,0,59.261417,0
-14764_8175,40.87977903912,-73.82428998805,1,13.0,1,0,0.35298014,0
-14764_8176,40.88275955882,-73.82412295795,1,10.0,1,0,0.086611874,0
-14764_8177,40.88791687467,-73.82144009387,2,11.5,2,0,0.051503092,0
-14765_8116,40.58130628083,-73.82832190705,3,9.666666666666666,2,0,44.499123,0
-14765_8135,40.677627449868275,-73.82849368804104,29,9.448275862068966,12,0,49.029255,0
-14765_8137,40.68722258473846,-73.82725017803153,13,12.692307692307692,7,1,55.374485,1
-14765_8138,40.69259564222,-73.82719045262333,6,22.333333333333332,2,0,57.226486,0
-14765_8140,40.701215114178,-73.827162206252,5,16.0,3,0,70.77539,0
-14765_8141,40.708986944676,-73.829171999142,5,17.8,3,0,77.611855,0
-14765_8142,40.71329947977375,-73.82885807674874,8,23.25,6,1,78.92245,1
-14765_8146,40.73382481648667,-73.82531983148667,3,23.666666666666668,2,0,4.6313396,0
-14765_8148,40.7435893566175,-73.82563667009249,8,22.0,2,0,18.730242,0
-14765_8149,40.746457372866004,-73.827282611456,5,26.4,5,0,15.25207,0
-14765_8150,40.75309106386125,-73.82711929659,16,17.625,7,0,34.945732,0
-14765_8151,40.75859147906634,-73.82895266126707,82,18.536585365853657,15,1,69.53172,1
-14765_8152,40.76146119606204,-73.82797113539796,54,20.444444444444443,14,0,65.84275,0
-14765_8153,40.766363397346,-73.82756939585201,5,29.8,3,1,65.970665,1
-14765_8154,40.7714025713,-73.82658078280001,3,44.333333333333336,3,0,41.517212,0
-14765_8155,40.77828890035,-73.82761349959,1,8.0,1,0,21.807137,0
-14765_8156,40.78166298384,-73.82997348492,2,6.5,2,0,29.410908,0
-14765_8165,40.82948845626,-73.82510084104001,2,7.5,2,0,59.692024,0
-14765_8166,40.83217565977125,-73.82755104927625,16,13.3125,10,1,58.90581,1
-14765_8167,40.83811663299,-73.82879505112001,2,10.5,2,0,68.215,0
-14765_8168,40.842145825515004,-73.82965928145501,2,8.5,1,0,65.4685,0
-14765_8170,40.85229126812625,-73.8284118560525,8,19.375,7,0,45.571976,0
-14765_8172,40.86392230761,-73.82948036116,1,23.0,1,0,62.734646,0
-14765_8173,40.86942038167417,-73.82743931194834,12,16.666666666666668,10,1,64.04987,1
-14765_8175,40.876311371015,-73.829963754915,2,7.5,2,0,3.7995245,0
-14765_8177,40.886292149126,-73.828201795776,5,13.8,4,0,0.07067083,0
-14766_8116,40.581350854807496,-73.8316824115175,4,19.0,2,0,42.789433,0
-14766_8131,40.65846818623,-73.83102755449,1,3.0,1,0,43.399246,0
-14766_8132,40.66026389266,-73.83051658302,2,12.0,2,0,39.06242,0
-14766_8135,40.678649079515,-73.83329263786,4,15.0,4,1,65.87406,1
-14766_8136,40.6840345662675,-73.83286176001188,16,24.0625,5,0,49.023647,0
-14766_8137,40.687503408048,-73.83203364045599,10,25.5,6,0,46.88562,0
-14766_8138,40.692795087389996,-73.83243131736,2,12.5,2,0,51.1622,0
-14766_8139,40.69937245807933,-73.832090273804,15,20.266666666666666,9,0,64.57519,0
-14766_8140,40.70066424929333,-73.83202978839334,3,16.0,3,1,64.57519,1
-14766_8141,40.70772351600412,-73.83120581878293,17,13.588235294117647,11,1,75.552864,1
-14766_8142,40.71467856689,-73.83168412190334,6,15.833333333333334,3,0,74.528145,0
-14766_8143,40.71570979798,-73.83301100137777,9,18.555555555555557,7,0,77.2397,0
-14766_8150,40.75357110005714,-73.83315880724429,7,18.857142857142858,3,0,44.303,0
-14766_8151,40.75854836840269,-73.83252142041786,89,18.02247191011236,16,2,72.2751,1
-14766_8152,40.76135936988485,-73.83235596683697,66,16.560606060606062,17,0,70.5607,0
-14766_8153,40.76880163955666,-73.83382365946333,12,12.916666666666666,10,1,59.446354,1
-14766_8156,40.781659944195,-73.832584177395,2,10.0,2,1,29.410908,1
-14766_8167,40.837332917756,-73.83435098469599,5,24.2,5,0,71.035934,0
-14766_8168,40.84379191274,-73.83038453517334,6,14.666666666666666,6,0,66.42662,0
-14766_8169,40.84684349887133,-73.83174334524934,15,13.133333333333333,11,1,62.069298,1
-14766_8172,40.863975546555,-73.83397415777,2,14.0,2,0,61.465584,0
-14766_8173,40.86654720365724,-73.83081709733759,29,15.655172413793103,19,1,64.04987,1
-14766_8176,40.88444958113,-73.83283305431333,3,11.333333333333334,3,0,0.576129,0
-14766_8177,40.88837879316375,-73.831282260205,8,21.75,6,0,0.16341591,0
-14767_8115,40.5795375719375,-73.83712831059,4,12.0,3,0,46.38245,0
-14767_8116,40.58095203514091,-73.83718800718908,11,14.727272727272727,9,1,46.38245,1
-14767_8129,40.64997432875,-73.83758635341,1,39.0,1,0,39.653755,0
-14767_8130,40.652649133116924,-73.83826678467,13,14.076923076923077,9,1,43.399246,1
-14767_8131,40.65665992630445,-73.83925474164667,9,15.444444444444445,7,0,43.399246,0
-14767_8134,40.67077797925,-73.83824926532,1,13.0,1,0,66.94817,0
-14767_8136,40.68210407559167,-73.83678970223167,6,12.5,4,0,57.193584,0
-14767_8137,40.6867586776225,-73.83722280975626,8,12.0,6,0,48.318596,0
-14767_8138,40.69197128949,-73.83628644592666,3,9.333333333333334,3,0,50.129093,0
-14767_8139,40.69690491905454,-73.83711455104819,11,17.90909090909091,7,0,47.48394,0
-14767_8141,40.70734132853714,-73.83560293659427,7,18.0,7,1,76.939445,1
-14767_8143,40.718291365362305,-73.83708154006924,13,16.384615384615383,11,0,72.2892,0
-14767_8150,40.754751132544996,-73.835999824605,2,11.0,2,0,65.19049,0
-14767_8151,40.75593418633,-73.83604201944,1,12.0,1,1,65.19048,1
-14767_8153,40.768012870905004,-73.83597184490667,6,20.166666666666668,5,0,59.31722,0
-14767_8154,40.770575561735,-73.83565021919,2,17.0,1,0,52.350986,0
-14767_8156,40.78167383607,-73.83941597683,1,11.0,1,0,1.0908103,0
-14767_8157,40.78653000714909,-73.83672801473273,11,11.909090909090908,8,0,3.2359347,0
-14767_8162,40.81159958871,-73.83532996622,1,13.0,1,0,2.2867732,0
-14767_8164,40.823736712472495,-73.83642442297875,8,18.5,7,0,7.584715,0
-14767_8167,40.83705660793,-73.83755671388,3,13.0,2,2,71.76297,1
-14767_8168,40.842353609454996,-73.83730881217834,6,14.0,5,1,71.39001,1
-14767_8170,40.85213443692,-73.83954523309,1,10.0,1,0,63.013065,0
-14767_8173,40.86601748112,-73.83771470099,1,11.0,1,0,60.386932,0
-14767_8175,40.87775864881,-73.837156176475,2,31.5,2,0,6.5536685,0
-14767_8176,40.881016653812004,-73.838723065174,5,16.4,3,1,10.024724,1
-14768_8131,40.65999081571,-73.84008487791,1,13.0,1,0,39.06242,0
-14768_8132,40.66169338148625,-73.84053674621624,16,12.375,9,0,53.727882,0
-14768_8133,40.66990754528334,-73.84260602094334,3,10.333333333333334,3,1,73.03209,1
-14768_8134,40.67229286390875,-73.84301539703125,8,14.625,7,1,73.4682,1
-14768_8135,40.67819774903571,-73.84407846475571,7,11.714285714285714,6,0,67.73741,0
-14768_8136,40.68140060006923,-73.8433500956577,13,10.76923076923077,10,1,61.744152,1
-14768_8137,40.68826736171875,-73.84293212473375,8,16.25,6,1,51.26686,1
-14768_8138,40.690414959785,-73.840799527935,2,12.0,2,0,50.313282,0
-14768_8139,40.69522884224,-73.84246026546556,9,12.222222222222221,6,0,47.872837,0
-14768_8143,40.71909276624345,-73.84225357290794,29,15.758620689655173,17,1,74.264114,1
-14768_8144,40.72082370332214,-73.84406105968428,14,12.071428571428571,11,0,68.30164,0
-14768_8151,40.75817121743,-73.84194545094,1,49.0,1,0,64.63514,0
-14768_8154,40.771432976166665,-73.84394167396,3,15.666666666666666,1,0,10.648117,0
-14768_8156,40.782331657408335,-73.84205459519167,6,22.666666666666668,4,0,0.8850634,0
-14768_8166,40.83140760191,-73.84458942656,1,13.0,1,0,37.07472,0
-14768_8167,40.83984001527,-73.84298668711,1,4.0,1,0,61.751717,0
-14768_8168,40.84104488351438,-73.84306154473813,16,14.1875,8,0,62.312572,0
-14768_8169,40.84931522783666,-73.84393293952667,6,13.0,6,1,71.380005,1
-14768_8170,40.851503924026666,-73.84409768129,3,6.0,3,1,65.63623,1
-14768_8171,40.85619993218,-73.84392395765,1,12.0,1,0,63.57633,0
-14768_8172,40.862136766295,-73.84339976386374,8,13.75,7,1,59.8586,1
-14768_8173,40.869714648249996,-73.84366794177001,2,34.5,1,0,47.18059,0
-14768_8175,40.878862018378,-73.84347276494199,5,18.2,3,0,17.062504,0
-14768_8176,40.8800157851,-73.84178124801,1,5.0,1,0,15.810084,0
-14768_8177,40.88871327593667,-73.84271649339,3,17.666666666666668,3,0,5.415228,0
-14768_8178,40.89364078869,-73.8439261331,1,5.0,1,0,11.562512,0
-14769_8115,40.578323633668575,-73.84940066460715,7,10.142857142857142,5,0,42.726467,0
-14769_8116,40.58128655015,-73.84799971758,2,16.0,1,0,42.726467,0
-14769_8135,40.67650860608,-73.84587110455,1,13.0,1,0,68.76563,0
-14769_8136,40.682074682362,-73.846648512215,10,15.0,8,0,57.12698,0
-14769_8137,40.68902741225,-73.84577354405,1,13.0,1,0,51.29522,0
-14769_8138,40.694522678895,-73.849034281185,4,19.75,2,0,42.60204,0
-14769_8139,40.695147332586664,-73.84508136709,3,10.0,3,0,42.69026,0
-14769_8141,40.709744710266,-73.84639272178,5,14.8,5,0,42.3939,0
-14769_8142,40.71014714054545,-73.84890489556363,11,17.181818181818183,11,0,33.270477,0
-14769_8143,40.71955826549,-73.845086455918,5,21.4,5,0,68.82703,0
-14769_8144,40.721171628592174,-73.84651765846566,23,15.304347826086957,17,0,63.431908,0
-14769_8146,40.73278832846545,-73.84952514946818,11,15.727272727272727,7,1,60.60787,1
-14769_8150,40.7539887181075,-73.84638050479751,4,8.5,1,0,55.18714,0
-14769_8155,40.77910015635666,-73.84608647668,3,29.0,3,0,0.42482907,0
-14769_8156,40.78304586100269,-73.84585811480616,26,14.73076923076923,14,0,0.40412718,0
-14769_8157,40.78506407515,-73.84575967623,1,7.0,1,0,0.40412718,0
-14769_8163,40.81943699464,-73.84811483741,1,9.0,1,0,1.3483218,0
-14769_8164,40.822019680603326,-73.84871712833332,3,12.666666666666666,3,0,8.397251,0
-14769_8166,40.83061012212,-73.84964668267,1,12.0,1,0,33.748447,0
-14769_8167,40.8367903231975,-73.846844526175,8,14.375,6,1,57.953064,1
-14769_8168,40.84307833387,-73.84670727234,11,13.0,9,1,68.65749,1
-14769_8169,40.847208424185,-73.84821623095667,6,18.0,5,0,71.30226,0
-14769_8170,40.85106797315,-73.84854838678,1,29.0,1,0,65.363785,0
-14769_8174,40.871252740609165,-73.8473391745925,12,23.75,6,0,45.092285,0
-14769_8175,40.87662002317071,-73.84748674600215,14,15.285714285714286,8,0,23.099453,0
-14769_8176,40.8840393182425,-73.84926589871,4,21.5,3,0,13.2971,0
-14769_8177,40.88627656313,-73.84792537511,1,28.0,1,0,10.024934,0
-14769_8178,40.890722605853334,-73.84900263235,3,16.333333333333332,3,0,13.419006,0
-14769_8179,40.8985198674,-73.84932246209,1,9.0,1,0,3.4884322,0
-14769_8180,40.9033932576875,-73.848910749515,4,14.5,3,0,3.4973502,0
-14769_8181,40.90657220457,-73.84881212564,1,21.0,1,0,2.9960024,0
-14770_8133,40.666130558174004,-73.85167195126999,5,15.0,5,1,71.954575,1
-14770_8135,40.679876608594995,-73.850655730965,4,22.25,2,0,66.04655,0
-14770_8136,40.6827442416,-73.851202731435,4,10.75,4,0,60.72877,0
-14770_8137,40.68698367492,-73.85289244909,1,2.0,1,0,46.275005,0
-14770_8138,40.693439226191664,-73.85267965766083,24,17.958333333333332,13,1,39.45862,1
-14770_8140,40.70253517635,-73.85472982611,1,20.0,1,1,30.042913,1
-14770_8142,40.71072761555875,-73.85256932400875,8,18.25,7,0,4.159103,0
-14770_8144,40.722191188241666,-73.85206582032667,6,11.333333333333334,5,0,53.895485,0
-14770_8145,40.726571106699446,-73.85266903511555,18,14.055555555555555,13,1,66.80844,1
-14770_8146,40.732883683895,-73.8506519271175,4,17.0,4,0,55.701256,0
-14770_8148,40.74241892264091,-73.85393094273364,11,14.545454545454545,9,1,51.335,1
-14770_8150,40.75206662225,-73.85420271659,1,12.0,1,0,55.102913,0
-14770_8165,40.82835742577857,-73.85021187869286,7,20.285714285714285,7,0,23.480438,0
-14770_8166,40.83316841484483,-73.85161708979828,29,15.758620689655173,17,0,48.356785,0
-14770_8167,40.836008345588574,-73.85398346785,7,14.428571428571429,6,0,54.968243,0
-14770_8168,40.842638619602,-73.85214356704401,5,17.6,5,0,62.27423,0
-14770_8169,40.84912366860375,-73.85411792776625,8,21.625,7,1,63.906616,1
-14770_8170,40.85346186579889,-73.85387279321554,9,16.22222222222222,6,0,64.27408,0
-14770_8174,40.87305823106,-73.85288598884,4,9.0,4,0,39.265804,0
-14770_8175,40.875443085849994,-73.85104013439,2,47.0,1,0,28.484955,0
-14770_8177,40.88614112175,-73.854618202805,2,16.0,2,0,19.32588,0
-14770_8178,40.89134169465,-73.85087235494,1,8.0,1,0,13.419006,0
-14770_8179,40.898269435206664,-73.85359773358333,12,21.416666666666668,7,0,4.378937,0
-14770_8180,40.90316650871445,-73.85059650380889,9,18.555555555555557,5,0,4.384702,0
-14771_8134,40.671418067895715,-73.85694896073714,7,5.571428571428571,7,1,76.87244,1
-14771_8136,40.68432139251,-73.85846721484,2,20.5,2,0,45.2413,0
-14771_8138,40.692550401313845,-73.8583449631223,13,20.692307692307693,9,0,37.212364,0
-14771_8140,40.702732229935,-73.85757502706,2,12.0,2,0,1.4042776,0
-14771_8141,40.708789621182504,-73.858415097215,4,8.0,3,0,0.603281,0
-14771_8142,40.711350173017145,-73.85751994298857,7,12.0,7,0,2.183984,0
-14771_8143,40.717862814402,-73.857133472898,5,12.8,5,0,8.126008,0
-14771_8144,40.72189572086334,-73.85532000538001,3,20.333333333333332,3,1,51.58466,1
-14771_8145,40.7284503556375,-73.85836412826,4,20.0,3,0,54.15427,0
-14771_8146,40.732570701040004,-73.85650248837,2,7.5,2,0,50.85748,0
-14771_8147,40.73687978004,-73.857438584535,2,18.5,2,1,55.29618,1
-14771_8148,40.74349572891462,-73.85651565363693,13,22.23076923076923,7,0,46.71193,0
-14771_8149,40.74607927372,-73.8572221430175,4,17.0,2,0,48.598118,0
-14771_8150,40.75146592199478,-73.85738222539521,23,18.565217391304348,13,0,55.38628,0
-14771_8152,40.76096672567,-73.85764854624,1,44.0,1,0,59.767757,0
-14771_8157,40.78563983328,-73.85582614243,1,9.0,1,0,0.12070019,0
-14771_8162,40.81290660914,-73.856153390835,2,9.0,2,0,1.7506572,0
-14771_8164,40.823749298661426,-73.85880828320572,7,15.0,5,0,19.82318,0
-14771_8165,40.8265246345,-73.85870859162667,3,23.0,3,1,41.125977,1
-14771_8166,40.83277510239308,-73.85778508157922,13,12.846153846153847,6,0,45.383327,0
-14771_8167,40.83642886035727,-73.85659386026909,11,19.0,7,0,50.90747,0
-14771_8168,40.84105765978,-73.85545620022333,3,9.666666666666666,3,0,63.532852,0
-14771_8169,40.84769827483875,-73.85669864301,8,10.875,6,0,62.41235,0
-14771_8171,40.8563856757125,-73.85557097461376,8,14.0,7,0,69.96576,0
-14771_8172,40.863308100855,-73.85821678456,2,21.5,2,0,71.33933,0
-14771_8173,40.86550130296,-73.85798491935999,6,13.333333333333334,6,1,75.516335,1
-14771_8174,40.87090307193,-73.85624801262,1,12.0,1,1,67.76819,1
-14771_8175,40.876253912980005,-73.859572214125,2,25.0,1,0,46.215767,0
-14771_8176,40.882136138936666,-73.85682996563,3,16.666666666666668,1,0,32.785988,0
-14771_8177,40.887675102580005,-73.85766736508,2,29.0,2,0,23.245956,0
-14771_8178,40.89314002130947,-73.85744530659315,19,15.947368421052632,11,1,33.16186,1
-14771_8179,40.89670970811,-73.85551339694601,5,16.6,5,0,9.553323,0
-14771_8180,40.90178481641,-73.85692615797,1,10.0,1,0,11.289809,0
-14772_8132,40.66398368297,-73.86048760587,1,13.0,1,0,64.1748,0
-14772_8133,40.66974538885,-73.86082517533,1,12.0,1,0,71.998955,0
-14772_8135,40.679404744451816,-73.86288390519817,11,20.90909090909091,7,1,69.53613,1
-14772_8136,40.6825122221,-73.860407228935,2,23.5,2,0,50.59536,0
-14772_8138,40.69196936712917,-73.86212635299334,12,12.583333333333334,8,0,38.63967,0
-14772_8139,40.69694531353,-73.86472067886,1,13.0,1,0,14.6393,0
-14772_8141,40.708783329659994,-73.863398063275,2,5.5,2,0,0.12000152,0
-14772_8142,40.710574656735,-73.86486244246501,2,12.5,2,0,0.11896822,0
-14772_8143,40.71851814256,-73.86380010804,1,10.0,1,0,0.817102,0
-14772_8145,40.72916323801519,-73.8624108064663,27,14.222222222222221,14,0,44.098915,0
-14772_8146,40.73223553933813,-73.86357217348625,16,12.125,13,0,42.361023,0
-14772_8147,40.73767511008143,-73.86286226116,7,20.714285714285715,5,0,46.70601,0
-14772_8148,40.74390338475,-73.86171622779,2,7.5,2,0,47.88372,0
-14772_8149,40.748612745367105,-73.86273605935736,38,16.68421052631579,12,1,48.917503,1
-14772_8150,40.75138406916039,-73.86280855693654,26,18.923076923076923,8,0,45.118378,0
-14772_8151,40.75770856700555,-73.86179293913555,9,21.444444444444443,7,0,56.37985,0
-14772_8153,40.76646479467,-73.8635609087,2,7.0,1,2,77.83949,1
-14772_8163,40.81708354147,-73.86240537262,1,11.0,1,0,7.539361,0
-14772_8165,40.82603052359,-73.86166895257334,3,11.0,2,0,38.520706,0
-14772_8166,40.83326898629,-73.86272725661625,16,13.0,10,0,48.855606,0
-14772_8167,40.837343306692304,-73.86238946104461,13,14.538461538461538,10,1,61.46546,1
-14772_8169,40.84724447795,-73.86338443616201,5,23.6,4,0,56.296627,0
-14772_8170,40.853279000525,-73.8646075301825,4,10.75,3,0,60.703438,0
-14772_8171,40.85960526559,-73.86489466387,1,5.0,1,0,67.90907,0
-14772_8172,40.86386377911,-73.86417555200167,6,13.833333333333334,6,1,73.21676,1
-14772_8173,40.86568857949,-73.863413279972,10,20.8,9,0,72.98973,0
-14772_8174,40.871354690584,-73.86285380979,5,27.6,4,0,70.69619,0
-14772_8175,40.876612557105,-73.86260655301167,6,13.666666666666666,5,1,49.770782,1
-14772_8176,40.88277756749909,-73.86324859030273,11,15.909090909090908,6,0,35.25714,0
-14772_8177,40.88717149285556,-73.86080584306889,9,11.444444444444445,5,0,24.07141,0
-14772_8179,40.89550737752,-73.86348307763,1,13.0,1,1,61.949696,1
-14772_8180,40.90113764212,-73.86189065629,2,24.0,2,0,28.23649,0
-14773_8130,40.65112631069,-73.869104279315,2,25.0,2,0,59.480976,0
-14773_8131,40.65514306396,-73.86770341103,3,15.0,3,0,57.83935,0
-14773_8133,40.66862910297,-73.86850925826,1,13.0,1,0,66.14331,0
-14773_8134,40.67349116586,-73.86704681081,1,13.0,1,0,66.068054,0
-14773_8135,40.677618671843334,-73.86792616015934,15,17.533333333333335,11,1,69.59227,1
-14773_8136,40.68429236891,-73.86897222000499,8,11.5,5,0,49.421734,0
-14773_8137,40.6858430422,-73.86501732198,1,13.0,1,0,39.837803,0
-14773_8138,40.691394465125555,-73.86655140508222,9,16.0,6,0,34.446285,0
-14773_8140,40.70298949105666,-73.86801804647,3,10.666666666666666,3,0,0.37110132,0
-14773_8141,40.709530495436,-73.869319188524,5,7.4,4,0,0.055862363,0
-14773_8142,40.71066185479,-73.86548989036,1,22.0,1,0,0.08039748,0
-14773_8144,40.72296771134222,-73.8679675173,9,19.444444444444443,7,0,26.867352,0
-14773_8145,40.726364324715,-73.86517846148,4,24.0,3,0,31.459137,0
-14773_8146,40.73318687746445,-73.86857824165,9,11.333333333333334,9,0,37.53962,0
-14773_8147,40.7366249312325,-73.86574354547625,8,20.125,5,0,41.85031,0
-14773_8148,40.74250635795091,-73.86910662325818,11,13.0,6,1,31.478613,1
-14773_8149,40.74859239891966,-73.86876563469734,30,14.566666666666666,13,0,31.162994,0
-14773_8150,40.7525068604,-73.86725618532,8,27.25,4,0,34.565727,0
-14773_8151,40.75738878659273,-73.86786543111363,11,17.363636363636363,6,0,44.143723,0
-14773_8152,40.761659121545,-73.867422447125,2,15.5,2,1,73.399055,1
-14773_8153,40.76826674207667,-73.86747181630334,3,17.666666666666668,2,0,45.071255,0
-14773_8163,40.81668894204,-73.86526392537,1,13.0,1,0,5.4033513,0
-14773_8164,40.822647715591664,-73.86757087120499,6,18.833333333333332,6,0,42.06312,0
-14773_8166,40.83189476345,-73.86662619212666,15,13.466666666666667,11,1,66.95374,1
-14773_8167,40.837461341945,-73.86659589514,4,17.0,4,0,65.30456,0
-14773_8168,40.84477078845,-73.86796250329714,7,15.714285714285714,5,0,61.769665,0
-14773_8169,40.84576559201077,-73.86645010763922,13,11.923076923076923,7,1,61.30996,1
-14773_8170,40.85364245134875,-73.866468430125,8,11.875,8,0,59.056984,0
-14773_8171,40.85715035847118,-73.86740486729823,17,13.294117647058824,11,1,66.51994,1
-14773_8172,40.863766447785,-73.86739525017,2,12.0,2,0,72.60534,0
-14773_8173,40.86550891255846,-73.86701769985692,13,15.461538461538462,9,1,72.98973,1
-14773_8174,40.87157949476,-73.86635995413,6,14.0,4,0,68.93917,0
-14773_8175,40.878625015636,-73.86571868650199,5,14.0,5,0,45.778786,0
-14773_8179,40.898381499273334,-73.86734220551084,12,21.0,4,0,61.6822,0
-14773_8180,40.90046929352,-73.86771965407,1,9.0,1,0,61.073708,0
-14774_8129,40.64926650947,-73.87256930596,1,18.0,1,1,62.448376,1
-14774_8130,40.65018351106,-73.87034042427,1,45.0,1,0,62.448376,0
-14774_8131,40.65590162959,-73.873453996915,2,8.0,2,0,48.980705,0
-14774_8132,40.66186880467,-73.87347146767,1,2.0,1,0,33.927284,0
-14774_8133,40.666918825396664,-73.87149009570334,3,12.666666666666666,3,1,59.9304,1
-14774_8134,40.6731890170075,-73.8716762348875,4,25.5,4,0,65.125145,0
-14774_8135,40.67605448117375,-73.87190322652125,8,20.125,7,1,65.33316,1
-14774_8136,40.68310389059333,-73.87216714517534,15,18.266666666666666,12,1,58.501923,1
-14774_8137,40.68947593582,-73.87360277894,1,6.0,1,0,35.583996,0
-14774_8140,40.702639718765,-73.87223786461,2,11.5,2,0,0.39468092,0
-14774_8141,40.70895709402571,-73.87072547402286,7,13.285714285714286,5,0,0.050133932,0
-14774_8142,40.71320780297,-73.8741022867,1,12.0,1,0,0.03820586,0
-14774_8143,40.7184349701225,-73.872633155445,4,11.5,3,0,0.24327582,0
-14774_8144,40.722556546199996,-73.874151300995,2,26.0,2,0,7.4197607,0
-14774_8145,40.72665227126,-73.87133960458334,3,11.0,3,0,24.314566,0
-14774_8146,40.73401332362035,-73.87212993468107,28,17.535714285714285,17,0,16.586796,0
-14774_8148,40.742480796344005,-73.87380352684866,15,14.466666666666667,7,0,7.305589,0
-14774_8149,40.74889548114769,-73.87162618631538,13,15.461538461538462,7,0,14.05811,0
-14774_8150,40.7517540125041,-73.87191125482693,39,14.282051282051283,21,1,20.521841,1
-14774_8151,40.75751202470556,-73.87302599730778,9,11.666666666666666,6,0,26.152506,0
-14774_8152,40.76170817269,-73.87243132016201,5,17.8,3,0,53.997654,0
-14774_8153,40.768397677945,-73.873645561145,2,15.0,2,0,42.170383,0
-14774_8154,40.77011370265,-73.87044539501,1,10.0,1,0,45.071255,0
-14774_8161,40.80831219631333,-73.87185664586,3,15.666666666666666,1,0,0.12733568,0
-14774_8164,40.82410359137428,-73.87346994554572,7,7.571428571428571,6,1,61.54977,1
-14774_8165,40.82933037771286,-73.87454712112142,7,17.714285714285715,6,0,65.554855,0
-14774_8167,40.83567196081,-73.8703569944,1,7.0,1,1,70.5439,1
-14774_8168,40.84040700456,-73.87314504772,1,13.0,1,0,66.70096,0
-14774_8175,40.878894974305,-73.87310387686,8,15.5,8,0,61.603992,0
-14774_8179,40.8964251709,-73.87154745592,1,29.0,1,0,65.48204,0
-14775_8130,40.652520792912,-73.876644827798,5,11.8,5,1,36.51268,1
-14775_8132,40.66124675458,-73.87950634965,1,13.0,1,0,4.4890575,0
-14775_8134,40.674549718256664,-73.87772053562666,3,14.666666666666666,3,0,56.15239,0
-14775_8135,40.679707092665,-73.878513839085,2,6.0,2,0,57.213806,0
-14775_8136,40.68221151989818,-73.87776257945183,11,15.272727272727273,6,0,52.242615,0
-14775_8140,40.70281896530667,-73.87847033190333,3,17.666666666666668,3,0,2.5188346,0
-14775_8142,40.712829761183635,-73.87825746491727,11,23.454545454545453,9,0,0.04640339,0
-14775_8144,40.72483408668,-73.87954005994334,3,26.0,3,0,17.230131,0
-14775_8145,40.725676412750005,-73.878377398345,2,17.0,2,1,29.79632,1
-14775_8147,40.73695084795826,-73.87737345362565,23,16.782608695652176,12,0,4.078942,0
-14775_8148,40.74092113463375,-73.87913187133938,16,18.5,9,0,0.9488286,0
-14775_8149,40.74831591499531,-73.87819955081625,32,17.84375,12,0,1.3369392,0
-14775_8150,40.75049223792889,-73.87674246603889,9,21.77777777777778,5,0,2.1868105,0
-14775_8151,40.756206658458,-73.878837604532,10,22.3,8,0,6.946964,0
-14775_8152,40.761255659219096,-73.87753656345545,11,22.272727272727273,8,0,29.039837,0
-14775_8154,40.77441402977,-73.87729335185,5,5.6,5,0,31.972963,0
-14775_8161,40.80524764679,-73.876412712,1,9.0,1,0,0.117256775,0
-14775_8162,40.81035473741,-73.87815162537,1,12.0,1,0,0.35895616,0
-14775_8165,40.828262287483845,-73.8772575914627,26,17.192307692307693,13,1,65.84702,1
-14775_8166,40.832876820272006,-73.876952423746,5,17.0,4,0,69.16813,0
-14775_8167,40.83982166104167,-73.87669397988499,6,10.0,6,1,66.21978,1
-14775_8168,40.84088996946,-73.879416445425,2,23.0,2,0,64.7815,0
-14775_8174,40.872739128846504,-73.878335728013,20,11.75,11,1,66.73753,1
-14775_8175,40.87729893337,-73.87783882104286,7,17.571428571428573,5,0,59.72328,0
-14775_8176,40.88128406306,-73.87885891751,3,16.0,3,0,59.14103,0
-14775_8177,40.88603460438,-73.87874473476,2,37.5,2,0,58.54151,0
-14775_8179,40.89553721931,-73.876528133985,2,9.0,2,1,67.828545,1
-14776_8129,40.648037053003996,-73.88198654084,5,12.8,5,0,7.324463,0
-14776_8131,40.65937383071,-73.88387089722,1,13.0,1,0,1.2153478,0
-14776_8133,40.666491384958,-73.88258889927,5,12.6,4,0,5.226545,0
-14776_8134,40.672160996533336,-73.88222632633,3,16.666666666666668,2,0,47.320633,0
-14776_8135,40.67833261723,-73.88177771132601,5,13.8,3,1,56.55457,1
-14776_8136,40.681026643559996,-73.88135490545,3,9.333333333333334,3,0,53.914173,0
-14776_8140,40.701839605740005,-73.88171513615428,7,15.714285714285714,5,1,37.532642,1
-14776_8146,40.7344434817,-73.8825948077675,4,19.25,4,0,2.549816,0
-14776_8147,40.737171724294,-73.881743991399,10,14.0,8,0,2.0293257,0
-14776_8148,40.7426092254116,-73.8825060924076,25,21.84,10,0,0.27236158,0
-14776_8149,40.74791802120064,-73.88343610495508,63,17.50793650793651,18,0,0.4619744,0
-14776_8150,40.7501138879,-73.880722978916,5,17.0,4,0,0.9652906,0
-14776_8151,40.755865669276176,-73.88270548389087,34,16.794117647058822,14,0,3.2465045,0
-14776_8152,40.764106730885004,-73.8818302640125,4,15.5,4,0,24.108683,0
-14776_8153,40.76716896093,-73.88361362053,1,12.0,1,0,16.828617,0
-14776_8161,40.80965027249667,-73.88078637926333,3,14.666666666666666,3,0,0.72206354,0
-14776_8162,40.81245795914,-73.88417715544,1,0.0,1,0,1.7953569,0
-14776_8163,40.81765304936,-73.88347079646,1,12.0,1,0,9.305053,0
-14776_8165,40.828079070277276,-73.88150745074546,11,23.454545454545453,9,0,64.97877,0
-14776_8166,40.83164917506,-73.88145146771,1,25.0,1,0,66.002365,0
-14776_8167,40.83643409372,-73.8849736758,4,17.25,4,0,58.37218,0
-14776_8168,40.84322788138,-73.88281319015749,4,12.75,2,0,57.61516,0
-14776_8169,40.84677945816667,-73.88360028998333,3,9.666666666666666,3,1,55.70312,1
-14776_8170,40.85170226802375,-73.88299433329375,16,10.0,7,0,53.691017,0
-14776_8171,40.85763179343,-73.8837213336,4,20.0,4,1,60.2248,1
-14776_8173,40.867463476782504,-73.88376326220124,8,23.0,6,0,63.961445,0
-14776_8174,40.874079281502,-73.88449102112399,5,15.0,5,0,63.34755,0
-14776_8176,40.88142541689417,-73.8823871391325,24,20.416666666666668,15,1,59.34922,1
-14777_8126,40.63322230003125,-73.888790327205,8,9.75,7,1,43.928352,1
-14777_8130,40.653427434085,-73.88678605935999,2,4.0,1,0,0.64704657,0
-14777_8131,40.65689567997693,-73.88830495538001,13,12.538461538461538,9,0,0.17847396,0
-14777_8132,40.66255686387444,-73.88662235605445,9,21.0,6,0,0.5625451,0
-14777_8134,40.67319426784,-73.88708764153,1,13.0,1,0,22.736277,0
-14777_8135,40.6786040590225,-73.88692191211,12,15.75,8,0,45.474808,0
-14777_8140,40.7010111285325,-73.8891213082025,4,12.5,4,0,13.297462,0
-14777_8142,40.71219981527,-73.88662813592,1,22.0,1,0,0.19335754,0
-14777_8143,40.71665132598,-73.88611550348,1,12.0,1,0,0.7605122,0
-14777_8144,40.72205519791,-73.88553261571,1,19.0,1,0,10.776092,0
-14777_8146,40.73022339604,-73.88737670403,4,19.25,4,0,3.6098704,0
-14777_8147,40.738400829015006,-73.88607457671,2,30.5,2,0,0.44645998,0
-14777_8148,40.743520723929166,-73.88816281386583,12,24.416666666666668,6,0,0.20801798,0
-14777_8149,40.74796390095622,-73.8876611232432,53,22.20754716981132,18,0,0.49915868,0
-14777_8150,40.75091183401,-73.88925448411,1,9.0,1,0,0.89393955,0
-14777_8151,40.755635943804116,-73.88666412084648,17,15.235294117647058,10,0,2.147238,0
-14777_8152,40.764801113968,-73.886133932834,5,14.2,5,1,31.454298,1
-14777_8161,40.80761597204,-73.88949210531,1,7.0,1,0,1.251579,0
-14777_8162,40.81305723237,-73.8878808345425,4,12.25,4,0,5.644075,0
-14777_8163,40.817650647084996,-73.887961010445,6,13.0,5,0,28.109137,0
-14777_8164,40.82058613095,-73.88793133621,1,25.0,1,0,58.755898,0
-14777_8165,40.82703606915667,-73.887721691595,6,11.333333333333334,5,0,63.102837,0
-14777_8166,40.83299780407,-73.88509889161,1,23.0,1,0,59.21547,0
-14777_8167,40.83737186426166,-73.887267503505,6,9.666666666666666,5,1,54.965485,1
-14777_8168,40.84321112106909,-73.88701154058454,11,16.818181818181817,8,0,53.36116,0
-14777_8169,40.84815799158,-73.88890400161667,3,16.0,3,0,51.169415,0
-14777_8170,40.853832511623686,-73.88816134002184,38,17.86842105263158,13,0,57.20898,0
-14777_8171,40.85618918165625,-73.88698137462312,32,12.90625,15,0,58.90749,0
-14777_8172,40.86127178133583,-73.8895206990225,12,9.75,8,0,66.54729,0
-14777_8173,40.867525217395,-73.88790439618501,2,11.5,2,0,64.50954,0
-14777_8174,40.872885218696666,-73.88860821277584,12,18.083333333333332,10,0,61.062496,0
-14777_8175,40.876365902182,-73.886965475246,5,13.8,5,1,60.476803,1
-14778_8127,40.636894842615,-73.89313755286,4,17.75,3,0,10.5053,0
-14778_8129,40.648490920895,-73.89246123275,2,9.0,2,0,0.39704084,0
-14778_8130,40.650232479915,-73.891003097515,6,11.166666666666666,6,0,0.7130038,0
-14778_8131,40.658302723493335,-73.89065827457,3,6.0,2,0,0.14214192,0
-14778_8132,40.662754460841,-73.893356571936,10,17.3,5,0,0.7776879,0
-14778_8133,40.66551981794,-73.89423056345001,2,12.0,2,0,1.0142803,0
-14778_8134,40.67254175676,-73.8914129123325,4,19.5,4,0,11.641591,0
-14778_8135,40.677192322475,-73.891654963515,4,6.75,4,0,38.9183,0
-14778_8136,40.680351227260005,-73.892752171305,2,7.5,2,0,37.42529,0
-14778_8139,40.697294514675,-73.89253545894499,2,8.5,2,0,19.23377,0
-14778_8140,40.701195409701114,-73.89396176330555,9,19.77777777777778,6,0,12.547525,0
-14778_8141,40.70576516366,-73.89429991148,1,35.0,1,0,3.8935375,0
-14778_8144,40.72183738766,-73.89305493764,1,12.0,1,0,3.8031182,0
-14778_8145,40.7272503011,-73.89312129998437,16,20.0,11,0,8.389143,0
-14778_8147,40.7354448194,-73.8948047316,1,27.0,1,0,2.9395323,0
-14778_8149,40.74738893866639,-73.89184236491099,61,17.770491803278688,21,0,1.3816594,0
-14778_8150,40.752437257025555,-73.89339022331778,9,20.77777777777778,8,0,2.12941,0
-14778_8151,40.758592056372855,-73.89212164765142,7,12.142857142857142,7,0,11.570159,0
-14778_8153,40.76571730529,-73.89238133026,1,12.0,1,0,42.97486,0
-14778_8154,40.771442186103336,-73.89361281456,3,20.333333333333332,3,0,55.68232,0
-14778_8161,40.80990567391,-73.89009879132,1,31.0,1,0,4.5156403,0
-14778_8162,40.813081657954996,-73.891883611255,2,20.5,1,0,21.309134,0
-14778_8163,40.817820071374,-73.89263419123401,5,16.8,5,1,62.318737,1
-14778_8164,40.82269240552305,-73.89202727999348,23,11.652173913043478,13,2,71.641106,1
-14778_8165,40.82657653281833,-73.89126416587334,6,15.833333333333334,5,0,61.268234,0
-14778_8166,40.83034741092,-73.89181024312,1,12.0,1,0,54.621994,0
-14778_8167,40.83582483393,-73.89067016562,1,4.0,1,0,51.240074,0
-14778_8168,40.844983648094995,-73.89027374060001,2,36.0,2,0,54.484386,0
-14778_8169,40.8461849531525,-73.89297353453,8,18.625,7,0,51.253796,0
-14778_8170,40.852650868172496,-73.89298654297374,8,13.875,5,0,60.46917,0
-14778_8171,40.85702072981286,-73.89177700447858,7,15.714285714285714,7,0,61.0035,0
-14778_8172,40.861567634071115,-73.89242821644036,27,13.74074074074074,13,2,67.71438,1
-14778_8173,40.86908112739833,-73.89085690656667,6,18.333333333333332,4,0,64.22122,0
-14778_8174,40.8706016345,-73.89174449597,1,22.0,1,0,64.22122,0
-14778_8175,40.87502168976,-73.89285822916,2,15.5,1,0,55.354576,0
-14778_8176,40.88278426678,-73.89338813329,1,5.0,1,0,20.506004,0
-14779_8126,40.63482870454,-73.89687710374,1,10.0,1,0,6.308226,0
-14779_8127,40.63755862544091,-73.89700387674908,11,18.454545454545453,6,0,14.685659,0
-14779_8128,40.642150947684996,-73.89901512592999,2,9.5,2,0,4.7850924,0
-14779_8129,40.6484150433575,-73.897274067225,4,18.5,3,0,0.89641464,0
-14779_8131,40.65713129601,-73.896727144435,2,8.5,1,0,0.16970176,0
-14779_8132,40.66254116496,-73.89814971304,1,26.0,1,0,0.9460237,0
-14779_8133,40.66878235777,-73.897054376494,5,20.0,3,0,7.3382177,0
-14779_8134,40.67261605098667,-73.89681363884667,3,7.333333333333333,3,0,14.657296,0
-14779_8135,40.67717892942286,-73.89712089485714,7,5.714285714285714,6,1,35.339542,1
-14779_8139,40.69861397009,-73.89922077891667,3,29.666666666666668,2,0,17.813313,0
-14779_8140,40.701634993462,-73.89710755099,15,19.2,9,0,14.115942,0
-14779_8141,40.7077474071275,-73.89764696271708,24,17.0,13,0,1.8403312,0
-14779_8142,40.71048423381143,-73.89867853211715,7,21.428571428571427,7,0,1.232588,0
-14779_8144,40.7240193199,-73.89893688661999,3,11.666666666666666,3,0,4.1224475,0
-14779_8145,40.72680197427,-73.8952712232475,4,31.25,3,1,6.8817043,1
-14779_8146,40.73291102857,-73.89590204679,2,17.0,2,0,3.8111296,0
-14779_8147,40.7371277147575,-73.89594505001,4,13.25,3,0,3.597679,0
-14779_8148,40.742406564152,-73.896533131724,5,24.8,4,0,2.2692828,0
-14779_8149,40.74665677613541,-73.89764499739783,37,20.72972972972973,12,0,4.1878333,0
-14779_8150,40.75265746316667,-73.89673771332333,9,17.22222222222222,5,0,6.1563926,0
-14779_8153,40.767921848225,-73.89745361410999,2,18.5,2,0,64.86652,0
-14779_8161,40.80792109287,-73.89892339514,1,12.0,1,0,37.357513,0
-14779_8162,40.81473993309,-73.89993900667,1,24.0,1,0,63.263695,0
-14779_8163,40.81630758475,-73.896675015298,5,16.0,5,1,66.32373,1
-14779_8164,40.821940741875,-73.8971907804725,8,11.375,7,1,71.56013,1
-14779_8165,40.8278652160675,-73.8975189634175,4,21.5,3,0,59.857677,0
-14779_8166,40.83233307244,-73.89610361959001,2,24.5,2,0,49.080452,0
-14779_8168,40.8436181363,-73.897706950175,2,10.5,2,1,52.14861,1
-14779_8169,40.847277610039995,-73.89730769248,5,24.2,3,0,50.950397,0
-14779_8170,40.851716992547495,-73.89906262882,4,10.25,4,0,57.496166,0
-14779_8171,40.85865802466818,-73.89910692730636,11,12.272727272727273,8,1,66.2616,1
-14779_8172,40.861869309763684,-73.89721401955158,19,13.263157894736842,13,0,66.38242,0
-14779_8173,40.867209135802355,-73.89754919790118,17,16.235294117647058,13,1,63.17878,1
-14779_8176,40.884099197265,-73.8989400446775,4,11.5,2,0,25.840393,0
-14779_8177,40.88974107062,-73.89826744231168,6,21.166666666666668,5,0,14.535276,0
-14779_8178,40.8920882427925,-73.897214317505,4,8.5,4,0,14.535276,0
-14779_8180,40.904707987535005,-73.896686459365,2,25.0,2,0,0.0030679777,0
-14779_8181,40.905395518400006,-73.89768687252666,3,16.666666666666668,3,0,0.0030679777,0
-14780_8125,40.62729678505,-73.90289418312,1,22.0,1,0,16.060568,0
-14780_8126,40.6339882497,-73.90251691498,1,8.0,1,0,7.0413694,0
-14780_8128,40.64327113281,-73.90255282488499,4,7.0,3,0,6.5507917,0
-14780_8129,40.6462821794775,-73.903383116125,8,14.875,5,0,5.9312916,0
-14780_8130,40.65102837005,-73.901508077165,2,14.0,2,0,1.3902085,0
-14780_8131,40.65725413218,-73.90060863238,1,13.0,1,0,1.1594356,0
-14780_8133,40.66830060344,-73.90232598846,1,13.0,1,0,7.883469,0
-14780_8135,40.676569279990005,-73.90076540291,2,10.0,2,0,27.909405,0
-14780_8138,40.69381780417,-73.90223918152999,3,29.333333333333332,2,0,39.514645,0
-14780_8139,40.69806946743333,-73.90298264633445,9,16.77777777777778,5,0,42.87222,0
-14780_8140,40.702173860818526,-73.90249553669823,34,14.294117647058824,17,0,18.90398,0
-14780_8141,40.706977378602,-73.903146306796,5,17.4,5,0,4.2834563,0
-14780_8142,40.71366635713125,-73.90085921212625,8,9.375,5,0,0.1718941,0
-14780_8143,40.71596888445166,-73.901531995835,6,15.833333333333334,6,0,0.42572868,0
-14780_8144,40.72237840186333,-73.90335999534445,9,25.333333333333332,7,0,0.66638947,0
-14780_8145,40.729044489883336,-73.90045423845,3,18.0,1,0,2.102087,0
-14780_8146,40.73144633989,-73.90013311864499,2,34.5,2,0,4.4507875,0
-14780_8148,40.74249344257111,-73.90284111434889,9,15.222222222222221,7,0,18.040714,0
-14780_8149,40.74620233810931,-73.90289379884447,29,18.551724137931036,18,1,31.273174,1
-14780_8150,40.752248030055,-73.9031119591825,4,22.5,4,0,38.12097,0
-14780_8152,40.76260770479333,-73.90288147476333,3,26.666666666666668,1,0,58.84486,0
-14780_8153,40.769609306625,-73.90147825414499,2,5.5,2,0,75.02483,0
-14780_8154,40.771790067850006,-73.90315417496599,5,12.6,4,1,79.91787,1
-14780_8155,40.77673568274375,-73.90223356306875,8,14.625,6,0,81.97908,0
-14780_8162,40.81245103648643,-73.90341130006286,14,13.928571428571429,8,1,61.62855,1
-14780_8163,40.816415306257774,-73.90226271162334,9,17.0,6,0,65.621544,0
-14780_8164,40.821281432711665,-73.90136472031584,12,12.916666666666666,9,1,67.68693,1
-14780_8166,40.831626667492856,-73.90210544212428,7,17.857142857142858,7,0,51.97598,0
-14780_8167,40.83591129742,-73.90289570171501,2,11.0,2,0,49.872856,0
-14780_8168,40.84310166379,-73.9027161928775,4,9.0,4,0,47.114517,0
-14780_8169,40.847473929326924,-73.90216282410846,13,13.23076923076923,7,1,49.107952,1
-14780_8170,40.8525597818625,-73.903237745795,8,14.75,7,0,56.8189,0
-14780_8171,40.85792491809305,-73.90227623491347,23,18.043478260869566,14,1,64.595024,1
-14780_8172,40.86250059330333,-73.90221028198714,21,13.80952380952381,10,1,66.156746,1
-14780_8173,40.868921012288,-73.90245248992,10,15.0,7,0,60.710686,0
-14780_8174,40.87494412822,-73.90126190827,1,2.0,1,0,60.828888,0
-14780_8175,40.8788699156095,-73.904025707988,20,13.25,11,0,60.91222,0
-14780_8176,40.88367646460611,-73.90143612573833,18,10.277777777777779,12,0,25.840393,0
-14780_8177,40.88751353905,-73.902821486226,5,9.6,2,0,24.405119,0
-14780_8180,40.90459083871,-73.90240065083,1,12.0,1,0,0.0037567886,0
-14780_8181,40.906307265658,-73.903354406872,15,12.2,7,0,0.0037567886,0
-14780_8182,40.91223508525,-73.90265530121499,4,13.75,3,0,0.0030679777,0
-14781_8118,40.59216234861,-73.90814115926,1,33.0,1,1,98.044136,1
-14781_8123,40.6194947832,-73.90794130545,1,24.0,1,0,31.657944,0
-14781_8124,40.6207160636,-73.90607188589,2,22.0,2,0,29.483545,0
-14781_8127,40.639850370515006,-73.906572724975,2,23.5,2,0,20.119135,0
-14781_8128,40.64186015198,-73.906307607244,5,19.6,5,0,13.8578,0
-14781_8130,40.65470968326,-73.90710685187,1,12.0,1,1,18.555141,1
-14781_8131,40.6573957128275,-73.90828345441,4,13.0,4,0,17.931213,0
-14781_8132,40.66324835541833,-73.90896443494,6,14.166666666666666,5,0,22.462404,0
-14781_8133,40.668843693543074,-73.90800575853847,13,14.461538461538462,7,1,28.960075,1
-14781_8134,40.670238157835,-73.90697158456,2,6.5,2,0,30.840946,0
-14781_8135,40.6790304751,-73.907947141925,2,13.5,2,0,16.198175,0
-14781_8136,40.683002305316,-73.90915344827,5,10.6,5,0,18.66321,0
-14781_8137,40.68853636358667,-73.90715567522834,6,10.0,5,0,28.63878,0
-14781_8138,40.691957787345004,-73.90757871406001,10,16.9,9,0,31.387924,0
-14781_8139,40.69799888876042,-73.90733497454,24,16.875,12,1,45.977863,1
-14781_8140,40.70194640466838,-73.90757378172486,37,14.45945945945946,14,1,43.0429,1
-14781_8141,40.70711954936,-73.9072053205325,8,18.875,6,0,1.4407598,0
-14781_8142,40.71248911214167,-73.90634818409333,12,12.416666666666666,8,0,0.61347216,0
-14781_8145,40.726545078633,-73.90776361933601,10,18.3,7,0,0.6347996,0
-14781_8148,40.742957219455,-73.90752464645,2,9.0,2,0,40.89194,0
-14781_8149,40.74550503813267,-73.90633039784201,15,13.866666666666667,12,1,43.42648,1
-14781_8150,40.75259183523375,-73.90772419735126,8,15.875,6,1,49.80256,1
-14781_8151,40.7572877807,-73.90771764803,1,17.0,1,0,56.892056,0
-14781_8152,40.7612890393725,-73.9086864373025,12,21.916666666666668,9,0,63.662605,0
-14781_8153,40.7682327243025,-73.90758376091625,8,19.75,7,1,82.57106,1
-14781_8154,40.773355095745714,-73.90795060911822,28,16.857142857142858,16,1,82.20115,1
-14781_8155,40.77585539889214,-73.90958324569,14,14.857142857142858,11,1,83.563866,1
-14781_8161,40.80721249862,-73.90819361858,1,12.0,1,0,52.972115,0
-14781_8162,40.81268081428167,-73.90746593614,6,15.0,6,0,56.962116,0
-14781_8163,40.81655166308666,-73.90726723549,6,11.5,4,0,61.15496,0
-14781_8164,40.823821356564004,-73.909394768122,5,14.0,4,1,64.97096,1
-14781_8165,40.8265579669575,-73.90712436370251,4,11.25,4,0,61.652493,0
-14781_8166,40.83189909024,-73.906950656145,4,9.5,4,0,50.576252,0
-14781_8167,40.83725377822667,-73.90714248860333,3,24.666666666666668,3,0,44.916924,0
-14781_8168,40.844763975368,-73.908337491902,5,10.6,5,0,45.632835,0
-14781_8169,40.8473180747025,-73.90746034189999,4,19.0,4,0,44.63758,0
-14781_8170,40.8530564118932,-73.9077107823988,25,14.96,13,1,55.96515,1
-14781_8171,40.857961798296,-73.906350464214,5,35.2,4,0,58.119984,0
-14781_8172,40.86239978154333,-73.90786046259666,3,10.0,3,0,61.13187,0
-14781_8174,40.87381044056,-73.90775119169666,6,8.666666666666666,6,1,60.57007,1
-14781_8175,40.87845853627267,-73.90592225119467,15,14.4,11,2,63.72575,1
-14781_8176,40.880507050266665,-73.90822582460667,6,23.333333333333332,4,0,62.773617,0
-14781_8177,40.8866436676296,-73.9081432382432,25,14.2,14,0,24.131279,0
-14781_8181,40.90599256382,-73.90692430467334,3,13.333333333333334,2,0,0.0037567886,0
-14782_8112,40.56206500336666,-73.91188366627667,3,9.666666666666666,2,0,1.537553e-05,0
-14782_8120,40.60260308714,-73.91467008226,1,12.0,1,0,41.270103,0
-14782_8121,40.60865230773,-73.91428056082,1,13.0,1,0,44.013615,0
-14782_8122,40.613223664967144,-73.91235544950857,7,16.428571428571427,5,0,50.758297,0
-14782_8123,40.616738778766,-73.911832323682,5,20.6,5,1,56.176216,1
-14782_8126,40.6346292152,-73.91462537077,3,11.333333333333334,3,0,48.359562,0
-14782_8127,40.635964618052,-73.91265665309734,15,12.066666666666666,9,1,48.56493,1
-14782_8128,40.64397868915,-73.91378637169,2,18.5,2,0,46.536724,0
-14782_8129,40.64644020698,-73.91305767749999,6,9.0,5,1,41.80033,1
-14782_8130,40.65415603492,-73.91158376035,1,3.0,1,0,31.679764,0
-14782_8131,40.656650442045,-73.91441146683499,2,25.5,2,0,38.169807,0
-14782_8133,40.6692892203,-73.91138410585499,10,14.5,10,0,28.260063,0
-14782_8134,40.672604775744006,-73.912281627814,5,9.8,5,0,27.035656,0
-14782_8135,40.67828233341429,-73.91119163851143,7,11.285714285714286,5,0,18.535189,0
-14782_8136,40.683382562154286,-73.91226289723856,7,11.857142857142858,6,0,21.49107,0
-14782_8137,40.6855526475,-73.91219639579501,4,12.25,4,0,22.211685,0
-14782_8138,40.694014481542,-73.911080293827,10,18.6,7,0,45.802925,0
-14782_8139,40.6989124492525,-73.91240720263599,20,15.15,13,1,51.64226,1
-14782_8140,40.702077919779285,-73.9124125654175,28,12.892857142857142,13,0,50.261272,0
-14782_8141,40.7068631618675,-73.91232784499626,8,10.875,6,0,10.684942,0
-14782_8142,40.713955468436666,-73.91328069054833,6,12.0,5,0,0.40397522,0
-14782_8143,40.71517812360333,-73.91308730148,3,13.666666666666666,3,0,0.40397522,0
-14782_8144,40.72320428731,-73.91248753287,1,20.0,1,0,0.01853922,0
-14782_8145,40.726448368075,-73.912180192695,2,72.0,2,0,0.12715831,0
-14782_8148,40.74449199527833,-73.9112868759175,12,18.0,7,0,42.80685,0
-14782_8149,40.74670952037125,-73.91351397157,8,15.375,8,0,46.050724,0
-14782_8150,40.753388484953,-73.91433325681099,10,17.3,7,0,60.10842,0
-14782_8151,40.756725621694,-73.913678156217,10,19.0,8,0,62.67798,0
-14782_8152,40.762811550083335,-73.912677876952,15,16.8,11,0,69.3576,0
-14782_8153,40.76741458293886,-73.91212513543867,53,16.754716981132077,19,1,81.25618,1
-14782_8154,40.774346109394166,-73.91298841966959,24,13.458333333333334,17,1,84.21372,1
-14782_8155,40.7759776186492,-73.911644237784,25,15.72,17,2,82.63979,1
-14782_8156,40.7819269201,-73.91408191026,1,7.0,1,0,79.91165,0
-14782_8160,40.8026130105175,-73.91173349320749,4,15.25,2,0,44.63657,0
-14782_8161,40.806221613363334,-73.91286201536333,3,15.333333333333334,3,1,48.32751,1
-14782_8162,40.81463426924666,-73.91407685540001,3,18.666666666666668,3,0,52.6581,0
-14782_8163,40.81783500368,-73.91214406967501,2,10.5,1,0,59.083374,0
-14782_8164,40.82223110743375,-73.91221407794374,8,15.5,7,0,59.081642,0
-14782_8166,40.832417531133004,-73.912859759102,10,10.5,7,1,54.961674,1
-14782_8167,40.83845971990714,-73.91311236493142,14,10.357142857142858,9,1,49.883343,1
-14782_8168,40.844020988497,-73.913313964531,10,12.5,8,0,43.271465,0
-14782_8169,40.84783241122667,-73.91232935785,9,20.22222222222222,7,0,46.435993,0
-14782_8170,40.8532174432175,-73.912157686,4,18.5,3,0,53.79151,0
-14782_8172,40.8622194059,-73.91115785116,1,11.0,1,0,61.26083,0
-14782_8174,40.87452374009,-73.91079059895,1,13.0,1,0,60.409607,0
-14782_8177,40.885654717162495,-73.9104645806025,4,21.75,4,1,57.691067,1
-14782_8180,40.901621203605,-73.912852242405,2,10.5,1,0,0.04799533,0
-14783_8120,40.60313874557,-73.91524198715,1,35.0,1,0,41.270103,0
-14783_8123,40.619219688745,-73.91715554146357,14,11.142857142857142,10,0,61.79178,0
-14783_8124,40.62281967031,-73.91759920882834,6,12.666666666666666,6,1,60.823048,1
-14783_8125,40.62571197819333,-73.91790422627666,3,15.333333333333334,3,0,55.9451,0
-14783_8126,40.63241003966667,-73.91858609074222,9,12.222222222222221,6,0,49.45944,0
-14783_8127,40.638487746559996,-73.91904577042399,5,13.2,5,1,54.110844,1
-14783_8128,40.641840421335,-73.91742123573499,2,24.5,2,0,52.06907,0
-14783_8130,40.653176297177495,-73.91825951512,4,10.5,3,0,46.10425,0
-14783_8131,40.656688577728886,-73.91608232708667,9,13.555555555555555,6,0,41.445633,0
-14783_8132,40.66144475225,-73.91577315047999,3,14.666666666666666,2,0,35.43156,0
-14783_8133,40.66870528777875,-73.91786101396625,8,16.875,8,0,31.283224,0
-14783_8134,40.673065597265,-73.91818280232,2,11.5,2,0,28.291729,0
-14783_8135,40.677673576865004,-73.91748131059501,2,25.5,2,1,25.214968,1
-14783_8136,40.68317140891,-73.91818294344,3,7.666666666666667,3,0,20.465479,0
-14783_8137,40.68686441799778,-73.91658187020667,9,17.88888888888889,7,0,20.582827,0
-14783_8138,40.692276790445,-73.91697998213,2,22.0,2,0,34.593857,0
-14783_8139,40.698938614518404,-73.9173356439872,25,13.88,17,1,53.77068,1
-14783_8140,40.702972575371,-73.91805577916533,30,16.966666666666665,14,1,51.9305,1
-14783_8141,40.706510997912,-73.917498515582,5,9.2,5,0,16.182545,0
-14783_8142,40.71272204291,-73.9181122562,2,13.0,2,0,2.2254777,0
-14783_8143,40.717369892725,-73.91945029786001,2,19.0,2,0,0.1724276,0
-14783_8145,40.72998049026,-73.91911026808,2,13.0,2,0,0.16653721,0
-14783_8147,40.73956327602,-73.91831552114499,2,20.5,2,0,22.01689,0
-14783_8148,40.74255034855314,-73.91814016288542,35,22.17142857142857,18,0,40.31508,0
-14783_8149,40.74629588245,-73.91648109640875,8,15.25,5,0,45.504257,0
-14783_8150,40.754710995589996,-73.91680738084334,3,23.333333333333332,3,0,64.26062,0
-14783_8151,40.757996647007026,-73.91826405305757,37,18.83783783783784,18,0,69.07992,0
-14783_8152,40.76318239888262,-73.91676194595905,42,16.738095238095237,23,1,70.59602,1
-14783_8153,40.76614631507871,-73.91842054976937,31,14.064516129032258,21,0,71.9444,0
-14783_8154,40.771932558753,-73.918004514328,10,14.8,10,1,81.84996,1
-14783_8155,40.776120519352006,-73.91536397346799,5,18.0,4,0,81.07705,0
-14783_8156,40.78081860677667,-73.91734755956,3,10.666666666666666,2,0,76.23017,0
-14783_8161,40.8074729287125,-73.91853694851416,24,21.041666666666668,10,0,44.868195,0
-14783_8162,40.81393926855546,-73.91796837788091,11,12.909090909090908,6,0,45.77156,0
-14783_8163,40.81716809333353,-73.91756118911323,34,13.882352941176471,14,0,49.290726,0
-14783_8164,40.82114220248,-73.91675893854334,3,20.0,3,0,54.27348,0
-14783_8165,40.826792357004166,-73.9181769933825,12,12.5,11,1,59.32686,1
-14783_8166,40.8335900262525,-73.91798642675083,12,16.333333333333332,9,0,49.841003,0
-14783_8167,40.838737772395554,-73.91797200486222,18,13.222222222222221,10,0,44.483685,0
-14783_8168,40.8408469871425,-73.91732238272125,8,22.0,4,0,45.086685,0
-14783_8169,40.84751743506777,-73.91777438741778,9,16.11111111111111,6,0,45.69743,0
-14783_8170,40.851179669665996,-73.915698961644,5,9.4,4,0,48.232147,0
-14783_8172,40.863972179305,-73.91922013492,14,17.5,7,0,57.904648,0
-14783_8173,40.867322038714505,-73.9182584633805,20,18.8,9,1,60.07676,1
-14783_8174,40.871764421019996,-73.91620791942199,5,9.4,4,0,56.621777,0
-14783_8175,40.87875137075667,-73.91667447918333,3,20.666666666666668,3,0,61.043633,0
-14784_8112,40.56148768865,-73.92064307971,1,13.0,1,0,1.537553e-05,0
-14784_8117,40.58612733155,-73.92418877294,1,12.0,1,0,19.481117,0
-14784_8121,40.60983116908215,-73.92220892866071,14,15.714285714285714,11,1,49.000935,1
-14784_8122,40.611234601744,-73.92115710073,5,19.0,5,0,51.372326,0
-14784_8123,40.61919058610572,-73.92292482526857,7,12.857142857142858,6,0,56.33239,0
-14784_8124,40.6239321558,-73.92140789292,1,19.0,1,0,61.31345,0
-14784_8125,40.62866856292,-73.92385565828,1,12.0,1,0,41.91767,0
-14784_8126,40.63078943936,-73.920596380875,2,15.5,2,0,47.866352,0
-14784_8127,40.63549199448,-73.92370372406,1,13.0,1,0,40.891876,0
-14784_8128,40.6448843368375,-73.9222371401875,4,18.5,3,0,54.180424,0
-14784_8129,40.64921092244,-73.92041220797,1,13.0,1,0,53.73751,0
-14784_8130,40.652254603485005,-73.92404306325,2,8.5,2,0,51.165497,0
-14784_8131,40.657169085505004,-73.92397077909,2,8.5,2,0,51.620125,0
-14784_8132,40.66314889878154,-73.92255600147462,13,15.153846153846153,6,1,50.744514,1
-14784_8133,40.66611781223167,-73.922359478845,6,13.333333333333334,6,0,47.044598,0
-14784_8134,40.67215721045,-73.92299950877667,3,9.333333333333334,1,0,35.948227,0
-14784_8135,40.67815755407143,-73.92241708416428,7,15.714285714285714,7,0,26.04617,0
-14784_8136,40.682532369482,-73.922572373484,5,23.2,5,0,19.252718,0
-14784_8137,40.686922680526926,-73.92224091824076,13,27.692307692307693,9,0,22.101608,0
-14784_8138,40.691254259206666,-73.92408139742666,6,40.0,6,1,40.502148,1
-14784_8139,40.698165172698886,-73.92209904110666,9,26.666666666666668,7,0,54.13469,0
-14784_8140,40.702279597516004,-73.92251327963832,30,18.533333333333335,16,0,54.222454,0
-14784_8141,40.70638621484667,-73.92236228919357,42,14.047619047619047,18,0,51.21106,0
-14784_8142,40.7116322451,-73.923088860394,5,21.6,2,0,6.255453,0
-14784_8145,40.72669757954,-73.92284845603,1,7.0,1,0,0.016017362,0
-14784_8147,40.73942936027444,-73.92156784145556,9,11.777777777777779,7,0,24.595985,0
-14784_8148,40.74305270508195,-73.92267100896487,41,17.390243902439025,19,1,42.501854,1
-14784_8149,40.7462128832725,-73.9223863953525,8,10.875,7,0,49.200745,0
-14784_8150,40.75351389640625,-73.9223024999,8,17.0,7,0,64.235596,0
-14784_8151,40.757264222000735,-73.92202106265741,27,18.555555555555557,16,2,71.186134,1
-14784_8152,40.761866183021816,-73.92278786425727,44,18.045454545454547,22,0,73.877014,0
-14784_8153,40.76753361995171,-73.92230103062143,35,14.4,17,1,72.3358,1
-14784_8154,40.771101209313336,-73.92152478203583,12,20.0,9,0,75.37475,0
-14784_8155,40.77679666356,-73.92130621616,3,11.333333333333334,3,0,77.58493,0
-14784_8160,40.80300291444,-73.920377513855,2,21.0,1,0,42.914444,0
-14784_8161,40.809178102825626,-73.92318845961063,16,20.5625,12,1,41.574516,1
-14784_8162,40.81179402224125,-73.922938649285,8,12.625,6,0,41.981213,0
-14784_8163,40.817339419767336,-73.92246887775734,15,16.0,12,1,50.24025,1
-14784_8164,40.82396169798,-73.92429976819,1,9.0,1,0,51.578926,0
-14784_8165,40.82722478113846,-73.92306278268923,13,15.615384615384615,9,0,53.432064,0
-14784_8166,40.8314230613,-73.92192794507,2,11.0,2,0,49.64615,0
-14784_8167,40.836447495014546,-73.9220271676409,11,14.0,10,1,47.271034,1
-14784_8168,40.84148885478625,-73.9226682986325,8,16.625,6,0,40.49329,0
-14784_8169,40.84600107025,-73.92095837101499,2,11.5,2,0,49.284355,0
-14784_8170,40.85268259151,-73.92017864847,1,12.0,1,0,52.004128,0
-14784_8172,40.86247576467846,-73.92325376151231,13,14.307692307692308,8,1,62.6004,1
-14784_8173,40.867219567634514,-73.92159965631872,31,16.322580645161292,16,1,57.13307,1
-14785_8117,40.58580351486,-73.92856707882,2,3.5,2,0,15.877941,0
-14785_8118,40.593346209879996,-73.92571684511334,3,11.666666666666666,2,0,23.589264,0
-14785_8122,40.613300428806,-73.926249699728,5,17.2,4,1,56.96193,1
-14785_8123,40.61817878793,-73.92889328613555,9,15.555555555555555,7,0,58.10891,0
-14785_8124,40.62041432679,-73.92704580363,1,12.0,1,0,56.952595,0
-14785_8125,40.62664442033,-73.927882667908,5,18.0,3,1,53.59534,1
-14785_8126,40.6324032008825,-73.92867957745,8,14.0,8,0,38.48079,0
-14785_8127,40.637786136844,-73.928035622992,5,10.4,3,0,42.50433,0
-14785_8128,40.64359408058667,-73.92859565337,6,16.333333333333332,3,1,53.539013,1
-14785_8129,40.64540267214333,-73.92970898825,3,7.333333333333333,2,0,51.267796,0
-14785_8130,40.65216153312286,-73.92746349380715,7,17.428571428571427,4,0,54.400166,0
-14785_8131,40.65680378721,-73.92784020811001,2,10.0,2,0,54.44998,0
-14785_8132,40.66266845128,-73.92638124625,2,5.0,1,0,50.07497,0
-14785_8134,40.670402855795004,-73.927964228945,2,9.5,2,0,43.623714,0
-14785_8135,40.67928302117,-73.92923809585,1,18.0,1,0,17.76765,0
-14785_8136,40.682960349701666,-73.92865709664333,18,18.666666666666668,10,0,17.71605,0
-14785_8137,40.68616848278333,-73.92881668807667,6,14.166666666666666,4,0,20.170086,0
-14785_8138,40.69290978623666,-73.9279422324975,12,18.0,7,0,30.660233,0
-14785_8139,40.69847999440636,-73.92728593005182,11,14.909090909090908,7,0,48.68631,0
-14785_8140,40.70217968387433,-73.92755760236136,37,16.594594594594593,14,1,51.341595,1
-14785_8141,40.70591374275,-73.928520831865,2,14.5,2,0,50.818665,0
-14785_8145,40.72762745757,-73.9261089723,1,7.0,1,0,0.062323485,0
-14785_8147,40.73800525234666,-73.92875568685001,3,34.0,3,0,42.96279,0
-14785_8148,40.743201600587774,-73.92665762864334,18,21.333333333333332,13,0,42.209206,0
-14785_8149,40.7464393035475,-73.9270660468225,4,15.75,1,0,46.504787,0
-14785_8150,40.75315484579,-73.92780942535,1,31.0,1,0,60.81413,0
-14785_8151,40.75693095760875,-73.92794130087725,40,16.875,19,1,64.757866,1
-14785_8152,40.76228051243591,-73.92618934821546,22,16.318181818181817,16,0,70.53954,0
-14785_8153,40.767887155855,-73.9275307529525,4,23.0,4,0,64.17055,0
-14785_8154,40.772092543248334,-73.92746930292833,12,15.5,9,0,65.19882,0
-14785_8157,40.78958459482,-73.92997268416,1,12.0,1,0,48.196983,0
-14785_8161,40.8071294287,-73.92740158849546,11,13.454545454545455,5,0,43.93627,0
-14785_8162,40.811263024123996,-73.927964351934,5,8.6,5,0,40.865623,0
-14785_8163,40.81922538588667,-73.9274496425475,12,18.166666666666668,9,0,48.042664,0
-14785_8164,40.82392567066,-73.92803224765,1,36.0,1,0,53.15581,0
-14785_8165,40.82860888157434,-73.92781693203135,60,6.516666666666667,12,1,54.001575,1
-14785_8166,40.83404012186333,-73.92816581780666,3,17.333333333333332,3,0,51.86529,0
-14785_8167,40.83638560512,-73.927600708,3,17.0,3,0,48.301918,0
-14785_8168,40.840592744735005,-73.925321633435,2,19.5,2,0,49.68598,0
-14785_8170,40.852194727072856,-73.92901471196285,7,9.571428571428571,4,1,71.92095,1
-14785_8171,40.855365809808,-73.929352966972,5,22.2,4,0,75.55598,0
-14785_8172,40.86287044908844,-73.92664199389125,32,15.5,14,0,61.12534,0
-14785_8173,40.865892489042146,-73.92742522407,14,15.428571428571429,7,0,58.770466,0
-14786_8115,40.5784896865,-73.93489989999,1,5.0,1,0,5.804487,0
-14786_8117,40.586124896515,-73.93119673473501,2,6.5,2,1,19.764074,1
-14786_8119,40.597266578805,-73.93218804215499,2,5.0,2,1,48.580555,1
-14786_8120,40.60102781234,-73.934146098604,5,14.2,5,0,41.361866,0
-14786_8121,40.609183086324,-73.932201835808,5,18.0,4,0,38.432087,0
-14786_8123,40.61828441322857,-73.93189081656429,14,15.857142857142858,10,0,58.029522,0
-14786_8124,40.62027877808,-73.93437629929,1,28.0,1,0,62.49468,0
-14786_8126,40.633690736830005,-73.93363167244,2,9.5,2,0,37.85715,0
-14786_8127,40.6354706426,-73.93348218026,1,9.0,1,0,31.527817,0
-14786_8128,40.641910973145,-73.93296406550999,2,9.0,2,0,37.8099,0
-14786_8129,40.649628993125,-73.930154383345,2,32.5,2,0,55.444515,0
-14786_8130,40.651625379538466,-73.93171565748115,26,16.346153846153847,7,1,58.868492,1
-14786_8131,40.65677092051286,-73.93081492643144,7,10.142857142857142,4,1,57.79299,1
-14786_8132,40.66287857413375,-73.932189584665,8,16.875,3,0,47.309048,0
-14786_8133,40.66769389640143,-73.93135627678572,21,16.666666666666668,11,1,45.250633,1
-14786_8134,40.67105882381563,-73.93153189914625,16,14.9375,10,0,36.926346,0
-14786_8135,40.67674549652333,-73.93231964782167,6,9.333333333333334,5,1,23.390387,1
-14786_8136,40.6826723322075,-73.93418485399499,4,13.25,3,0,6.0258074,0
-14786_8137,40.689512118859994,-73.93036846338501,2,11.0,2,0,22.778893,0
-14786_8138,40.69391070810571,-73.93116673533714,7,19.142857142857142,6,0,33.880867,0
-14786_8139,40.69666252106944,-73.93365510476889,18,19.055555555555557,10,0,44.57464,0
-14786_8140,40.70354489305333,-73.93211499077833,18,19.444444444444443,12,0,50.363754,0
-14786_8141,40.70566759766667,-73.93275462745777,9,14.555555555555555,5,0,50.3227,0
-14786_8142,40.7140075619675,-73.93337554785501,4,21.75,3,1,48.876934,1
-14786_8143,40.71547016759,-73.933939522,1,46.0,1,0,49.83746,0
-14786_8145,40.72571907218,-73.93383551903,1,13.0,1,0,2.5763085,0
-14786_8147,40.73596885581667,-73.93369058247333,3,20.333333333333332,3,1,45.982944,1
-14786_8148,40.7435665155225,-73.93199617716,4,10.25,4,0,46.074806,0
-14786_8149,40.7459091003,-73.933041269645,2,5.5,2,1,49.740295,1
-14786_8150,40.753853264909004,-73.933053096227,10,16.6,7,1,59.24121,1
-14786_8151,40.757230661954445,-73.93103596608,9,14.555555555555555,7,0,54.655087,0
-14786_8152,40.7636603742925,-73.932248133055,4,12.0,3,1,56.487328,1
-14786_8153,40.766757946195455,-73.93159801529727,11,12.727272727272727,6,0,53.96805,0
-14786_8154,40.77189092827667,-73.93295789968666,3,27.333333333333332,3,1,59.699295,1
-14786_8158,40.79392121076,-73.93446811824,1,9.0,1,0,62.84799,0
-14786_8159,40.797210460067696,-73.93370862762384,13,14.461538461538462,9,0,62.60702,0
-14786_8160,40.8022301374525,-73.9342657618575,4,14.25,3,0,57.375324,0
-14786_8161,40.80852834452,-73.93064143269,3,17.666666666666668,2,0,47.207867,0
-14786_8164,40.821902481785,-73.930873432375,4,19.5,4,1,54.15168,1
-14786_8169,40.84817734662267,-73.93333973007866,15,17.466666666666665,9,0,78.22968,0
-14786_8170,40.85226035762864,-73.93259120971364,22,19.772727272727273,13,2,74.52699,1
-14786_8171,40.85692506875,-73.932511537114,5,13.8,3,0,75.287735,0
-14786_8173,40.86697491294667,-73.93084538724999,3,28.333333333333332,3,0,54.306103,0
-14787_8116,40.583916487585,-73.93802853387,2,4.5,1,0,10.582631,0
-14787_8118,40.591569671403334,-73.93851162595332,3,23.666666666666668,3,0,27.963936,0
-14787_8119,40.59876401003,-73.93725309614,1,22.0,1,0,42.71685,0
-14787_8120,40.60168873912,-73.93507525493,1,24.0,1,0,41.361866,0
-14787_8122,40.61337052091,-73.9387700468675,4,20.25,3,0,38.52727,0
-14787_8124,40.621825913682,-73.936638406614,5,18.2,5,1,66.353546,1
-14787_8125,40.62551889194,-73.93996208268,1,20.0,1,0,53.22523,0
-14787_8126,40.63460031521,-73.937961470675,2,17.5,2,0,45.555733,0
-14787_8127,40.63691930256,-73.93731075969,1,2.0,1,0,41.631638,0
-14787_8128,40.641600337043336,-73.93779759363667,3,14.333333333333334,3,0,38.546864,0
-14787_8130,40.651401512995,-73.9374142233125,4,16.5,3,0,56.637295,0
-14787_8132,40.662540548020004,-73.93901020725801,5,17.6,4,0,48.82953,0
-14787_8133,40.667440989225,-73.93681335139999,2,15.5,1,0,43.717148,0
-14787_8134,40.6713192237475,-73.937831674985,4,15.75,2,0,29.634964,0
-14787_8135,40.678803770740004,-73.93826001001,4,18.25,4,0,6.9788322,0
-14787_8136,40.68359919039615,-73.93705203937307,13,23.615384615384617,10,0,5.9201636,0
-14787_8137,40.687058262263996,-73.938485774792,5,10.4,4,0,6.681568,0
-14787_8138,40.691733735645,-73.9382885574525,4,10.0,3,0,11.188486,0
-14787_8139,40.6976674390375,-73.936612042952,20,16.35,14,1,43.40109,1
-14787_8140,40.702042580016666,-73.93688742600666,3,15.666666666666666,3,0,51.026028,0
-14787_8141,40.70814283722538,-73.93840353975538,13,11.76923076923077,5,0,55.744785,0
-14787_8142,40.71195178900833,-73.93629906307333,6,26.333333333333332,5,0,58.08351,0
-14787_8143,40.71915627986,-73.93867971749,1,6.0,1,0,31.57789,0
-14787_8144,40.72160175308,-73.93846460839,1,20.0,1,0,28.042866,0
-14787_8146,40.73448048752667,-73.93731123160667,3,19.0,3,0,19.747952,0
-14787_8147,40.736084750643336,-73.93638596592,3,11.666666666666666,2,0,45.10145,0
-14787_8148,40.743224047661116,-73.93613972171666,9,20.88888888888889,5,0,38.707302,0
-14787_8149,40.74847241868933,-73.93840865622066,15,12.933333333333334,10,0,38.326218,0
-14787_8150,40.751853324215,-73.93818849815779,18,16.38888888888889,12,1,50.761223,1
-14787_8151,40.758250055683334,-73.93634607477667,6,14.833333333333334,5,0,48.19707,0
-14787_8152,40.76262012521,-73.93964910430333,3,8.333333333333334,2,0,37.541862,0
-14787_8153,40.767297285225,-73.93729399846,2,4.0,2,0,45.64455,0
-14787_8158,40.792589025476666,-73.93934496160779,9,17.555555555555557,9,0,67.0469,0
-14787_8159,40.79724219809849,-73.93748394747,33,19.515151515151516,17,1,69.28229,1
-14787_8160,40.803211967969446,-73.93680919031834,18,11.11111111111111,14,0,62.358196,0
-14787_8161,40.80591351228333,-73.93868134903333,3,16.333333333333332,2,0,60.14986,0
-14787_8162,40.8142420792,-73.93715392506,4,16.0,4,0,54.894905,0
-14787_8163,40.817150671075,-73.93865842418299,10,15.3,7,0,53.477955,0
-14787_8164,40.821402285452855,-73.93780885788858,7,14.285714285714286,6,0,56.982887,0
-14787_8165,40.82778787501199,-73.938059598612,5,9.4,5,0,67.00069,0
-14787_8167,40.838443385276996,-73.938356835823,10,9.6,8,0,69.96658,0
-14787_8168,40.8424473560625,-73.93818222564111,36,14.722222222222221,18,1,75.30131,1
-14787_8169,40.847652061038126,-73.93712483186688,32,17.6875,14,1,80.859146,1
-14787_8170,40.85165710252833,-73.93792853473667,18,15.88888888888889,13,1,80.3649,1
-14787_8171,40.85525181856,-73.93724660857599,5,22.0,5,0,74.39514,0
-14788_8115,40.57783851978,-73.94404772578,1,10.0,1,0,17.92716,0
-14788_8116,40.58371190423333,-73.94312234523666,3,16.0,3,0,15.717104,0
-14788_8118,40.593125565165714,-73.94043986369715,7,12.428571428571429,7,0,31.290638,0
-14788_8119,40.59832473863143,-73.94149697129286,7,8.0,5,0,46.62144,0
-14788_8120,40.60063827051429,-73.94242349214001,7,18.0,6,0,46.62144,0
-14788_8121,40.606958028378,-73.943042938052,5,16.0,5,0,33.094875,0
-14788_8122,40.6114336259375,-73.94322709107,4,17.75,4,0,25.909058,0
-14788_8123,40.61627091207333,-73.94381005995332,3,6.333333333333333,3,0,43.864517,0
-14788_8125,40.628370847925,-73.9429001250125,4,13.25,4,0,55.98187,0
-14788_8128,40.64360023565,-73.94281045329,1,13.0,1,0,58.115368,0
-14788_8130,40.651046286586,-73.942848008402,5,17.0,4,0,59.85164,0
-14788_8131,40.655852317686,-73.94266944243,5,14.2,4,1,59.763992,1
-14788_8132,40.66306240011,-73.94341906396,2,20.0,1,0,45.70429,0
-14788_8133,40.66743746514778,-73.94227405907777,9,12.444444444444445,3,0,42.95821,0
-14788_8134,40.67144931119834,-73.94206730137834,6,14.666666666666666,5,0,33.320065,0
-14788_8135,40.67861939786667,-73.94170442799083,12,15.666666666666666,9,0,7.389255,0
-14788_8136,40.68288503297,-73.94285794750951,20,13.0,14,0,6.1241603,0
-14788_8137,40.687034589117005,-73.944250690948,10,14.3,7,0,5.2597737,0
-14788_8138,40.69247993529273,-73.94172884119,11,17.545454545454547,10,0,11.544679,0
-14788_8139,40.699436841164285,-73.94126209524428,7,14.285714285714286,7,0,43.49374,0
-14788_8140,40.7019896731925,-73.94241226547929,28,12.857142857142858,19,1,47.70938,1
-14788_8141,40.70715838917125,-73.94303163907875,24,16.458333333333332,13,1,57.62985,1
-14788_8142,40.712805386305,-73.94296058167,42,18.261904761904763,20,2,63.521767,1
-14788_8143,40.71665394560889,-73.94402072292388,18,15.055555555555555,10,0,64.35202,0
-14788_8144,40.72248715217667,-73.94286876873416,12,15.916666666666666,9,0,31.327366,0
-14788_8145,40.725771328810005,-73.94280408748,7,10.428571428571429,7,0,25.742996,0
-14788_8147,40.73876348828,-73.94124533616,1,0.0,1,0,38.904743,0
-14788_8148,40.743368602496666,-73.94186798594001,3,14.666666666666666,2,0,34.148365,0
-14788_8149,40.74797475995,-73.94165791427969,31,15.806451612903226,12,0,33.78815,0
-14788_8150,40.75276668932231,-73.94094642410538,13,19.615384615384617,9,0,41.232033,0
-14788_8151,40.75760775664917,-73.94236387579333,12,15.0,7,0,33.00028,0
-14788_8152,40.762228992535,-73.942309311405,2,17.5,2,0,37.51648,0
-14788_8156,40.78455007615,-73.94377946042,1,27.0,1,0,70.95505,0
-14788_8157,40.78853463886125,-73.94215280983501,8,13.875,6,0,69.47115,0
-14788_8158,40.79300870356281,-73.94239268922188,32,14.5,15,1,71.37469,1
-14788_8159,40.79789005145893,-73.94181635840143,28,14.392857142857142,13,1,75.473434,1
-14788_8160,40.800933914518,-73.94243060151,5,16.8,4,0,75.47521,0
-14788_8161,40.807221550710416,-73.94325017464833,24,17.625,16,1,71.83243,1
-14788_8162,40.8123222594725,-73.94265947838875,16,21.625,11,1,58.24174,1
-14788_8163,40.817301531138334,-73.94235951240834,6,31.333333333333332,5,0,57.786213,0
-14788_8164,40.822760934563334,-73.94319063470778,9,9.444444444444445,6,0,64.16783,0
-14788_8165,40.82627971607857,-73.94314684948428,7,11.857142857142858,6,0,66.33332,0
-14788_8166,40.8340092172775,-73.94280155058813,16,11.4375,10,2,77.97797,1
-14788_8167,40.8372068883863,-73.94172825580519,27,15.185185185185185,16,1,74.14116,1
-14788_8168,40.842516259758,-73.941430935834,5,17.8,3,0,76.78658,0
-14788_8170,40.850979340725004,-73.94028734427499,2,12.0,2,0,80.3649,0
-14789_8116,40.583692149252,-73.94772936064899,10,12.5,9,0,24.855133,0
-14789_8117,40.586988822624,-73.948141533522,5,18.8,4,0,25.979488,0
-14789_8118,40.592509189603334,-73.948439549955,6,10.666666666666666,6,0,46.54978,0
-14789_8119,40.599749302772494,-73.9480480346475,4,16.25,4,1,46.66883,1
-14789_8124,40.62283164184,-73.946393862104,5,13.4,3,0,62.576164,0
-14789_8125,40.62748872041333,-73.94738151353667,9,15.666666666666666,6,1,68.23958,1
-14789_8126,40.6326344721992,-73.947817561888,25,14.96,13,2,69.11933,1
-14789_8127,40.6379554110975,-73.9482019370275,4,6.75,4,1,61.758095,1
-14789_8128,40.641763257258184,-73.94866772704637,11,14.727272727272727,6,0,65.54829,0
-14789_8129,40.64684147708111,-73.94919520357,9,10.222222222222221,6,0,63.053524,0
-14789_8130,40.65153676716307,-73.94861868408577,26,16.846153846153847,14,1,65.9408,1
-14789_8132,40.66404344082,-73.94878715547,1,28.0,1,0,48.907364,0
-14789_8134,40.67161125163,-73.94982314359,1,10.0,1,0,37.197918,0
-14789_8135,40.677440168047,-73.9497581712845,20,16.95,14,0,18.683167,0
-14789_8136,40.680835912245,-73.94891629652363,22,15.545454545454545,15,0,12.365668,0
-14789_8137,40.687676806965,-73.94761147041001,2,18.0,2,0,7.282409,0
-14789_8138,40.692834899146,-73.946079152832,5,21.4,5,0,16.205143,0
-14789_8139,40.698267062363755,-73.94813011347375,8,12.75,7,0,32.888515,0
-14789_8140,40.700195613089996,-73.94639703851666,3,17.0,3,0,38.979893,0
-14789_8141,40.707376641336005,-73.947149405658,5,11.8,4,0,58.43023,0
-14789_8142,40.71230451039114,-73.94797419930828,35,19.228571428571428,20,0,64.93531,0
-14789_8143,40.71759501927734,-73.94788823112867,15,12.666666666666666,8,0,63.5679,0
-14789_8144,40.723874808185336,-73.94814331840666,15,12.2,11,1,59.9868,1
-14789_8145,40.725757793065,-73.9467167514325,12,13.25,8,0,33.986534,0
-14789_8148,40.74439033092667,-73.94906438821,3,22.0,3,0,31.67572,0
-14789_8149,40.7471375099815,-73.94694343622,20,10.95,9,0,30.090614,0
-14789_8150,40.751700110262725,-73.94810955836273,11,20.0,7,0,23.316553,0
-14789_8151,40.755441278915,-73.9452659599,2,17.5,2,0,28.73455,0
-14789_8152,40.7623826176525,-73.94940975362749,4,19.25,3,0,27.30801,0
-14789_8154,40.773801189465,-73.94873069321334,6,14.0,5,1,60.620724,1
-14789_8155,40.7777648468436,-73.94778931703,25,11.92,13,0,65.3275,0
-14789_8156,40.7821030602675,-73.94801830244892,28,14.285714285714286,15,2,71.65985,1
-14789_8157,40.78892353985308,-73.94832070036692,13,18.76923076923077,12,0,72.22615,0
-14789_8158,40.791539329052696,-73.94633876509462,26,17.115384615384617,14,2,76.48886,1
-14789_8159,40.797111019454,-73.948171521846,5,22.0,4,0,76.271034,0
-14789_8160,40.80269507161062,-73.9477170147,16,19.5,15,1,76.01139,1
-14789_8161,40.807565538288564,-73.94698910331,14,19.785714285714285,13,1,74.0648,1
-14789_8162,40.81377902406334,-73.94792365660668,3,8.333333333333334,3,0,60.265827,0
-14789_8163,40.81753760738,-73.94617209350999,3,27.333333333333332,2,0,59.70352,0
-14789_8164,40.823851831493336,-73.94756105487583,12,17.916666666666668,9,1,64.07038,1
-14789_8165,40.82757426432276,-73.94800553931137,29,19.17241379310345,18,1,67.000374,1
-14789_8166,40.83281932731167,-73.94600125756166,6,17.166666666666668,4,0,70.15685,0
-14790_8115,40.57691737392,-73.95256739882501,2,15.0,1,0,34.531845,0
-14790_8116,40.58389025842,-73.95088595033833,6,20.666666666666668,5,0,29.466799,0
-14790_8117,40.58666376862759,-73.95264133965068,29,15.758620689655173,16,1,47.79815,1
-14790_8118,40.59380649233,-73.950353527855,2,19.0,2,0,47.359066,0
-14790_8119,40.59871494163737,-73.95235141783263,19,17.736842105263158,12,0,49.49478,0
-14790_8122,40.610330913135,-73.95448842842167,6,12.333333333333334,6,0,30.143705,0
-14790_8126,40.63413138339,-73.95006400339,1,13.0,1,0,65.29926,0
-14790_8127,40.637701143581815,-73.95253862876818,11,19.545454545454547,7,0,65.81759,0
-14790_8128,40.64274500477,-73.95121662689667,3,22.333333333333332,3,0,65.47061,0
-14790_8129,40.64594574159,-73.95197220336,1,16.0,1,0,65.09197,0
-14790_8130,40.65138546865666,-73.95204726450584,12,21.583333333333332,8,0,68.47149,0
-14790_8131,40.65738975899278,-73.95081240004555,18,15.38888888888889,11,0,62.72391,0
-14790_8132,40.66231034338565,-73.95166997783653,23,15.73913043478261,11,0,53.950085,0
-14790_8133,40.66758942727625,-73.95174680683625,16,12.8125,10,1,50.421555,1
-14790_8134,40.67262490181871,-73.95093433561195,31,20.193548387096776,17,0,38.50383,0
-14790_8135,40.675637407795,-73.9520408567,2,14.5,2,0,34.44326,0
-14790_8136,40.681373724375774,-73.95241516282,26,13.76923076923077,13,0,18.328466,0
-14790_8137,40.68788500664818,-73.95274120846773,22,16.09090909090909,13,0,12.638539,0
-14790_8138,40.69246637843714,-73.95243002968286,7,15.857142857142858,5,0,20.334509,0
-14790_8139,40.69989229506,-73.95369674607,1,10.0,1,0,28.529978,0
-14790_8140,40.70404008132,-73.95479028437,1,30.0,1,0,49.644638,0
-14790_8141,40.70746627581,-73.95177313965428,14,12.5,8,0,56.589336,0
-14790_8142,40.712291813014616,-73.95161807102667,39,15.487179487179487,18,1,69.08244,1
-14790_8143,40.717429939092916,-73.95244252200332,24,17.208333333333332,17,0,66.85544,0
-14790_8144,40.723690659474286,-73.95158602115119,42,14.523809523809524,21,0,61.29999,0
-14790_8145,40.7269452683463,-73.95275719945148,27,14.37037037037037,18,1,61.09761,1
-14790_8146,40.7320163775775,-73.95412220895781,32,16.9375,17,2,58.24439,1
-14790_8147,40.736850073375,-73.95242425082,2,26.5,2,0,41.327244,0
-14790_8148,40.7436135284703,-73.9530900328709,33,15.0,18,1,29.58149,1
-14790_8149,40.74648768055847,-73.95268341256616,13,15.23076923076923,8,0,22.46348,0
-14790_8151,40.75895446495,-73.95219602138,3,9.0,3,0,30.852064,0
-14790_8152,40.760940168459996,-73.95080603324,2,13.0,2,0,28.899988,0
-14790_8153,40.7683220375042,-73.95352448924903,31,10.35483870967742,14,0,54.011356,0
-14790_8154,40.773167463296,-73.95293224652539,50,14.54,20,0,65.00568,0
-14790_8155,40.77732900118928,-73.95244746420566,83,14.650602409638553,27,1,69.85207,1
-14790_8156,40.782103590537275,-73.95225906811955,44,14.068181818181818,20,2,71.23456,1
-14790_8157,40.787306926180456,-73.95264330238182,22,18.136363636363637,13,1,70.21402,1
-14790_8158,40.792436424840005,-73.951276538155,4,19.0,4,0,74.59464,0
-14790_8159,40.79898135859333,-73.95254761350999,3,25.333333333333332,3,1,77.793236,1
-14790_8160,40.80271320533579,-73.95233660371264,19,15.947368421052632,12,0,76.3079,0
-14790_8161,40.807294373694,-73.952785477664,10,12.7,7,0,71.77263,0
-14790_8162,40.81130120214111,-73.95230157214777,9,12.555555555555555,7,0,66.76665,0
-14790_8163,40.817872173453,-73.953012791331,10,14.8,9,0,58.411343,0
-14790_8164,40.822491038250334,-73.95239311819567,30,17.233333333333334,18,1,62.576622,1
-14790_8165,40.82631659104,-73.95081739123857,7,22.428571428571427,4,0,69.16121,0
-14791_8115,40.57832830408834,-73.95877856689667,6,14.666666666666666,6,0,52.863766,0
-14791_8116,40.581950031426665,-73.95872531444,3,3.6666666666666665,3,1,52.51294,1
-14791_8117,40.58773107822375,-73.95580767502125,8,16.5,5,0,47.973217,0
-14791_8118,40.593635028635,-73.9573957154075,4,16.5,4,0,49.199543,0
-14791_8119,40.5986936249805,-73.9576355315775,20,22.25,10,1,51.504826,1
-14791_8121,40.608844050834705,-73.95782052120177,17,17.705882352941178,11,1,40.620785,1
-14791_8122,40.610021071835,-73.9565001232,2,11.0,2,0,39.847183,0
-14791_8123,40.618309618603,-73.957540008609,10,15.8,5,0,43.179817,0
-14791_8128,40.64282280982666,-73.957264444186,15,17.2,8,0,69.63232,0
-14791_8129,40.64707429658812,-73.95791910935313,16,11.3125,9,1,71.83605,1
-14791_8130,40.65190479024742,-73.95867362451129,31,15.709677419354838,15,1,68.077065,1
-14791_8131,40.656093079477,-73.959501357515,10,8.0,9,1,63.851784,1
-14791_8132,40.664178670745,-73.957279289265,2,10.0,2,0,52.959557,0
-14791_8133,40.66802020622546,-73.95754129305182,11,20.363636363636363,9,1,50.378464,1
-14791_8134,40.672506002809065,-73.95733487392407,32,12.28125,18,0,46.331516,0
-14791_8135,40.67663511859214,-73.95694500725999,14,9.0,8,0,43.70963,0
-14791_8136,40.68156953538429,-73.95666445193714,14,18.571428571428573,8,1,44.160057,1
-14791_8137,40.68814979340231,-73.95713543789154,13,16.923076923076923,10,0,18.878609,0
-14791_8138,40.69212006937429,-73.95722268437429,14,11.142857142857142,10,0,20.52707,0
-14791_8139,40.69756710011,-73.95999862098,1,27.0,1,0,16.44552,0
-14791_8140,40.701347179799996,-73.95768453557,2,16.5,1,0,24.237352,0
-14791_8141,40.708392897462225,-73.95737869783778,18,13.777777777777779,13,1,58.93245,1
-14791_8142,40.712957903093795,-73.9574114479814,50,15.86,26,0,64.086365,0
-14791_8143,40.71773600485513,-73.957881483533,80,16.075,33,2,66.547646,1
-14791_8144,40.721831914992606,-73.95762052417479,23,17.52173913043478,9,0,63.375664,0
-14791_8145,40.729003028368695,-73.95791934101348,23,16.82608695652174,10,0,57.886982,0
-14791_8146,40.73245593620036,-73.95725106760037,28,15.464285714285714,17,0,55.146957,0
-14791_8147,40.736780828167,-73.956388173721,10,9.4,7,0,43.299026,0
-14791_8148,40.74341074381909,-73.95667515469728,11,16.363636363636363,8,0,27.629158,0
-14791_8149,40.74693855470125,-73.95612300828876,8,11.875,8,0,20.665998,0
-14791_8151,40.7562154596,-73.95511568728,1,13.0,1,0,32.294975,0
-14791_8152,40.763430629788424,-73.95838802323,19,12.526315789473685,11,1,49.614586,1
-14791_8153,40.767432962186405,-73.95731811158265,64,14.6875,27,1,56.87653,1
-14791_8154,40.772618197452836,-73.95759776291985,60,15.116666666666667,19,3,63.631023,1
-14791_8155,40.77728098476129,-73.95650618158334,54,13.833333333333334,21,1,68.83415,1
-14791_8156,40.78340970732267,-73.95686691893467,15,13.2,10,0,70.22143,0
-14791_8157,40.785145412234996,-73.955688328345,2,23.0,2,0,71.29975,0
-14791_8160,40.803163844609,-73.95634666129,10,22.1,5,0,74.82611,0
-14791_8161,40.807713671981006,-73.958938065988,10,14.7,6,1,67.75372,1
-14791_8162,40.81327099025552,-73.95784047159967,29,18.344827586206897,18,1,59.380184,1
-14791_8163,40.81627935640154,-73.95866919034923,13,11.384615384615385,8,0,56.886047,0
-14791_8164,40.82011534232,-73.956974660965,2,24.0,2,0,56.771355,0
-14792_8115,40.57740272805584,-73.96239993992667,12,14.416666666666666,7,1,59.03228,1
-14792_8116,40.581870886247145,-73.96190522549571,7,15.428571428571429,6,0,57.104515,0
-14792_8117,40.58810126617167,-73.96044788598833,6,16.5,5,0,48.765575,0
-14792_8118,40.593030750532,-73.960795300771,10,20.5,8,0,48.471363,0
-14792_8119,40.597922707578334,-73.96174978288555,18,14.777777777777779,15,1,52.31334,1
-14792_8121,40.607717499455454,-73.96226853838363,22,16.5,12,0,44.51021,0
-14792_8122,40.61153268948785,-73.962666211025,14,20.714285714285715,7,0,42.3574,0
-14792_8123,40.61773416728667,-73.96238194178834,6,20.166666666666668,4,0,40.677826,0
-14792_8124,40.624312209288334,-73.96358800119,12,16.166666666666668,4,0,43.33618,0
-14792_8125,40.62512249471333,-73.96182899538167,6,8.166666666666666,4,1,52.0149,1
-14792_8126,40.633564936994446,-73.96260078340555,9,15.222222222222221,6,0,63.51966,0
-14792_8127,40.635363016128885,-73.96241119889889,9,13.333333333333334,7,1,65.7786,1
-14792_8128,40.641480219955,-73.963824228505,6,11.5,6,1,67.83247,1
-14792_8129,40.64934414398538,-73.96324131619384,13,14.307692307692308,11,1,71.50211,1
-14792_8130,40.65170958341,-73.96110018084666,3,4.666666666666667,3,0,69.48385,0
-14792_8131,40.65791348099318,-73.96045695672636,22,11.363636363636363,13,0,61.09072,0
-14792_8132,40.661249394372106,-73.9608659918858,19,13.789473684210526,11,1,58.820045,1
-14792_8133,40.6683908096,-73.96196094762,2,8.5,1,0,44.74233,0
-14792_8134,40.6736177815045,-73.9626681489405,20,17.7,12,0,49.32313,0
-14792_8135,40.67739311107087,-73.96352869706696,23,16.043478260869566,14,0,45.870193,0
-14792_8136,40.682589570712224,-73.96301985078223,18,13.833333333333334,10,0,42.541855,0
-14792_8137,40.687688749081666,-73.96299377231833,6,22.0,4,0,30.574114,0
-14792_8138,40.693281436052,-73.96282358677733,15,10.4,12,1,20.780117,1
-14792_8140,40.70354537192,-73.96045667137,1,75.0,1,0,37.158836,0
-14792_8141,40.708343830225,-73.96226329493,6,13.666666666666666,3,0,55.15441,0
-14792_8142,40.71290437669678,-73.96209918465593,59,17.28813559322034,27,0,58.380253,0
-14792_8143,40.7176266967969,-73.96214065006828,29,12.862068965517242,15,0,62.504368,0
-14792_8144,40.720472109485,-73.96174170322,4,13.25,3,0,60.149372,0
-14792_8145,40.72963976099,-73.9600947524,1,12.0,1,0,56.14389,0
-14792_8146,40.73034790914,-73.96009071859,1,2.0,1,0,56.14389,0
-14792_8148,40.741709968020004,-73.96039964870499,2,11.5,2,0,30.843718,0
-14792_8150,40.75468158264,-73.9641836162,1,7.0,1,0,59.477848,0
-14792_8151,40.75823014375965,-73.96320348297392,28,17.785714285714285,13,0,61.68707,0
-14792_8152,40.76208934951182,-73.96212136413091,33,16.515151515151516,15,0,60.74455,0
-14792_8153,40.76785971734407,-73.96242251085111,27,17.51851851851852,13,0,64.1529,0
-14792_8154,40.7724220946255,-73.962634401743,20,14.85,9,0,60.184242,0
-14792_8155,40.77672489351786,-73.96226760390786,14,13.285714285714286,9,0,63.913963,0
-14792_8156,40.78129896423,-73.9603236567,1,19.0,1,0,67.6461,0
-14792_8158,40.7944333915,-73.96268139317,1,13.0,1,0,79.5874,0
-14792_8159,40.799087166204,-73.962845639747,10,19.4,9,0,82.31448,0
-14792_8160,40.80223108105105,-73.96316254592368,19,19.31578947368421,15,0,81.47118,0
-14792_8161,40.807833128491666,-73.96326787369168,18,9.444444444444445,8,0,63.71215,0
-14792_8162,40.8126289927,-73.96161626157,8,11.875,5,0,55.87629,0
-14792_8163,40.81779057599,-73.9608509724,1,12.0,1,0,48.99862,0
-14793_8115,40.57649136348,-73.96650058888875,8,9.0,6,0,55.876625,0
-14793_8116,40.580616712525,-73.96624831561499,2,9.5,2,1,59.6429,1
-14793_8117,40.58654543247,-73.96616790112,1,39.0,1,0,54.369427,0
-14793_8118,40.59132502278,-73.96941678254,1,2.0,1,0,49.632164,0
-14793_8119,40.598485236260004,-73.96609160548999,2,18.5,1,0,47.95859,0
-14793_8120,40.604502211684,-73.969471944816,5,17.2,2,0,49.899235,0
-14793_8121,40.606636064592855,-73.96607023596857,7,23.857142857142858,3,0,43.94728,0
-14793_8124,40.62397024651,-73.96501051975,1,29.0,1,0,43.33618,0
-14793_8125,40.628346675223334,-73.96610701038334,3,11.666666666666666,3,0,42.31982,0
-14793_8126,40.632624578379996,-73.96684092122875,16,14.375,10,0,51.14333,0
-14793_8127,40.638664373625,-73.96831473922187,16,13.9375,11,1,60.15386,1
-14793_8128,40.64096261559706,-73.96746600512999,17,13.647058823529411,11,0,64.00181,0
-14793_8129,40.647807987446,-73.96828303255799,5,21.8,4,0,66.72415,0
-14793_8130,40.65218219887,-73.9687508935,1,5.0,1,0,60.077328,0
-14793_8134,40.67347852192,-73.96727363387,1,34.0,1,0,46.105328,0
-14793_8135,40.678506769344814,-73.96844527915704,27,19.74074074074074,16,1,49.125282,1
-14793_8136,40.681990426369524,-73.96716504017762,21,15.80952380952381,13,0,41.373005,0
-14793_8137,40.68893643304667,-73.96820667862066,15,13.0,9,0,18.617865,0
-14793_8138,40.69308741546304,-73.96766392716174,23,13.0,15,0,15.568845,0
-14793_8139,40.697106196970005,-73.96765075086401,5,21.0,5,0,14.769777,0
-14793_8142,40.7122225753595,-73.9665841443925,20,14.3,12,0,51.881386,0
-14793_8143,40.71626511018667,-73.96624128439834,6,12.333333333333334,6,0,55.457413,0
-14793_8150,40.7537653305762,-73.96813787404587,29,15.10344827586207,16,1,85.015144,1
-14793_8151,40.75754699079725,-73.96824384608358,109,14.55045871559633,33,3,86.81368,1
-14793_8152,40.76235236557492,-73.96730514186318,63,16.952380952380953,23,1,81.920204,1
-14793_8153,40.76654602049,-73.96733890075724,29,15.068965517241379,11,1,76.36483,1
-14793_8154,40.771521225258,-73.96601434633399,5,15.4,3,0,61.641335,0
-14793_8158,40.79322304323693,-73.96787821993615,13,10.538461538461538,9,1,86.86974,1
-14793_8159,40.79818227266517,-73.96847172513931,29,16.379310344827587,17,1,78.54793,1
-14793_8160,40.80175423027775,-73.966634122204,40,13.275,21,1,78.09712,1
-14793_8161,40.80584531445589,-73.96547719802234,17,17.0,8,0,63.532143,0
-14794_8115,40.578726503875004,-73.97236009551,4,9.75,3,0,58.492405,0
-14794_8116,40.58449723825,-73.97451420113,1,12.0,1,0,52.82647,0
-14794_8117,40.588075570399994,-73.973131751002,5,23.4,4,0,51.966457,0
-14794_8118,40.59038486865833,-73.97280230126,6,14.666666666666666,6,1,51.030056,1
-14794_8119,40.5967655746275,-73.97373126409374,8,14.125,6,0,46.136375,0
-14794_8120,40.604280611654005,-73.972376828402,10,13.3,7,0,50.25267,0
-14794_8121,40.60849316489846,-73.97244771927538,13,16.615384615384617,7,0,47.826298,0
-14794_8122,40.61323013169,-73.97386528506445,9,16.0,6,1,50.280685,1
-14794_8123,40.61676142924,-73.97123126947,1,9.0,1,0,43.203697,0
-14794_8126,40.63279136234,-73.97284920126,1,7.0,1,0,27.307266,0
-14794_8127,40.63589340395,-73.97476111732,1,19.0,1,0,35.65194,0
-14794_8128,40.64440939038,-73.97029321794,1,40.0,1,0,58.53588,0
-14794_8129,40.64669507130466,-73.97182324092667,15,13.066666666666666,9,1,62.195335,1
-14794_8130,40.65487598872,-73.97334474011,3,10.666666666666666,3,0,49.69003,0
-14794_8131,40.65502147208,-73.97338792997,1,26.0,1,0,49.69003,0
-14794_8133,40.66738420941,-73.97450764141,1,12.0,1,0,40.386227,0
-14794_8134,40.67485216563,-73.97201365592,1,13.0,1,0,42.442413,0
-14794_8135,40.677347055991426,-73.97321160387229,35,14.82857142857143,22,1,48.03072,1
-14794_8136,40.680968952262496,-73.97421518908082,12,12.0,9,0,36.305134,0
-14794_8137,40.68790123267134,-73.97260080233967,30,12.966666666666667,18,0,23.805088,0
-14794_8138,40.693001831221174,-73.9717194325653,17,17.235294117647058,14,0,12.200773,0
-14794_8139,40.69738942334818,-73.97274280116727,11,10.636363636363637,8,0,7.8705006,0
-14794_8147,40.738668573940004,-73.97414286360001,2,13.0,2,0,71.87509,0
-14794_8148,40.74341651556715,-73.97368139657715,7,9.857142857142858,6,0,86.99944,0
-14794_8149,40.748167996204664,-73.97329258404267,15,19.266666666666666,11,0,92.441055,0
-14794_8150,40.75222748515942,-73.97312454727327,104,15.73076923076923,34,2,95.068146,1
-14794_8151,40.7576931918066,-73.97204855026519,112,12.883928571428571,34,1,94.47624,1
-14794_8152,40.76241305245197,-73.97274317150944,71,13.169014084507042,20,0,90.04642,0
-14794_8153,40.76577461311077,-73.97260731762461,13,20.0,5,0,83.261284,0
-14794_8156,40.78436834002941,-73.97356055202647,17,19.352941176470587,13,0,82.424164,0
-14794_8157,40.787145645699674,-73.97282445859548,31,15.612903225806452,19,0,85.826035,0
-14794_8158,40.79231308268674,-73.97245814029652,46,13.478260869565217,24,1,87.94778,1
-14794_8159,40.7957066122425,-73.97100059238875,8,24.75,8,0,82.131645,0
-14795_8114,40.573720397322504,-73.97903764773625,8,13.75,5,0,55.13253,0
-14795_8115,40.57619238408428,-73.97785303617643,14,13.428571428571429,9,0,58.89276,0
-14795_8118,40.592679148308,-73.97839256262,5,17.8,3,0,49.235817,0
-14795_8119,40.596868646924996,-73.97764702093916,12,21.166666666666668,9,0,48.083218,0
-14795_8120,40.60399333182167,-73.97833485604666,6,17.166666666666668,4,1,51.14762,1
-14795_8121,40.60510703552333,-73.97959976113667,3,10.333333333333334,3,0,48.83775,0
-14795_8122,40.611961105385,-73.9789454544,4,16.0,3,0,48.08795,0
-14795_8124,40.62405264927,-73.97587513267,1,20.0,1,0,32.164852,0
-14795_8125,40.62616300307167,-73.97622320375667,6,12.166666666666666,4,1,24.44257,1
-14795_8126,40.63119090929167,-73.97696326919083,12,17.083333333333332,8,0,19.101809,0
-14795_8127,40.6362198961875,-73.9774119061825,4,19.0,4,0,29.769724,0
-14795_8128,40.643173580262776,-73.97824601235168,18,18.61111111111111,11,1,42.26541,1
-14795_8129,40.64822334508,-73.9783204322725,8,15.125,6,0,45.891937,0
-14795_8130,40.652561055695,-73.97680841308333,6,15.166666666666666,5,0,51.39234,0
-14795_8131,40.65802262432,-73.978699286875,2,14.0,2,0,41.495754,0
-14795_8132,40.662591943176665,-73.97966501781333,3,8.333333333333334,3,0,39.429707,0
-14795_8133,40.669181784857784,-73.97930492347777,9,11.555555555555555,8,0,42.27809,0
-14795_8134,40.67241732328094,-73.97721943490343,32,13.0625,17,0,42.446568,0
-14795_8135,40.67769829079667,-73.9790129970019,21,18.19047619047619,13,0,48.255367,0
-14795_8136,40.682466317619024,-73.97668769275033,92,12.532608695652174,30,0,33.688206,0
-14795_8137,40.6879327577675,-73.97725447348179,28,14.285714285714286,18,0,20.608185,0
-14795_8139,40.696000157195,-73.97587423818001,2,8.5,2,0,8.152348,0
-14795_8144,40.72368943509158,-73.97864745803737,19,13.157894736842104,11,0,24.08361,0
-14795_8145,40.72746906770793,-73.97869368599173,29,12.448275862068966,15,1,38.241356,1
-14795_8146,40.734030393762,-73.97918007121,5,16.8,3,0,51.358826,0
-14795_8147,40.737081318047366,-73.97880513713262,19,12.526315789473685,12,0,63.400234,0
-14795_8148,40.74316308031,-73.9782112376164,39,15.846153846153847,21,0,91.66423,0
-14795_8149,40.74745643123391,-73.9773595919161,64,17.515625,26,1,93.92157,1
-14795_8150,40.752615289855704,-73.97750330022666,114,12.280701754385966,34,3,98.18498,1
-14795_8151,40.757509368214464,-73.97789183872625,112,14.875,26,3,97.4973,1
-14795_8152,40.76247731743291,-73.97732219866681,110,15.181818181818182,28,2,95.54565,1
-14795_8153,40.76576861343421,-73.97842226094421,19,12.157894736842104,8,0,90.501366,0
-14795_8154,40.77409077649333,-73.97950808467667,3,16.333333333333332,2,0,62.94726,0
-14795_8155,40.77755051757217,-73.97842282855392,46,17.847826086956523,17,0,65.37651,0
-14795_8156,40.78326211879983,-73.97791622926518,60,15.266666666666667,30,1,77.238846,1
-14795_8157,40.786567584656666,-73.97661573911749,48,16.0,24,1,82.424164,1
-14795_8158,40.79000674006,-73.97515027682,1,12.0,1,1,87.434975,1
-14796_8114,40.57370926144,-73.980916997728,5,28.4,4,0,58.383717,0
-14796_8115,40.57644033914952,-73.98196520026475,21,9.714285714285714,14,1,60.932476,1
-14796_8117,40.58803289614,-73.984181691305,2,7.5,2,0,48.112286,0
-14796_8118,40.594517066769995,-73.981564212105,2,19.5,2,0,47.576626,0
-14796_8119,40.59616917002,-73.983534127938,5,14.6,4,1,51.459957,1
-14796_8120,40.60475212881,-73.9800812427,1,24.0,1,0,48.837746,0
-14796_8121,40.605322161091664,-73.981672259185,12,21.083333333333332,9,0,48.43241,0
-14796_8122,40.61257698817741,-73.98250750142778,27,14.407407407407407,13,1,49.45789,1
-14796_8123,40.617931882255,-73.9843789885125,4,11.0,4,0,35.608086,0
-14796_8124,40.6247732785,-73.98452778446,1,13.0,1,0,20.507925,0
-14796_8125,40.62698250632,-73.98229732394,1,35.0,1,0,17.299337,0
-14796_8126,40.633140580944996,-73.98332969269,2,22.5,1,0,10.448076,0
-14796_8127,40.636745727445,-73.98251901041,4,11.75,1,0,9.026408,0
-14796_8128,40.641796692805,-73.981738465655,4,15.0,3,0,26.718962,0
-14796_8129,40.64708248049,-73.98187755779,1,0.0,1,0,41.725147,0
-14796_8131,40.65897581698384,-73.9818576798323,13,15.307692307692308,11,1,43.402485,1
-14796_8132,40.66265198743741,-73.98263400231444,27,14.037037037037036,14,0,34.16338,0
-14796_8133,40.66691169201185,-73.98198575400778,27,10.407407407407407,15,0,38.109077,0
-14796_8134,40.6726996414195,-73.98329316485,40,16.65,22,0,43.394806,0
-14796_8135,40.6770472058846,-73.98228194804729,37,13.27027027027027,17,0,46.70473,0
-14796_8136,40.682225013582,-73.98218019902001,5,14.0,5,0,39.251377,0
-14796_8137,40.68784266801613,-73.98232484351807,31,17.193548387096776,14,0,21.724072,0
-14796_8138,40.69148947308241,-73.98346122030017,58,12.741379310344827,27,0,16.649464,0
-14796_8139,40.6953497207,-73.98417596594,1,13.0,1,0,3.3141713,0
-14796_8140,40.702436002028,-73.983059832282,5,18.6,5,0,1.1273642,0
-14796_8142,40.714526180605,-73.98190965388167,6,21.5,5,0,35.329155,0
-14796_8143,40.719130385835456,-73.98405585872364,11,17.0,9,0,29.369354,0
-14796_8144,40.72270716350579,-73.98310857907579,57,11.964912280701755,19,0,26.610622,0
-14796_8145,40.727479916834014,-73.98335914993001,112,15.776785714285714,37,0,30.139133,0
-14796_8146,40.731518015871664,-73.98276052680167,48,15.333333333333334,23,0,50.16665,0
-14796_8147,40.73829434039059,-73.98293553439852,34,15.647058823529411,15,0,84.12985,0
-14796_8148,40.74239368458899,-73.98252626380162,99,16.19191919191919,32,3,90.95891,1
-14796_8149,40.74753111507275,-73.983308860177,80,15.0375,29,2,97.29493,1
-14796_8150,40.75228929454616,-73.98272650991774,133,13.654135338345865,36,5,98.73728,1
-14796_8151,40.75733750413763,-73.98228945275454,152,14.368421052631579,36,1,98.545235,1
-14796_8152,40.76245748800503,-73.98265401901145,137,12.627737226277372,29,2,95.886894,1
-14796_8153,40.76661749950505,-73.982497532384,95,12.094736842105263,32,2,92.378525,1
-14796_8154,40.77270383748667,-73.982196213922,30,13.166666666666666,13,0,57.736046,0
-14796_8155,40.777614792369334,-73.9815778388875,60,14.883333333333333,25,1,64.92695,1
-14796_8156,40.781114284657335,-73.98084602204433,30,14.8,15,0,72.94888,0
-14797_8114,40.573411343815,-73.98734621347333,6,4.833333333333333,2,0,59.020573,0
-14797_8115,40.57515862841,-73.98540324782,6,17.333333333333332,3,0,59.020573,0
-14797_8116,40.58210577372,-73.98608646452,5,9.2,5,1,60.949654,1
-14797_8117,40.586247897975,-73.98820364228,2,22.5,2,0,46.521286,0
-14797_8118,40.5927914901,-73.98837711318,1,8.0,1,0,51.684635,0
-14797_8119,40.598560973881,-73.98794869473299,10,16.0,7,0,49.201298,0
-14797_8120,40.602197645485,-73.9863003071175,4,18.75,4,0,48.197914,0
-14797_8121,40.60999822156,-73.98543881969,1,21.0,1,0,50.465836,0
-14797_8122,40.61244551018,-73.9882899717025,4,22.75,3,0,51.066036,0
-14797_8123,40.61880287977167,-73.98818469812666,6,11.0,5,0,34.8852,0
-14797_8124,40.62072872413857,-73.98856571305285,7,18.571428571428573,6,0,33.664326,0
-14797_8125,40.62865481851,-73.98799617417,1,12.0,1,0,11.078184,0
-14797_8126,40.631130338614,-73.985624411016,5,15.0,1,0,10.169388,0
-14797_8127,40.63822345857889,-73.98830629691001,9,11.88888888888889,4,0,7.593115,0
-14797_8128,40.64250963164333,-73.98877443156665,3,18.666666666666668,2,0,11.16002,0
-14797_8129,40.64511515759,-73.98690495019,1,12.0,1,0,16.015875,0
-14797_8131,40.65972024267,-73.98791847709,1,10.0,1,0,38.71389,0
-14797_8132,40.6628244343,-73.98665672493,10,13.7,7,0,39.398674,0
-14797_8133,40.66774847242293,-73.98757473322708,41,16.097560975609756,18,1,42.434685,1
-14797_8134,40.67157133705182,-73.98706065773,11,11.636363636363637,7,0,44.521717,0
-14797_8135,40.6777175427,-73.98612519738417,12,14.5,10,0,46.35688,0
-14797_8136,40.68244141308667,-73.9871571535,3,8.0,3,0,38.346478,0
-14797_8137,40.68811356444347,-73.98784729436116,26,13.115384615384615,14,0,26.84786,0
-14797_8138,40.692240560870836,-73.98728466135937,48,12.395833333333334,22,1,16.606539,1
-14797_8139,40.69617638463,-73.9882255893,1,13.0,1,0,3.6154573,0
-14797_8140,40.70236139953833,-73.98776428961267,30,14.466666666666667,20,0,1.2886608,0
-14797_8142,40.71380349294692,-73.98811063195693,13,10.846153846153847,11,1,42.877552,1
-14797_8143,40.718249669732856,-73.9882387131945,91,15.45054945054945,32,3,46.592163,1
-14797_8144,40.72206160561583,-73.98794819286861,115,15.304347826086957,30,0,34.89893,0
-14797_8145,40.72771207387882,-73.98746122654448,161,15.602484472049689,33,0,35.70332,0
-14797_8146,40.73256556571307,-73.98747395956012,88,14.727272727272727,31,0,50.161224,0
-14797_8147,40.737902410666955,-73.98775567137173,69,13.652173913043478,26,1,79.852585,1
-14797_8148,40.7430805352867,-73.98778904754366,112,15.723214285714286,35,0,94.25281,0
-14797_8149,40.74747163662176,-73.98703088235709,165,14.242424242424242,31,4,95.07297,1
-14797_8150,40.75276527707796,-73.98740477212577,142,15.873239436619718,35,5,98.53813,1
-14797_8151,40.75773389320547,-73.98748557547675,139,14.726618705035971,26,3,97.7546,1
-14797_8152,40.762157085981414,-73.98774131507112,134,16.067164179104477,31,2,95.76675,1
-14797_8153,40.767293254180004,-73.98738809048196,51,15.137254901960784,23,1,82.958206,1
-14797_8154,40.772279666667266,-73.98791768296817,11,11.909090909090908,6,0,58.694603,0
-14797_8155,40.77666668167,-73.98922949915,1,13.0,1,0,53.46226,0
-14798_8115,40.57570372186667,-73.99315332318668,3,7.666666666666667,2,0,65.19332,0
-14798_8118,40.591034642118004,-73.992937163154,5,8.6,4,0,51.833187,0
-14798_8119,40.599723361943994,-73.99038671249801,5,12.2,3,0,51.844036,0
-14798_8120,40.601405766018885,-73.99305386888278,18,15.222222222222221,9,1,51.32352,1
-14798_8121,40.608987978180004,-73.99370213608333,3,6.666666666666667,3,0,47.756485,0
-14798_8122,40.61330786175,-73.9922690684589,9,12.222222222222221,5,0,52.785484,0
-14798_8123,40.61685948384834,-73.99251016445167,24,18.0,12,1,52.323006,1
-14798_8124,40.622020126113334,-73.99222639604666,3,19.666666666666668,3,0,36.76581,0
-14798_8126,40.63394124160167,-73.99323860141166,6,15.666666666666666,2,0,7.308528,0
-14798_8127,40.63676780041625,-73.9934384513125,8,12.375,3,0,7.151802,0
-14798_8128,40.640937892718,-73.993734996798,10,10.4,7,0,9.180463,0
-14798_8129,40.64543416742,-73.99447583719,1,41.0,1,0,13.696649,0
-14798_8132,40.662548840025,-73.992432018282,30,11.633333333333333,14,0,42.591457,0
-14798_8133,40.668065587509,-73.992640592125,10,11.4,8,1,46.16128,1
-14798_8134,40.67187028598167,-73.991057362895,6,18.0,6,0,40.252934,0
-14798_8135,40.6778909305,-73.99073809024,1,11.0,1,0,43.682983,0
-14798_8136,40.682940833889575,-73.99307575665341,47,15.936170212765957,19,0,42.394875,0
-14798_8137,40.68708177734553,-73.99242207732127,47,12.51063829787234,26,1,42.259533,1
-14798_8138,40.692433980337306,-73.99258105603904,52,13.653846153846153,24,0,17.600056,0
-14798_8139,40.69842729790941,-73.99256408097234,17,14.529411764705882,8,0,3.0594182,0
-14798_8140,40.70307242034352,-73.99248359490053,37,14.891891891891891,21,0,1.9855099,0
-14798_8142,40.713939996612396,-73.9922786720018,50,15.78,23,0,55.307674,0
-14798_8143,40.71764631124226,-73.99226872165882,93,16.096774193548388,27,0,53.60976,0
-14798_8144,40.72258255490123,-73.99309716460169,65,13.815384615384616,29,0,47.53117,0
-14798_8145,40.727176559123016,-73.99263734747682,63,15.476190476190476,22,1,48.30267,1
-14798_8146,40.732735171886425,-73.9926759636918,84,13.642857142857142,29,1,66.17789,1
-14798_8147,40.73741654061969,-73.99193011117453,64,13.484375,31,1,81.44666,1
-14798_8148,40.74247624556889,-73.99235485322185,81,15.839506172839506,29,1,90.234726,1
-14798_8149,40.747237189138154,-73.99248569298098,92,13.619565217391305,32,2,92.671135,1
-14798_8150,40.751817121749994,-73.99210794898521,194,11.185567010309278,36,6,97.525024,1
-14798_8151,40.75727798770285,-73.99197297575449,109,15.752293577981652,29,4,95.74145,1
-14798_8152,40.762032603870736,-73.99230103130765,68,15.426470588235293,31,1,93.266556,1
-14798_8153,40.76725769326333,-73.99193789320134,15,14.6,9,0,74.15437,0
-14798_8154,40.771497098508334,-73.99123468267167,6,11.0,5,0,60.577023,0
-14799_8115,40.575307730744996,-73.9967134736,2,12.0,2,1,68.5829,1
-14799_8118,40.593609069353334,-73.99696222320334,3,5.333333333333333,3,1,50.339348,1
-14799_8119,40.598764167056,-73.997799807798,5,11.4,5,0,52.41998,0
-14799_8120,40.60407434856448,-73.99734998035483,29,14.344827586206897,12,1,53.60133,1
-14799_8121,40.60526183099571,-73.99861812130784,14,14.857142857142858,11,0,52.42526,0
-14799_8122,40.61198084937777,-73.99740437241445,9,16.22222222222222,4,0,51.90208,0
-14799_8123,40.61793569163667,-73.9994170675,6,24.0,5,0,51.26985,0
-14799_8124,40.62205854319571,-73.99838362756714,7,10.285714285714286,5,1,48.272007,1
-14799_8125,40.62583790580125,-73.9981920118075,8,12.875,6,0,35.809128,0
-14799_8126,40.6316217792575,-73.9954055909825,4,17.25,4,0,12.083545,0
-14799_8127,40.6380405341325,-73.998578575775,4,16.25,3,1,12.5719185,1
-14799_8128,40.6448887751975,-73.99978919708249,4,7.75,4,0,11.401289,0
-14799_8129,40.645985498532504,-73.997193153135,12,14.833333333333334,6,0,11.941852,0
-14799_8131,40.65822863123666,-73.99912898545,3,25.666666666666668,3,0,40.55287,0
-14799_8132,40.662239443992,-73.99682451480001,5,13.4,3,0,39.434223,0
-14799_8133,40.66756539942,-73.9964205344,1,12.0,1,0,38.525314,0
-14799_8134,40.674227938086666,-73.99911315571667,3,7.333333333333333,3,0,26.120546,0
-14799_8135,40.67731425382954,-73.99800005926681,22,15.363636363636363,12,0,32.9523,0
-14799_8136,40.68257514975696,-73.99690303244087,23,19.869565217391305,12,1,41.8699,1
-14799_8137,40.687465717574995,-73.997122581505,4,16.75,3,0,43.51857,0
-14799_8138,40.69163029153809,-73.99701596177619,21,14.857142857142858,12,0,26.311964,0
-14799_8139,40.69511468394,-73.99577594538,3,16.0,3,0,5.942288,0
-14799_8140,40.701418733112504,-73.9956108448975,4,23.75,1,0,4.368654,0
-14799_8142,40.71395721891823,-73.99764974481339,68,16.014705882352942,12,0,60.89658,0
-14799_8143,40.717265816196736,-73.99775013317954,150,18.786666666666665,22,0,62.795185,0
-14799_8144,40.722031606858394,-73.99670719840076,106,16.4811320754717,35,0,54.99208,0
-14799_8145,40.72817439523588,-73.99824037823868,68,16.191176470588236,22,1,65.990746,1
-14799_8146,40.732626084662925,-73.99799717671804,41,11.487804878048781,16,0,62.881207,0
-14799_8147,40.73737945887193,-73.99736406571961,52,13.846153846153847,22,1,77.961464,1
-14799_8148,40.74302454940824,-73.9975131618851,57,14.192982456140351,21,0,87.28148,0
-14799_8149,40.74762012744,-73.9967427298436,25,16.96,14,1,89.598495,1
-14799_8150,40.75290089045892,-73.99753288015432,74,12.716216216216216,29,1,92.5411,1
-14799_8151,40.756816427878235,-73.99768583593765,17,18.235294117647058,9,1,91.043,1
-14799_8152,40.762031192049164,-73.997368126325,12,24.416666666666668,7,0,85.25493,0
-14799_8153,40.76604220572,-73.99728885323,1,12.0,1,0,75.13598,0
-14800_8114,40.57476700421,-74.00339089015,1,12.0,1,0,62.677628,0
-14800_8119,40.5954257023675,-74.0004509978525,4,23.5,4,0,49.76257,0
-14800_8120,40.60166732456,-74.00206225742417,12,15.833333333333334,11,0,51.52568,0
-14800_8121,40.607246225731906,-74.00233374212,21,18.80952380952381,13,0,52.65964,0
-14800_8122,40.612647311162,-74.000837749972,10,13.1,7,1,53.411495,1
-14800_8123,40.61810172528,-74.00252861594,1,54.0,1,0,52.26238,0
-14800_8124,40.62372764525667,-74.00028938508666,3,18.333333333333332,2,0,45.24635,0
-14800_8125,40.62777351867429,-74.00375955125142,7,13.0,5,0,42.78606,0
-14800_8126,40.63236494897,-74.00388064507625,8,12.625,5,0,18.921228,0
-14800_8127,40.63636279574,-74.00063773215,1,2.0,1,0,12.65289,0
-14800_8128,40.64228934910861,-74.00281528085695,36,17.13888888888889,9,0,13.830005,0
-14800_8129,40.647358387945005,-74.00077837378,2,8.5,2,0,20.92954,0
-14800_8130,40.651748464977274,-74.00421223174637,22,20.045454545454547,10,1,35.10716,1
-14800_8131,40.65664695944,-74.003028892616,10,15.3,6,0,39.428448,0
-14800_8132,40.66029453592,-74.00074248664,1,7.0,1,0,38.770332,0
-14800_8134,40.67096348119,-74.00137346037,1,2.0,1,0,21.905073,0
-14800_8135,40.67630756059,-74.00139520189,1,9.0,1,1,26.022001,1
-14800_8136,40.683211333449165,-74.00236434096583,12,17.0,9,0,31.007847,0
-14800_8137,40.686809062705,-74.00183110978166,6,17.333333333333332,4,0,39.847904,0
-14800_8141,40.70722519764767,-74.00298755126167,30,18.333333333333332,16,0,55.17521,0
-14800_8142,40.711658847905,-74.0016069746825,4,18.25,2,0,80.96786,0
-14800_8143,40.71778089177128,-74.00258762321589,39,16.82051282051282,18,2,75.0406,1
-14800_8144,40.722737226594084,-74.00345609501775,49,15.428571428571429,20,1,67.31764,1
-14800_8145,40.7278749514866,-74.00196609358937,144,15.319444444444445,32,0,62.603615,0
-14800_8146,40.73220473808993,-74.00243593375357,159,15.446540880503145,36,1,62.71752,1
-14800_8147,40.73745329244139,-74.00203836193938,65,14.061538461538461,25,1,73.071655,1
-14800_8148,40.74194074569241,-74.00306477343567,83,13.927710843373495,28,1,79.59264,1
-14800_8149,40.74735511105938,-74.0023123857925,32,15.78125,15,1,80.89993,1
-14800_8150,40.75237678906237,-74.00156405706079,38,10.657894736842104,16,0,83.52916,0
-14800_8151,40.75588438299809,-74.00186921539952,21,8.095238095238095,5,0,79.97741,0
-14800_8152,40.76154358007,-74.00006858628,1,12.0,1,0,78.29024,0
-14801_8120,40.603939600316004,-74.005965830772,5,18.0,4,0,52.25401,0
-14801_8121,40.60763722115714,-74.00718948803714,7,12.0,5,0,52.540005,0
-14801_8122,40.611378466235,-74.00948375362167,6,16.0,6,1,57.724224,1
-14801_8123,40.618931249372224,-74.00885346329112,9,14.777777777777779,7,1,59.88056,1
-14801_8124,40.62121208691167,-74.00658118147334,12,14.333333333333334,10,0,49.984768,0
-14801_8125,40.628952433215,-74.0055966454725,4,24.0,4,0,36.8486,0
-14801_8126,40.63230925043182,-74.00746594861636,11,17.90909090909091,5,0,27.225504,0
-14801_8127,40.63736610241473,-74.00792919457757,74,14.68918918918919,11,0,26.019436,0
-14801_8128,40.64127265822389,-74.00749640360667,18,17.77777777777778,6,0,24.868534,0
-14801_8129,40.64756280644586,-74.00832893531896,29,17.93103448275862,12,0,34.879597,0
-14801_8130,40.65201444969083,-74.0071524397425,12,15.666666666666666,9,0,36.15082,0
-14801_8131,40.65613325467631,-74.00671231206842,19,12.052631578947368,16,1,38.956234,1
-14801_8134,40.67450538883,-74.00733452523,2,14.5,2,0,8.014565,0
-14801_8135,40.6785684548325,-74.00531060341,4,14.25,3,0,9.093919,0
-14801_8136,40.681101098165,-74.006906203585,2,8.0,2,0,8.882111,0
-14801_8140,40.704358564323336,-74.00898923550959,24,12.75,13,0,80.718414,0
-14801_8141,40.70782346372639,-74.0074729991313,108,18.074074074074073,31,4,84.051254,1
-14801_8142,40.71242112994025,-74.00809256086859,78,12.064102564102564,28,5,84.39918,1
-14801_8143,40.717296809044086,-74.00759351007366,71,18.450704225352112,28,0,73.71679,0
-14801_8144,40.7224627883428,-74.00832681313881,25,16.56,13,0,60.839645,0
-14801_8145,40.7273540136368,-74.00669222426,50,12.14,25,1,58.454758,1
-14801_8146,40.73300006729745,-74.0066834720149,51,17.352941176470587,22,0,61.893982,0
-14801_8147,40.737221199972154,-74.00654217877803,51,17.901960784313726,19,0,65.72834,0
-14801_8148,40.74219689718289,-74.00729092409183,38,15.263157894736842,19,0,67.12509,0
-14801_8149,40.74733821432875,-74.0067326526875,8,11.125,4,0,67.33236,0
-14801_8150,40.75092669619,-74.005955224,10,8.5,10,0,68.66783,0
-14802_8122,40.612745382935,-74.01175334651751,4,18.75,4,0,63.039196,0
-14802_8123,40.616477640835,-74.011416303935,2,38.5,1,0,60.35255,0
-14802_8125,40.628590965755,-74.01226438074167,12,21.833333333333332,7,0,43.44603,0
-14802_8126,40.633070057658,-74.012114868661,10,17.7,5,1,38.2679,1
-14802_8127,40.63663528409276,-74.01142728939034,29,16.482758620689655,8,0,29.719904,0
-14802_8128,40.64251311345467,-74.012952787953,30,12.633333333333333,14,0,38.151123,0
-14802_8129,40.64684713650615,-74.01284036737385,13,14.76923076923077,6,0,40.055744,0
-14802_8130,40.65187685937714,-74.01178560772284,7,13.142857142857142,4,0,38.92859,0
-14802_8131,40.65546433378,-74.013122309745,2,5.5,2,0,37.94032,0
-14802_8134,40.67228318744,-74.01112128454,1,23.0,1,0,6.8689766,0
-14802_8135,40.67775470363133,-74.01206002967933,15,10.466666666666667,13,0,6.037209,0
-14802_8140,40.7033538290113,-74.01164434150922,77,16.155844155844157,30,4,77.79213,1
-14802_8141,40.70781064613166,-74.01228159024708,72,13.0,21,1,80.921974,1
-14802_8142,40.7122261440925,-74.01210509396205,44,9.795454545454545,13,2,82.775185,1
-14802_8143,40.71719234459885,-74.01075238524461,26,20.76923076923077,12,0,71.29553,0
-14802_8144,40.720598920088,-74.010494444384,5,12.8,3,0,61.78341,0
-14802_8146,40.7327615456,-74.01033038818,1,43.0,1,0,58.271564,0
-14803_8123,40.61771573774,-74.01999468055,1,23.0,1,0,62.052483,0
-14803_8126,40.6302244792,-74.01501594461,1,12.0,1,0,46.832874,0
-14803_8127,40.638731695400004,-74.01671385586499,10,17.4,6,0,46.66749,0
-14803_8128,40.64118129205947,-74.01651397176684,19,16.05263157894737,12,0,44.55221,0
-14803_8129,40.647265581202504,-74.0188125740325,4,7.75,3,0,43.319912,0
-14803_8134,40.67484625252,-74.01584799126,1,12.0,1,0,4.6559067,0
-14803_8135,40.6762796742025,-74.01610700028999,4,10.5,1,0,4.6559076,0
-14803_8140,40.70488507581,-74.01568925071,1,13.0,1,0,77.76157,0
-14803_8141,40.7069113047325,-74.0163605903375,4,22.0,3,0,74.966255,0
-14803_8142,40.713060675843636,-74.01575184917273,44,11.340909090909092,20,0,72.13544,0
-14803_8143,40.71551414791,-74.016025437685,2,21.5,2,0,70.49314,0
-14804_8123,40.61864800427,-74.02150692009499,4,13.25,4,0,68.240746,0
-14804_8124,40.62297055351,-74.02460213757601,5,11.8,5,0,70.92853,0
-14804_8125,40.62755859820105,-74.02345567987525,19,16.05263157894737,12,1,68.43635,1
-14804_8126,40.633053209483464,-74.02149307422039,26,17.192307692307693,13,2,58.42408,1
-14804_8127,40.63524784030125,-74.02288771451,8,13.625,6,0,57.640266,0
-14804_8129,40.645895064881664,-74.02236766935333,6,11.0,4,1,43.3684,1
-14805_8123,40.61830931241667,-74.02945618804,3,14.333333333333334,3,0,70.58465,0
-14805_8124,40.62209745492457,-74.02709826657771,35,13.2,19,2,70.92853,1
-14805_8125,40.628830988861665,-74.02884079538222,18,16.11111111111111,10,0,67.20039,0
-14805_8126,40.63301191646404,-74.02718270525808,42,11.80952380952381,18,1,60.735203,1
-14805_8127,40.63601142734462,-74.02618429554461,13,14.615384615384615,11,0,59.071373,0
-14806_8122,40.613165883655,-74.03336840509499,2,19.5,1,0,58.875244,0
-14806_8123,40.617488578464,-74.03198010250033,30,13.966666666666667,13,1,70.58465,1
-14806_8124,40.62294622076634,-74.031324933261,30,10.433333333333334,16,1,70.9195,1
-14806_8125,40.6255273504,-74.03021060941,5,14.0,5,0,67.79763,0
-14806_8127,40.638013181670004,-74.03283862641,2,16.5,2,0,55.7068,0
-14807_8122,40.613871867305,-74.035996265595,2,8.5,2,0,58.87524,0
-14807_8127,40.63867936382,-74.03555931133,1,27.0,1,0,51.829887,0
-14812_8119,40.59770699188,-74.06324643368,1,12.0,1,0,0.010166638,0
-14812_8121,40.60983084703,-74.06300945567,1,9.0,1,0,0.0038097943,0
-14812_8122,40.610665477702,-74.06360884387,5,15.0,5,0,0.003809787,0
-14813_8117,40.58971738262,-74.067238972,1,18.0,1,0,0.010166638,0
-14813_8118,40.59239248647,-74.06811158801,5,13.0,5,0,0.010166638,0
-14813_8119,40.59810417904,-74.06628719897333,3,16.333333333333332,3,0,0.010166638,0
-14813_8122,40.6140965346,-74.06614436626,4,8.5,4,0,0.0018259643,0
-14813_8123,40.61699669299,-74.068214250634,10,13.8,8,0,0.0018259643,0
-14814_8118,40.59281417768,-74.07067712127,1,8.0,1,0,0.020569671,0
-14814_8119,40.59748399813667,-74.07209845273,3,11.333333333333334,3,0,0.03410316,0
-14814_8122,40.61372851622,-74.072181492745,2,18.5,2,0,0.0018259643,0
-14814_8123,40.61565306518,-74.07362613135,2,10.5,2,0,0.00080719526,0
-14814_8124,40.62194094204,-74.07214176828,1,12.0,1,0,0.046439454,0
-14814_8125,40.628348516771666,-74.07448078320166,6,10.5,6,0,8.626504,0
-14814_8128,40.64377964924,-74.072834264042,5,23.4,3,0,2.5829391,0
-14815_8119,40.598559382106664,-74.07986567424666,3,10.666666666666666,3,0,4.448306,0
-14815_8124,40.62484702655,-74.079338882305,2,16.5,2,0,2.105949,0
-14815_8125,40.62772639039583,-74.07685357888,12,24.0,10,0,8.682319,0
-14815_8126,40.63269317665833,-74.07568598359667,6,13.166666666666666,5,1,28.993092,1
-14815_8127,40.637861021267696,-74.07806090852309,13,18.615384615384617,10,0,5.1194663,0
-14815_8128,40.6431083108405,-74.0767714793825,20,10.65,14,0,3.494109,0
-14816_8119,40.59764403155666,-74.08428169225334,3,31.333333333333332,3,0,17.417511,0
-14816_8120,40.60315367606,-74.08311227931,2,11.5,2,0,6.1016135,0
-14816_8123,40.61846278522,-74.08490001542,1,12.0,1,0,0.17767924,0
-14816_8124,40.62400012528,-74.08148306141,2,31.5,2,0,2.1059484,0
-14816_8127,40.637578199285,-74.08006928711501,2,15.5,1,0,4.6522264,0
-14817_8117,40.58950730595,-74.08944285915,1,20.0,1,0,30.773405,0
-14817_8118,40.59252742871571,-74.08731842242142,7,17.285714285714285,7,0,31.062576,0
-14817_8119,40.596166590448746,-74.08574655674875,8,13.0,7,1,34.55263,1
-14817_8120,40.6014581807,-74.08577138631,1,5.0,1,0,12.98316,0
-14817_8121,40.60910348153,-74.08798178246,1,30.0,1,0,1.1758687,0
-14817_8122,40.61205132713,-74.0880541147,1,21.0,1,0,1.3524079,0
-14817_8125,40.62878041249,-74.08855181453,1,12.0,1,0,23.491611,0
-14817_8126,40.63432224378,-74.08600233993667,3,10.0,3,0,21.22566,0
-14817_8127,40.63816298219,-74.08738249535,3,5.666666666666667,3,0,7.2726617,0
-14817_8129,40.64572324567,-74.08588616449,1,13.0,1,0,7.2713256,0
-14818_8114,40.57229319523,-74.09308405094,2,15.5,2,0,9.815924,0
-14818_8116,40.584608178515,-74.09417324064749,4,12.5,3,0,23.677315,0
-14818_8117,40.586969209231114,-74.09184924931444,9,12.0,8,0,26.405638,0
-14818_8120,40.60090383777,-74.09268115839,1,9.0,1,0,12.402092,0
-14818_8128,40.64277916983,-74.0949556114,1,7.0,1,0,23.663881,0
-14819_8114,40.5720569273,-74.09501666606,1,13.0,1,0,12.39261,0
-14819_8116,40.582073020988574,-74.09738951432142,7,9.428571428571429,6,0,26.776457,0
-14819_8118,40.59444573726,-74.09878261278,1,28.0,1,0,24.252737,0
-14819_8119,40.59621927332,-74.09506558489,1,36.0,1,0,27.67483,0
-14819_8123,40.6161298109,-74.09524893217,2,8.5,1,0,2.2375038,0
-14819_8124,40.62222764457,-74.09654006595,1,5.0,1,0,13.134916,0
-14819_8128,40.644767709225,-74.09665568187,2,14.5,2,1,29.050255,1
-14820_8112,40.56131113026,-74.10439457197,1,11.0,1,0,59.646095,0
-14820_8113,40.565986023575,-74.10076131662501,2,5.5,1,0,22.585974,0
-14820_8115,40.57656256199125,-74.1036409424,8,15.0,6,0,16.519045,0
-14820_8117,40.588220537662224,-74.10294861964445,9,14.333333333333334,7,1,31.142906,1
-14820_8118,40.591445159879996,-74.100954705105,2,16.0,1,0,32.842056,0
-14820_8122,40.61336684985,-74.10045672544,1,11.0,1,0,24.546967,0
-14820_8123,40.616321945066,-74.103473837832,5,21.6,5,1,48.89117,1
-14820_8126,40.63087200468,-74.10308335033363,11,15.272727272727273,9,0,30.661701,0
-14820_8129,40.645224538,-74.10467411188,2,9.5,1,0,34.08844,0
-14821_8114,40.57226891010375,-74.10783848801626,8,19.0,7,1,50.374054,1
-14821_8115,40.57910345188,-74.10820059312499,2,11.0,2,0,40.87984,0
-14821_8123,40.61823187799,-74.10516111802,1,28.0,1,0,48.89117,0
-14821_8125,40.629964398154996,-74.109623560675,2,12.5,2,0,25.206406,0
-14821_8126,40.63100428424846,-74.1078010622823,13,12.846153846153847,9,0,25.206406,0
-14821_8129,40.64521327413,-74.10793885512,1,12.0,1,0,35.984318,0
-14822_8113,40.56732572015435,-74.11289983570566,23,12.652173913043478,16,2,63.40475,1
-14822_8114,40.571684786658665,-74.11213324624067,15,11.8,9,0,50.044857,0
-14822_8116,40.58191089474334,-74.11202542639,3,13.333333333333334,3,0,36.823196,0
-14822_8117,40.58857428934,-74.11113053831,1,9.0,1,0,32.92048,0
-14822_8125,40.6289248418125,-74.113104197135,8,15.75,6,1,21.574774,1
-14822_8126,40.63472277501,-74.11074651133,1,32.0,1,0,20.715593,0
-14823_8112,40.56431104949,-74.11594161852,1,9.0,1,0,65.68501,0
-14823_8114,40.573745584605,-74.116391212295,12,15.833333333333334,8,0,21.907602,0
-14823_8115,40.57564886653,-74.11950350151,1,13.0,1,0,19.257969,0
-14823_8125,40.62892043922667,-74.11703900346667,3,9.333333333333334,3,0,18.151176,0
-14823_8126,40.63447110652,-74.11813565447,1,25.0,1,0,17.43113,0
-14823_8127,40.637383951375,-74.11752471302,2,28.5,2,0,17.43113,0
-14824_8120,40.6038198973625,-74.1209297995425,4,8.0,3,2,88.63398,1
-14824_8121,40.60712707860375,-74.12087863650125,8,13.625,7,1,86.84619,1
-14824_8122,40.6131336662075,-74.12236514757625,16,14.5625,11,0,80.4505,0
-14824_8123,40.617417452525004,-74.12361819214999,2,39.0,2,0,59.47804,0
-14824_8125,40.62933606618,-74.12292162917,1,21.0,1,0,12.78339,0
-14824_8126,40.63403723428,-74.12352239499,3,20.0,2,0,6.4153323,0
-14825_8112,40.56478206327,-74.127912260675,4,21.5,4,0,64.52566,0
-14825_8113,40.566645387730006,-74.126410455325,2,20.0,1,0,22.625717,0
-14825_8115,40.57542614122,-74.12750165786,1,7.0,1,0,0.42359903,0
-14825_8118,40.59444681818,-74.12567653443,1,11.0,1,0,0.0013542355,0
-14825_8122,40.612688527635996,-74.12779748784,10,10.8,9,1,77.66653,1
-14825_8125,40.62656546532375,-74.128919585,8,11.375,7,0,6.2740088,0
-14825_8126,40.633891086454994,-74.125408830485,2,15.5,1,0,2.8699229,0
-14826_8112,40.56199255782857,-74.13383067375,7,12.714285714285714,6,1,63.782978,1
-14826_8120,40.60356117984,-74.13152955601,2,14.5,2,0,82.48563,0
-14826_8122,40.612480538872504,-74.13168045688624,8,13.125,7,0,77.66654,0
-14826_8124,40.62469565529,-74.13187216427,1,8.0,1,0,9.894734,0
-14826_8125,40.62621135499824,-74.13276010046177,17,17.352941176470587,13,1,5.8707466,1
-14826_8126,40.63098541187,-74.1306056758,2,16.5,2,0,2.321895,0
-14826_8127,40.636776393350004,-74.13428820975818,11,19.818181818181817,6,0,1.7976638,0
-14826_8128,40.640285664645,-74.13100228753501,2,22.0,2,0,2.2932475,0
-14827_8112,40.56018940177,-74.13502293117,1,23.0,1,0,12.043537,0
-14827_8114,40.572961804085,-74.13659486790999,2,7.5,2,0,0.0013624275,0
-14827_8123,40.61613757268,-74.13870243248,1,33.0,1,0,34.52124,0
-14827_8124,40.624567455841664,-74.13702750058333,6,13.5,6,0,1.6508701,0
-14827_8125,40.6254005273225,-74.1352751437575,4,14.75,4,0,1.6508701,0
-14827_8126,40.6327856733925,-74.13732211961249,4,15.5,4,0,1.0395517,0
-14827_8127,40.63565025845,-74.135264475795,2,14.5,1,0,0.6147416,0
-14828_8108,40.543554899232504,-74.1415636041875,4,21.75,3,0,17.483225,0
-14828_8110,40.55349139185,-74.14350006313,2,8.0,2,0,0.13415939,0
-14828_8124,40.624759835862,-74.143332909628,5,12.2,5,0,0.6272806,0
-14828_8125,40.62709697476,-74.14285253116333,3,11.666666666666666,3,0,0.49276072,0
-14828_8126,40.63195625066,-74.14167534229,2,18.5,2,0,0.34736753,0
-14829_8107,40.539249939423335,-74.14857997346333,3,27.0,2,0,51.826256,0
-14829_8108,40.541024101640005,-74.147079309728,5,12.8,5,1,54.45387,1
-14829_8110,40.551302030959995,-74.14951727661666,3,12.333333333333334,3,0,0.22151405,0
-14829_8111,40.55961005848,-74.14847068073,1,10.0,1,0,0.06154666,0
-14829_8114,40.57189436665,-74.14527651957,1,19.0,1,0,0.0024770102,0
-14829_8122,40.61026786383,-74.14640121029,3,21.666666666666668,3,0,61.37598,0
-14829_8124,40.624472801134544,-74.14763272091182,11,15.272727272727273,8,0,1.0989721,0
-14829_8125,40.625086717525,-74.1476640607525,4,8.75,4,0,1.0989721,0
-14829_8126,40.631176998985,-74.146917411155,2,18.0,2,0,0.7508317,0
-14830_8107,40.53719996417429,-74.15058237134285,7,20.428571428571427,6,0,51.826256,0
-14830_8109,40.54937182635,-74.15068239011,2,7.0,2,0,3.566154,0
-14830_8110,40.5510902976425,-74.15050771097125,8,17.875,6,0,0.22299637,0
-14830_8121,40.60884522194,-74.15333460783,2,12.0,2,0,68.770134,0
-14831_8109,40.54665201292,-74.15859697196667,3,24.666666666666668,3,0,22.433826,0
-14831_8112,40.56419263626,-74.15559273523,1,12.0,1,0,4.0219035,0
-14831_8122,40.61294295907214,-74.15854445448,14,12.857142857142858,9,1,70.46467,1
-14831_8125,40.6260265627825,-74.15663265367,4,19.25,4,0,2.0925872,0
-14831_8126,40.63239302787,-74.15517590805,1,9.0,1,0,0.836855,0
-14831_8127,40.63680988243,-74.15882168242,1,19.0,1,0,11.117466,0
-14832_8105,40.52911902331,-74.161964166915,2,23.0,2,0,0.05977839,0
-14832_8108,40.54348940042333,-74.16357564508833,6,19.833333333333332,4,0,55.14683,0
-14832_8109,40.54526723870091,-74.16067118560545,11,16.0,10,1,56.342678,1
-14832_8112,40.56021980769,-74.16424237707714,7,11.714285714285714,7,1,86.509346,1
-14832_8115,40.57714172198,-74.16406456097,4,13.75,4,0,90.49208,0
-14832_8117,40.58985151418,-74.16436474447333,3,11.333333333333334,3,0,83.373436,0
-14832_8118,40.59133922921143,-74.16470189899857,7,13.0,7,1,83.373436,1
-14832_8119,40.5982815732,-74.16252148432,1,12.0,1,0,33.888783,0
-14832_8120,40.60260579918,-74.16233276954667,3,8.333333333333334,3,0,19.499462,0
-14832_8121,40.6078433197475,-74.16209061719874,8,9.75,7,1,66.62779,1
-14832_8125,40.626745190247775,-74.16263189286333,9,18.333333333333332,9,1,54.573692,1
-14833_8108,40.54403255515889,-74.16528064642779,9,18.666666666666668,6,1,57.022976,1
-14833_8109,40.54527501758,-74.16571309997,1,12.0,1,0,57.022976,0
-14833_8111,40.559047049555,-74.16944878632,4,18.25,3,0,88.6863,0
-14833_8112,40.560184376405005,-74.16971260094999,2,12.0,2,1,88.6863,1
-14833_8115,40.577315589075,-74.16969090003501,6,20.666666666666668,4,1,90.49208,1
-14833_8116,40.58236654505286,-74.16904235349321,28,13.714285714285714,17,2,95.06218,1
-14833_8117,40.5882933127725,-74.1667851644775,4,12.25,4,1,84.01592,1
-14833_8120,40.60219556828,-74.16827490192,1,25.0,1,0,4.0387354,0
-14833_8124,40.62207668828,-74.16972648882,1,25.0,1,0,57.908047,0
-14833_8125,40.6277403724625,-74.1684593418925,4,8.5,3,0,57.231377,0
-14834_8120,40.603158937429995,-74.173821408095,2,26.5,1,0,0.082010865,0
-14835_8108,40.541301911318996,-74.17743262175699,10,16.9,6,0,48.410282,0
-14835_8120,40.6017650008675,-74.17712633425751,4,15.0,4,0,0.077471375,0
-14835_8122,40.612452518378,-74.175446665348,5,21.4,2,0,0.013104505,0
-14836_8121,40.60587930773,-74.1807305305,1,12.0,1,0,0.0064556734,0
-14837_8118,40.59318502194,-74.18815301665501,2,51.0,2,0,0.82787627,0
-14838_8106,40.53268167194625,-74.19216628905124,8,16.25,7,1,65.92112,1
-14838_8110,40.553196818376,-74.191854422524,5,11.2,5,0,13.060967,0
-14838_8112,40.56198283561667,-74.19352688087666,3,24.0,2,0,60.38627,0
-14838_8117,40.587936565326665,-74.19253068011334,3,18.0,3,1,25.363142,1
-14838_8120,40.601618612535,-74.192979008685,2,11.0,2,0,0.2828261,0
-14839_8110,40.55439564776,-74.19866638806,1,12.0,1,0,13.060972,0
-14839_8112,40.56044719702,-74.19590609762,1,5.0,1,1,60.38627,1
-14840_8105,40.5262076908325,-74.2019392362825,4,13.25,4,0,65.92112,0
-14840_8110,40.55106468164,-74.20111055392,1,11.0,1,0,10.554283,0
-14841_8108,40.54226569660667,-74.20780529616334,9,16.88888888888889,9,1,79.13138,1
-14842_8110,40.551294644273334,-74.2115874297,3,9.0,3,0,37.298756,0
-14842_8111,40.55560593032,-74.21398223438,1,23.0,1,0,73.032616,0
-14843_8104,40.52220905923778,-74.21672001125889,9,8.222222222222221,6,0,0.0067238733,0
-14843_8110,40.55348515371,-74.2178402386,1,26.0,1,0,73.032616,0
-14844_8109,40.548878591625,-74.22111219261001,2,5.5,2,1,73.032616,1
-14845_8101,40.5080685179,-74.22828214507,1,21.0,1,0,5.2308526,0
-14845_8103,40.51904745113,-74.22979081977,1,10.0,1,0,41.1727,0
-14846_8101,40.50999020758,-74.23085280989,1,0.0,1,0,12.658091,0
-14846_8103,40.517417805710004,-74.23408639039818,11,17.0,10,0,33.723984,0
-14846_8104,40.52246969441875,-74.23494568481,8,18.75,7,0,40.147224,0
-14846_8105,40.5282129198475,-74.23205359000625,8,16.875,5,1,63.510426,1
-14847_8099,40.49956271029,-74.23886367011,1,26.0,1,0,0.49721017,0
-14847_8102,40.51333092401,-74.23740614861501,2,12.0,2,0,21.28778,0
-14847_8104,40.52216243412,-74.23789676651273,11,15.545454545454545,9,0,40.14722,0
-14847_8105,40.52697972682667,-74.23705556643334,3,10.333333333333334,3,1,61.553978,1
-14847_8107,40.53729259174,-74.23807202594332,3,13.0,3,0,0.00082719355,0
-14848_8101,40.50992190069,-74.24392109008,1,12.0,1,0,26.394615,0
-14848_8102,40.51111128902,-74.24134693862,3,24.333333333333332,2,1,27.211432,1
-14848_8103,40.51730840473,-74.24122193817,1,12.0,1,0,33.988403,0
-14848_8107,40.53682875419,-74.24024575498,1,2.0,1,0,0.00082719355,0
-14849_8101,40.50914499735,-74.246538031765,2,11.0,2,0,24.483864,0
-14849_8102,40.512101500300005,-74.248405742508,5,18.4,5,0,24.483864,0
