grid_id,center_lat,center_lon,n_restaurants,avg_score,cuisine_diversity,n_target,suitability_score,label
-14740_8147,40.738737418622,-73.7017696578665,4,20.75,3,0,18.67137,0
-14740_8150,40.751885666235005,-73.70276629105301,12,18.5,10,2,74.45493,1
-14741_8145,40.72741270333,-73.70962096637,1,28.0,1,1,15.365362,1
-14741_8147,40.73712809384891,-73.70927370718236,11,13.090909090909092,8,0,19.962486,0
-14741_8149,40.7491412418,-73.7080172631964,5,14.6,4,2,63.049286,1
-14741_8150,40.753338177941,-73.706793265343,1,11.0,1,0,64.435646,0
-14742_8145,40.727094759626,-73.7128009527095,4,7.75,4,0,19.392902,0
-14742_8147,40.73665819446033,-73.71222612182383,6,18.333333333333332,5,0,19.237053,0
-14742_8149,40.74604107781814,-73.713816608294,7,18.285714285714285,7,0,33.988102,0
-14742_8151,40.759281066406,-73.713491876883,2,17.0,2,1,39.08997,1
-14743_8145,40.72588321938442,-73.71880971488899,7,22.0,7,0,19.92459,0
-14743_8147,40.735403459572666,-73.71722739946632,3,10.0,3,0,18.774143,0
-14743_8148,40.7437647684914,-73.7181125144474,5,31.8,4,1,24.66736,1
-14743_8149,40.745065835768,-73.71568251236,1,9.0,1,0,24.667362,0
-14744_8144,40.72483036725166,-73.72276595447067,3,7.666666666666667,3,0,22.649693,0
-14744_8145,40.72512188475625,-73.72167937794976,4,15.5,3,1,22.65407,1
-14744_8148,40.74242589462825,-73.7217782299695,4,20.0,3,1,28.013647,1
-14744_8152,40.761544365648,-73.723091452536,1,12.0,1,0,17.4086,0
-14745_8134,40.674162754949506,-73.728782154139,2,6.0,2,0,38.329975,0
-14745_8138,40.6908641697575,-73.7279404739605,2,29.5,2,0,22.206026,0
-14745_8144,40.72380595677,-73.72632268348,1,10.0,1,0,23.620558,0
-14745_8145,40.726433513594,-73.7278145481595,2,6.5,2,0,21.569902,0
-14745_8150,40.75457176298,-73.7284661342,1,40.0,1,1,20.31598,1
-14745_8152,40.7638744251645,-73.72670792145,4,10.25,4,0,16.168127,0
-14746_8132,40.66480897463229,-73.73492930084058,7,10.142857142857142,6,2,48.034943,1
-14746_8133,40.66531085882483,-73.731332487969,6,11.833333333333334,6,0,48.385654,0
-14746_8134,40.67412157154475,-73.73081648653125,4,12.25,3,2,38.902153,1
-14746_8138,40.6926294944224,-73.732321845023,5,12.5,3,0,7.422393,0
-14746_8142,40.71256818049434,-73.73304105168667,3,8.666666666666666,3,1,38.176994,1
-14746_8143,40.719550564218,-73.733284734334,3,9.0,3,1,33.132603,1
-14746_8144,40.7205655904715,-73.7320703108455,2,16.0,2,1,29.524855,1
-14746_8145,40.7273764954645,-73.73136993646551,2,10.0,2,0,22.595488,0
-14746_8152,40.7604378097045,-73.731386489516,6,18.2,5,0,17.614588,0
-14746_8154,40.7718120880215,-73.73451155083838,8,12.875,7,1,24.928938,1
-14747_8132,40.66028131248233,-73.73937423793068,6,12.833333333333334,5,1,56.353615,1
-14747_8133,40.6666137570995,-73.7366666371605,4,8.75,2,0,46.71644,0
-14747_8134,40.674449393698,-73.7359879186162,5,20.8,3,0,36.613567,0
-14747_8135,40.6754735262155,-73.73858550178724,4,13.666666666666666,2,0,32.242306,0
-14747_8138,40.694249306167336,-73.73731526067384,6,10.8,5,0,3.1906676,0
-14747_8140,40.704786232645,-73.739991248728,1,5.0,1,0,4.2743964,0
-14747_8141,40.705378642272336,-73.73978695012967,3,18.666666666666668,3,0,4.2743964,0
-14747_8142,40.713657853263584,-73.73679809516283,12,15.5,6,0,34.768707,0
-14747_8143,40.717655799285005,-73.73747366202657,12,17.0,10,3,43.062466,1
-14747_8145,40.728604625707504,-73.736629084333,2,8.5,2,0,28.051874,0
-14747_8146,40.733433846855,-73.73653414676,2,5.5,2,0,29.70306,0
-14747_8151,40.755536294462,-73.738399124866,1,7.0,1,0,24.614635,0
-14747_8153,40.76859151082184,-73.73729686976232,19,13.944444444444445,11,1,16.819073,1
-14747_8154,40.7707741598555,-73.7354056490107,10,15.5,8,1,21.75753,1
-14748_8127,40.636898139343,-73.7406603384275,2,11.5,2,1,79.6637,1
-14748_8135,40.67652073852282,-73.74167571592164,11,17.7,6,1,36.131165,1
-14748_8139,40.69624060058417,-73.74335209092966,6,14.333333333333334,5,1,1.4638274,1
-14748_8143,40.71712095785967,-73.74065720936868,3,16.333333333333332,1,0,38.049515,0
-14748_8145,40.7267043650915,-73.74137657848075,4,7.0,4,1,33.36293,1
-14748_8146,40.73038528389534,-73.743791361904,3,14.0,3,0,29.639547,0
-14748_8153,40.7653781034395,-73.7440695790495,2,13.0,2,0,16.771217,0
-14748_8154,40.774509005998,-73.742422251905,1,12.0,1,0,28.655397,0
-14749_8120,40.602655718989,-73.7494169130365,2,26.0,2,0,8.498609,0
-14749_8127,40.637485043437,-73.745338442796,1,7.0,1,1,79.6637,1
-14749_8133,40.665444572668,-73.747066025894,1,2.0,1,0,33.068768,0
-14749_8135,40.6779881058455,-73.74596492757333,6,17.0,4,2,38.778748,1
-14749_8139,40.69583844371,-73.7470362240255,6,12.4,5,1,1.5186974,1
-14749_8140,40.703500930952,-73.749521482152,1,47.0,1,0,0.9544585,0
-14749_8141,40.707550246002,-73.749870503217,1,13.0,1,0,4.3596926,0
-14749_8143,40.715609978581,-73.747226028954,6,8.4,6,0,14.945595,0
-14749_8145,40.728326375124496,-73.74715294044375,4,13.0,4,0,33.107304,0
-14749_8147,40.736244600264,-73.74701233856267,9,11.444444444444445,8,1,36.062473,1
-14749_8152,40.76389146298,-73.749510089084,1,21.0,1,0,29.80373,0
-14749_8153,40.766968829963666,-73.74640283052733,6,17.166666666666668,6,0,16.494326,0
-14750_8119,40.59651619454962,-73.75364315824187,8,9.375,7,0,5.0553336,0
-14750_8120,40.603001742062226,-73.75271497260191,22,21.904761904761905,10,1,8.498607,1
-14750_8121,40.60584051591433,-73.75380998124301,3,10.666666666666666,3,0,8.4986105,0
-14750_8122,40.61023345304,-73.7535428115,1,58.0,1,0,14.192015,0
-14750_8133,40.6670265058336,-73.75303796144661,5,18.5,3,0,14.892033,0
-14750_8135,40.679257688678334,-73.75285849753267,9,14.777777777777779,5,0,29.745562,0
-14750_8136,40.6806948121125,-73.75281810450674,4,9.0,4,0,29.745562,0
-14750_8138,40.694313692665666,-73.75268867944833,3,14.333333333333334,1,0,1.7321898,0
-14750_8140,40.700279256148,-73.753645030314,1,12.0,1,0,0.780498,0
-14750_8141,40.70708013653928,-73.7516901307147,7,12.714285714285714,5,0,4.359691,0
-14750_8142,40.71422412546,-73.7527628889886,5,18.2,5,0,6.5710998,0
-14750_8144,40.72480709662,-73.75387149783,1,13.0,1,0,25.671434,0
-14750_8155,40.77632972251,-73.7528354427,1,5.0,1,1,54.213715,1
-14751_8120,40.604841494794,-73.755554318804,1,10.0,1,0,8.498609,0
-14751_8121,40.60537674308967,-73.75513219498234,3,13.0,3,0,8.498609,0
-14751_8133,40.666199102819746,-73.75708315027,4,11.75,4,0,11.203215,0
-14751_8134,40.672369987998,-73.75997430596,1,13.0,1,0,10.058276,0
-14751_8138,40.69323696123925,-73.756600206968,4,6.333333333333333,4,0,5.1111593,0
-14751_8139,40.69983276029,-73.75534893769,1,95.0,1,0,0.85789615,0
-14751_8141,40.70621985328275,-73.75825503912075,4,8.25,2,0,2.793056,0
-14751_8142,40.71349761807,-73.755976742665,1,11.0,1,0,4.522236,0
-14751_8143,40.718842789899995,-73.757784293683,2,9.5,2,0,8.826694,0
-14751_8146,40.73367496674,-73.75880364023,1,13.0,1,0,38.663586,0
-14751_8147,40.738319112611,-73.758797589275,1,12.0,1,1,42.734207,1
-14751_8148,40.740532472587,-73.75872779771434,9,10.666666666666666,8,1,43.945904,1
-14751_8149,40.74892640682225,-73.7565157781363,20,13.9,10,0,39.556324,0
-14751_8150,40.753482206772006,-73.75795562851849,4,12.75,2,3,53.79815,1
-14751_8152,40.7618591152405,-73.7591993411,2,11.0,2,0,49.662857,0
-14752_8119,40.599798112098,-73.761496564369,1,10.0,1,0,5.0553336,0
-14752_8134,40.672833284186666,-73.76410515612467,3,12.0,3,0,8.548565,0
-14752_8135,40.679316467245,-73.76101278614466,3,12.0,3,0,21.231482,0
-14752_8136,40.680862038535,-73.76400875499333,6,16.0,4,3,25.072966,1
-14752_8138,40.6914620331556,-73.76215005142531,10,17.0,7,1,13.788432,1
-14752_8139,40.697421939715,-73.76209445506001,2,12.5,2,1,6.722885,1
-14752_8140,40.7008464992938,-73.7644365177478,5,7.4,5,0,9.405921,0
-14752_8142,40.7133987191716,-73.762208905215,5,16.6,4,0,9.952216,0
-14752_8143,40.719974310677,-73.762038887368,1,4.0,1,0,10.214947,0
-14752_8144,40.72049970350222,-73.76068175360855,9,13.666666666666666,9,1,10.214947,1
-14752_8149,40.747847426099995,-73.761343445025,2,9.5,2,0,41.62302,0
-14752_8152,40.76145403406058,-73.7616276346073,7,13.333333333333334,7,1,52.023094,1
-14753_8119,40.598488126753,-73.766474198544,1,11.0,1,0,4.7263455,0
-14753_8131,40.6574241208735,-73.76772497474875,4,16.25,4,0,24.960243,0
-14753_8132,40.6634454999728,-73.7684706024714,5,14.6,2,0,9.194658,0
-14753_8133,40.666617987807,-73.767146730565,1,0.0,1,0,7.8447948,0
-14753_8134,40.670141307992,-73.765317537608,1,15.0,1,0,7.2054954,0
-14753_8136,40.68219563717723,-73.76670386103123,13,16.181818181818183,6,0,19.968119,0
-14753_8138,40.692289305153,-73.76592563229933,3,14.0,3,1,15.567927,1
-14753_8140,40.70263387652,-73.76612360845,3,17.333333333333332,3,0,13.287468,0
-14753_8141,40.709591461821,-73.767710218994,1,11.0,1,0,14.229078,0
-14753_8142,40.713038206831,-73.76647050986766,3,13.666666666666666,3,0,14.285161,0
-14753_8143,40.718430102316,-73.765237035916,1,6.0,1,0,12.892188,0
-14753_8149,40.746429107713,-73.766365048929,1,12.0,1,0,37.58015,0
-14753_8151,40.75744390092995,-73.7683794410279,21,15.047619047619047,12,2,56.00831,1
-14753_8152,40.76082259701665,-73.76748780673643,14,16.0,7,1,56.85771,1
-14754_8132,40.660102192647,-73.774169125051,1,9.0,1,0,21.031687,0
-14754_8134,40.672032208492,-73.7728257303956,5,12.0,4,0,8.055456,0
-14754_8137,40.685565678337,-73.772834988099,1,24.0,1,0,15.412723,0
-14754_8141,40.709462773561,-73.774747897542,1,35.0,1,0,39.308628,0
-14754_8142,40.71172513224125,-73.77196459551826,4,17.75,3,0,33.981438,0
-14754_8143,40.715736842375,-73.771721709799,1,12.0,1,0,24.059614,0
-14754_8150,40.753456252263,-73.774869264677,1,12.0,1,0,36.34718,0
-14754_8151,40.75945883464937,-73.77266773192424,8,15.666666666666666,4,0,47.540737,0
-14754_8152,40.76327453296771,-73.77100267060351,49,15.46808510638298,28,5,59.851902,1
-14754_8153,40.766534564670884,-73.77252627764112,18,18.647058823529413,15,2,57.516186,1
-14755_8118,40.593586813749,-73.776548165888,1,0.0,1,0,9.97588,0
-14755_8119,40.59570006866,-73.77502512325,1,24.0,1,0,7.325492,0
-14755_8129,40.64579045505,-73.7767618438,2,7.5,1,2,87.14061,1
-14755_8132,40.66342894001233,-73.77700536273633,3,15.666666666666666,3,1,15.48647,1
-14755_8133,40.6661701489335,-73.779411268156,2,6.5,2,0,15.603021,0
-14755_8134,40.6734284378675,-73.77572265909501,2,12.0,2,1,9.269391,1
-14755_8135,40.67925238366791,-73.77816560774801,11,10.909090909090908,9,0,15.043855,0
-14755_8138,40.691270836619196,-73.778368709457,5,12.0,4,0,12.304694,0
-14755_8141,40.708527660776795,-73.7763099855284,5,17.0,4,2,43.151085,1
-14755_8142,40.713936868861204,-73.7781848313238,5,21.0,5,1,51.82724,1
-14755_8145,40.72963876316825,-73.77960175859425,4,21.25,2,1,37.326714,1
-14755_8146,40.730182016358,-73.778422809476,1,12.0,1,0,33.406754,0
-14755_8147,40.73693331674,-73.7779871009905,2,10.5,2,0,29.35834,0
-14755_8148,40.744167702635,-73.776145833857,1,8.0,1,1,33.38048,1
-14755_8151,40.758143615506,-73.77761471378099,5,14.0,4,0,36.08631,0
-14755_8153,40.7674987121235,-73.77994079142499,2,4.5,2,0,41.61595,0
-14755_8155,40.77846737059206,-73.7773515990732,15,11.2,12,2,83.467415,1
-14755_8156,40.78205242755275,-73.77654246607474,4,11.0,2,3,83.84451,1
-14756_8128,40.643905973004,-73.783095790557,1,7.0,1,0,87.14061,0
-14756_8133,40.6688050551965,-73.781876310205,4,28.5,4,0,19.539629,0
-14756_8136,40.6830299813845,-73.78227757942949,2,17.5,2,0,10.148302,0
-14756_8138,40.694984192378,-73.781915637134,1,7.0,1,0,17.2617,0
-14756_8139,40.6964796825038,-73.7834347439888,5,31.8,4,0,18.518524,0
-14756_8140,40.702685146457995,-73.781443127058,2,16.5,2,0,44.720848,0
-14756_8141,40.7077568846336,-73.78329300171069,10,19.0,8,2,61.811455,1
-14756_8142,40.71289005311764,-73.78269110974936,14,17.071428571428573,10,4,62.871708,1
-14756_8145,40.72922759497689,-73.78104303828701,9,16.444444444444443,5,0,41.511585,0
-14756_8146,40.734185426346,-73.783536879181,1,5.0,1,0,35.473095,0
-14756_8148,40.7409554626916,-73.7845873032666,5,10.4,4,2,37.295456,1
-14756_8150,40.7534736711465,-73.7806748900975,4,12.25,4,1,27.173239,1
-14756_8151,40.757427670834566,-73.78370703578129,7,22.0,6,1,24.76684,1
-14756_8153,40.76660560491225,-73.782989765487,4,20.75,4,0,27.635094,0
-14756_8167,40.838464836905004,-73.783216517497,5,14.8,2,1,51.124744,1
-14756_8168,40.8403754241065,-73.7839291113425,2,15.5,2,0,51.124744,0
-14757_8118,40.59394606734,-73.78941233198,1,3.0,1,0,50.47722,0
-14757_8129,40.64831282606863,-73.78828149759275,35,8.82857142857143,16,15,87.14061,1
-14757_8133,40.667635235226,-73.789286923318,1,8.0,1,0,31.251404,0
-14757_8134,40.6721595700845,-73.785350379574,2,10.5,2,0,16.738134,0
-14757_8138,40.694741100704,-73.789904133514,1,23.0,1,0,15.260914,0
-14757_8141,40.70757058271967,-73.78792856742787,15,16.785714285714285,8,0,58.760773,0
-14757_8142,40.71197867614067,-73.78799312662467,12,10.0,9,1,61.020153,1
-14757_8145,40.72675062574657,-73.78858952916978,14,17.928571428571427,12,1,53.16712,1
-14757_8147,40.73958417740267,-73.7878366902,12,22.6,9,0,38.487396,0
-14757_8148,40.740215702678,-73.787952249096,1,35.0,1,0,38.487396,0
-14757_8150,40.75227346631,-73.78720989759,2,10.5,2,0,20.504498,0
-14757_8151,40.75788034382293,-73.78810953785778,14,13.714285714285714,10,0,19.939188,0
-14757_8152,40.7621250043585,-73.78789122910025,4,11.666666666666666,4,0,18.02176,0
-14757_8153,40.7672265084187,-73.7896431813179,10,11.0,8,1,23.006384,1
-14757_8157,40.788786157584,-73.7852455763865,2,19.0,2,0,56.07673,0
-14757_8168,40.842452102226,-73.785543312308,2,6.0,2,1,52.214424,1
-14757_8169,40.847037904628166,-73.78641523182134,6,10.666666666666666,5,2,53.9524,1
-14757_8170,40.851820973957004,-73.78893688140259,5,15.5,4,2,50.1087,1
-14758_8118,40.593009217463,-73.793451647315,2,11.5,2,1,65.91056,1
-14758_8133,40.66721858204,-73.79412213386,1,7.0,1,1,35.254158,1
-14758_8134,40.673483651322535,-73.79166738502278,13,9.916666666666666,6,1,27.516954,1
-14758_8135,40.6791237362,-73.79165163747,1,10.0,1,0,17.223728,0
-14758_8136,40.6829296871005,-73.7925789443165,2,3.5,2,0,17.697588,0
-14758_8137,40.686323739578576,-73.79363074486457,14,16.571428571428573,11,0,15.054895,0
-14758_8139,40.69737585310333,-73.7922892125375,6,10.333333333333334,4,1,30.042234,1
-14758_8140,40.702223564768,-73.79151424692,2,9.0,2,0,41.03434,0
-14758_8141,40.70639582833236,-73.79204183125582,11,16.666666666666668,9,2,56.97652,1
-14758_8142,40.710669342577596,-73.7931597729842,20,14.705882352941176,9,2,59.46637,1
-14758_8144,40.722181430102,-73.790333193131,8,7.875,4,4,67.12177,1
-14758_8145,40.725958835164896,-73.7911110270837,10,7.8,8,2,64.63544,1
-14758_8146,40.73330543987,-73.794575670435,2,23.5,2,0,46.759457,0
-14758_8147,40.73930223791626,-73.7916474853006,15,16.642857142857142,9,2,45.549942,1
-14758_8150,40.753386739066755,-73.793742002805,4,11.333333333333334,3,1,15.679644,1
-14758_8151,40.757758568580755,-73.7930389765185,4,15.666666666666666,4,0,13.942024,0
-14758_8153,40.767881545792996,-73.79059774871644,7,15.428571428571429,5,0,26.683432,0
-14758_8154,40.770347633012804,-73.79329809481939,5,8.8,5,1,21.548431,1
-14758_8155,40.778174202029994,-73.79358639630334,3,18.0,2,0,20.380098,0
-14758_8156,40.781558764439005,-73.794247491707,3,12.666666666666666,3,0,29.26692,0
-14758_8157,40.787007877199,-73.79213427638649,2,10.0,2,1,38.368736,1
-14758_8170,40.853815532969,-73.79036127108968,3,10.666666666666666,2,0,45.931126,0
-14758_8171,40.85625936327,-73.7910430892905,4,13.75,2,0,45.931126,0
-14759_8117,40.58961617489867,-73.79779716584133,3,17.333333333333332,3,1,65.91056,1
-14759_8118,40.59106956716243,-73.79770274996956,7,14.0,7,1,65.91056,1
-14759_8133,40.667947939487,-73.79677745853749,4,13.75,2,3,41.022182,1
-14759_8134,40.67406519663975,-73.79822691038925,4,13.75,4,0,27.349367,0
-14759_8137,40.6887817376275,-73.795733827254,2,10.0,2,0,19.547678,0
-14759_8138,40.692325154919,-73.798786283098,2,12.0,1,0,26.21245,0
-14759_8140,40.704238539699304,-73.79860202646358,26,14.538461538461538,15,3,51.783806,1
-14759_8141,40.70832219042762,-73.7971088006435,16,20.25,9,1,54.46716,1
-14759_8142,40.710552051275,-73.795019391454,1,32.0,1,0,59.46637,0
-14759_8144,40.7230110832115,-73.799963182573,4,26.0,4,0,72.47798,0
-14759_8147,40.7376010422555,-73.7961338827175,2,6.0,2,1,46.194252,1
-14759_8148,40.742227175349,-73.79993052653,1,6.0,1,1,45.709637,1
-14759_8151,40.75798609813257,-73.79550041527672,7,15.285714285714286,5,0,13.997114,0
-14759_8152,40.7627553994475,-73.7968670100005,2,10.0,2,1,12.076845,1
-14759_8154,40.77307876753586,-73.79571693740458,7,17.0,6,0,19.610586,0
-14760_8118,40.591021472313,-73.800907378727,1,13.0,1,1,71.468376,1
-14760_8134,40.674476666374815,-73.802856392211,11,18.363636363636363,6,1,34.45657,1
-14760_8138,40.694229995195336,-73.80138775417167,3,32.666666666666664,3,0,30.012428,0
-14760_8139,40.696205998379334,-73.80444115282667,3,19.0,3,1,45.450516,1
-14760_8140,40.7031443822795,-73.80048347142834,6,6.4,6,1,50.605087,1
-14760_8141,40.70745212456135,-73.80305723811601,23,16.045454545454547,14,1,55.719547,1
-14760_8142,40.7138417131175,-73.8020775863365,2,14.0,2,0,65.89081,0
-14760_8143,40.718139453721406,-73.803657463829,5,19.8,4,2,68.527,1
-14760_8144,40.722553238646995,-73.8028167999342,5,18.0,4,0,66.77242,0
-14760_8146,40.7329955063106,-73.80476383315799,5,21.4,5,0,33.281784,0
-14760_8147,40.73667925852,-73.80267524605,1,33.0,1,1,43.158253,1
-14760_8151,40.758106111132534,-73.80398872409054,13,14.23076923076923,9,1,13.629751,1
-14760_8152,40.76172686241254,-73.80334639411622,43,16.558139534883722,11,0,14.407463,0
-14760_8154,40.77118215349,-73.80335967278,1,12.0,1,0,15.385265,0
-14760_8155,40.7798895354,-73.8023426917645,2,10.5,2,0,20.374472,0
-14760_8156,40.780340808573,-73.80220353229784,6,13.666666666666666,6,1,20.374472,1
-14760_8161,40.809372248081,-73.80202782439133,3,28.0,2,2,79.58761,1
-14760_8162,40.81357086319,-73.80259089546,1,7.0,1,1,79.33721,1
-14761_8130,40.65199285202,-73.80649090852,1,12.0,1,0,64.84199,0
-14761_8131,40.657993227981,-73.808286342379,1,21.0,1,1,65.24591,1
-14761_8133,40.666098452382336,-73.80767301264666,3,10.0,2,2,48.060055,1
-14761_8134,40.67483922509417,-73.8068563766345,6,12.666666666666666,5,0,40.340786,0
-14761_8136,40.683313551435,-73.806471780988,1,9.0,1,0,28.636318,0
-14761_8138,40.69406219974733,-73.808164188274,3,8.666666666666666,3,0,41.178917,0
-14761_8139,40.69825483057222,-73.80651319998545,18,10.777777777777779,12,3,49.278225,1
-14761_8140,40.70198602568441,-73.80750183618356,29,14.296296296296296,14,3,51.860012,1
-14761_8141,40.705421391333275,-73.809235379529,11,23.0,9,0,51.739918,0
-14761_8142,40.71421878947343,-73.80729433988472,7,9.428571428571429,7,0,61.299698,0
-14761_8143,40.7164096084204,-73.80814798939619,5,23.75,3,3,68.16051,1
-14761_8144,40.720833807603555,-73.80723864857879,9,10.875,8,1,63.564884,1
-14761_8150,40.753879018077996,-73.8065078101275,2,14.5,2,0,10.515766,0
-14761_8151,40.756737775788,-73.80901533128,1,24.0,1,0,10.956636,0
-14761_8152,40.76349998859375,-73.80741146008928,32,18.5,8,1,14.960005,1
-14761_8155,40.777993504844,-73.809185217669,1,3.0,1,0,24.429863,0
-14761_8156,40.783190930734,-73.808495010188,1,9.0,1,0,33.271385,0
-14761_8157,40.7868997393515,-73.808056375094,2,13.0,2,0,33.531086,0
-14761_8158,40.793063570618,-73.80763997949971,7,16.714285714285715,7,1,41.572414,1
-14761_8159,40.795975241885,-73.80639942985,1,12.0,1,0,45.54188,0
-14761_8174,40.87321857928,-73.80847698878,1,8.0,1,1,73.34013,1
-14762_8116,40.584964147458,-73.810876546759,1,9.0,1,1,76.58924,1
-14762_8117,40.58738842469116,-73.81265182632133,12,10.666666666666666,7,4,76.58924,1
-14762_8133,40.667978370970005,-73.81136300884,2,12.0,2,1,50.82679,1
-14762_8135,40.67533762061433,-73.81240462319089,9,13.666666666666666,4,0,49.065987,0
-14762_8136,40.68254259807725,-73.81413575486975,4,7.5,4,0,41.78485,0
-14762_8138,40.69073528080508,-73.81369693427816,12,17.818181818181817,8,1,35.460514,1
-14762_8139,40.6966091157285,-73.8138403485945,2,30.5,2,0,41.553356,0
-14762_8140,40.702425108804846,-73.8126266591383,13,19.833333333333332,6,0,53.433384,0
-14762_8141,40.70529346282,-73.81124317951667,3,11.0,2,0,53.69516,0
-14762_8143,40.71875044222114,-73.81324640105915,7,15.714285714285714,5,1,54.043816,1
-14762_8145,40.727554254176496,-73.81332782594251,2,7.0,2,0,28.746212,0
-14762_8146,40.731285789195,-73.810825531048,5,18.8,4,2,24.118332,1
-14762_8147,40.73781855288233,-73.813199098612,3,17.666666666666668,3,0,31.097816,0
-14762_8151,40.755521432006,-73.8149863420733,7,14.0,6,0,17.445772,0
-14762_8152,40.76344654975443,-73.81322568612502,35,18.823529411764707,10,1,18.102196,1
-14762_8153,40.76575482584662,-73.81329948026399,13,14.153846153846153,8,0,22.906471,0
-14762_8156,40.784635053825,-73.813730502252,1,12.0,1,1,37.2293,1
-14762_8157,40.788240659151874,-73.8135339428727,16,15.0,9,2,44.895805,1
-14762_8158,40.79048104210043,-73.81303875188186,7,10.142857142857142,7,1,44.895805,1
-14762_8163,40.81995465798,-73.81044459845,1,13.0,1,0,71.48531,0
-14762_8172,40.86345899894,-73.8105515014,1,13.0,1,1,75.17516,1
-14763_8116,40.584744371695,-73.819251280972,1,28.0,1,0,76.80654,0
-14763_8117,40.5867449165276,-73.81606639985709,10,11.2,8,2,74.789825,1
-14763_8119,40.59758533546,-73.81977092713,1,12.0,1,1,37.819214,1
-14763_8121,40.6062709018525,-73.81956191812199,2,16.5,2,0,37.819214,0
-14763_8134,40.67463676633,-73.81960877006,1,11.0,1,0,53.43915,0
-14763_8135,40.67602076683583,-73.81827891897935,6,13.0,4,1,53.43915,1
-14763_8137,40.68870426426477,-73.81779065184615,13,11.5,6,1,37.48375,1
-14763_8138,40.692339530925196,-73.8175499488246,5,31.0,4,0,37.884285,0
-14763_8140,40.70256173146238,-73.817610316517,13,14.23076923076923,11,2,54.625328,1
-14763_8141,40.70809493845823,-73.81784094906061,13,10.846153846153847,11,1,59.939186,1
-14763_8143,40.7181578253812,-73.817783471945,5,17.6,5,1,51.139503,1
-14763_8145,40.729147380256336,-73.81517307329166,3,12.0,3,0,15.959133,0
-14763_8146,40.730161891582,-73.81508666071551,2,12.5,2,0,15.885596,0
-14763_8147,40.739625700546625,-73.815200579158,8,17.375,6,1,27.708849,1
-14763_8148,40.74044924778,-73.81505980385,1,9.0,1,0,25.239716,0
-14763_8149,40.749720510837,-73.818141460712,1,21.0,1,0,23.708353,0
-14763_8150,40.751018974646385,-73.81855134917072,18,22.0,7,0,22.84799,0
-14763_8151,40.7554232400404,-73.8155176219086,5,25.0,5,1,20.475683,1
-14763_8152,40.76264684082824,-73.81527227973665,17,21.375,3,0,18.759638,0
-14763_8153,40.76524587948369,-73.8176981918303,13,13.538461538461538,6,0,26.369366,0
-14763_8155,40.776891406683,-73.8175795330755,2,9.0,2,0,34.523975,0
-14763_8157,40.787811238727,-73.81574170596079,5,11.6,5,1,45.066895,1
-14763_8158,40.794026297592,-73.818045243939,1,9.0,1,0,50.895317,0
-14763_8162,40.81453854978,-73.81505543619,1,8.0,1,1,70.92845,1
-14763_8163,40.819087381512,-73.81725892782501,5,17.6,3,2,67.40748,1
-14763_8164,40.8214887469535,-73.8185931358125,8,15.875,8,0,67.91729,0
-14763_8165,40.82883152687,-73.81917828009,1,15.0,1,1,62.710457,1
-14763_8166,40.830558259147,-73.8167642232425,4,18.25,2,3,61.82388,1
-14763_8167,40.83557337778,-73.81792033743,1,13.0,1,0,57.78831,0
-14763_8169,40.84619085316033,-73.81959596597734,3,15.0,2,0,50.716133,0
-14763_8177,40.889985514388,-73.819987832746,1,10.0,1,1,55.963886,1
-14763_8178,40.890125103842,-73.819737892632,1,7.0,1,0,55.963886,0
-14764_8116,40.584247493988,-73.8209537221295,2,12.5,2,1,79.27746,1
-14764_8119,40.59864082413,-73.82071872338,1,8.0,1,0,37.819214,0
-14764_8120,40.60013087909,-73.82048423968,1,5.0,1,1,37.819214,1
-14764_8134,40.670343642528145,-73.82117978585015,7,15.714285714285714,7,1,61.38203,1
-14764_8135,40.676824549352396,-73.8214883500782,5,17.0,4,1,59.20787,1
-14764_8136,40.680221485592995,-73.821216933166,4,10.25,3,1,55.68955,1
-14764_8137,40.68656058821228,-73.82325763788617,18,14.61111111111111,11,0,41.153603,0
-14764_8138,40.691280088151665,-73.82128963629366,3,48.666666666666664,1,0,37.23143,0
-14764_8139,40.697038555254,-73.82065325553401,2,14.5,2,1,40.823322,1
-14764_8140,40.7027461152864,-73.8210508070386,5,7.75,3,0,56.497,0
-14764_8144,40.72466856449167,-73.82077283326667,3,27.0,1,0,21.149765,0
-14764_8145,40.727169015737886,-73.82212308885977,9,11.333333333333334,4,1,19.241514,1
-14764_8146,40.7311817657504,-73.8241103648778,5,17.8,3,0,16.148354,0
-14764_8150,40.753417940194495,-73.82241900103358,14,14.285714285714286,7,1,34.376106,1
-14764_8151,40.75763592660075,-73.82265161859024,4,17.75,2,0,33.55476,0
-14764_8152,40.7639157093868,-73.8232994100742,5,23.2,2,0,40.26379,0
-14764_8153,40.7659124167904,-73.8205757415246,5,8.8,4,1,39.729084,1
-14764_8155,40.77598625329883,-73.82442952079333,6,15.0,6,1,54.51534,1
-14764_8157,40.7869017022,-73.82205335126,2,10.5,2,1,56.62315,1
-14764_8162,40.81323610925,-73.82285511755,1,34.0,1,1,73.87039,1
-14764_8164,40.824390607035426,-73.82022842562957,7,12.142857142857142,7,0,64.43403,0
-14764_8165,40.826995293562,-73.82259365650525,16,11.5625,13,2,62.710453,1
-14764_8172,40.864251322466664,-73.82259818803333,3,10.666666666666666,3,1,74.26047,1
-14764_8173,40.869109770988,-73.82396666816774,4,11.25,4,1,68.887314,1
-14764_8175,40.879779039121,-73.824289988047,1,13.0,1,0,41.320133,0
-14764_8176,40.88275955882,-73.824122957946,1,10.0,1,0,54.256023,0
-14764_8177,40.887916874668505,-73.821440093869,2,11.5,2,1,54.133343,1
-14765_8116,40.58130628083067,-73.82832190704933,3,12.333333333333334,2,2,79.74765,1
-14765_8135,40.67762984479136,-73.82851073353164,31,9.516129032258064,13,14,67.42396,1
-14765_8137,40.68712369817457,-73.82721059370635,14,13.615384615384615,7,0,43.94458,0
-14765_8138,40.692826117527,-73.82766585368125,8,24.625,2,0,41.419968,0
-14765_8140,40.7011413399645,-73.82707981267933,6,13.25,4,3,56.36137,1
-14765_8141,40.7089869446742,-73.82917199913979,5,17.6,3,2,70.81597,1
-14765_8142,40.713185347702556,-73.82855687433411,9,21.77777777777778,6,0,75.30936,0
-14765_8146,40.733824816488,-73.82531983148634,3,30.0,2,0,16.436613,0
-14765_8148,40.74357105504225,-73.82563461297734,12,18.75,2,0,23.184769,0
-14765_8149,40.746348182681835,-73.827073332657,6,19.833333333333332,5,1,38.2737,1
-14765_8150,40.75317066858838,-73.82718307852224,21,19.0,9,0,32.910828,0
-14765_8151,40.75861030444397,-73.82899719696685,95,16.47252747252747,15,3,58.342976,1
-14765_8152,40.76160646867087,-73.82800518676558,70,20.4,17,1,53.74241,1
-14765_8153,40.7663633973448,-73.8275693958522,5,16.4,3,0,48.616306,0
-14765_8154,40.771485830085,-73.826581467743,4,29.25,3,0,48.64159,0
-14765_8155,40.778288900348,-73.827613499586,1,8.0,1,1,55.011993,1
-14765_8156,40.7816629838375,-73.82997348492151,2,7.5,2,0,59.56525,0
-14765_8165,40.829468299787,-73.82508222441767,3,8.666666666666666,2,0,61.528904,0
-14765_8166,40.83241045145226,-73.82765279702735,23,13.782608695652174,12,3,61.702847,1
-14765_8167,40.83811663299,-73.82879505112001,2,10.5,2,0,56.264923,0
-14765_8168,40.8421458255125,-73.829659281456,2,8.5,1,0,56.663536,0
-14765_8170,40.852340530412,-73.8283160879491,9,19.88888888888889,7,0,49.91498,0
-14765_8173,40.86942715168176,-73.8274831230537,13,16.923076923076923,11,1,65.229706,1
-14765_8175,40.876457069107,-73.82919315532101,4,9.0,4,1,49.48858,1
-14765_8177,40.886292149126,-73.8282017957754,5,7.8,4,2,52.57477,1
-14766_8116,40.5813508548055,-73.8316824115165,4,27.25,2,3,77.31932,1
-14766_8131,40.65846818623,-73.83102755449,1,3.0,1,1,69.22739,1
-14766_8132,40.660263892659,-73.8305165830195,2,12.0,2,1,63.439358,1
-14766_8135,40.678679329936,-73.83342631831961,5,9.75,5,0,62.253494,0
-14766_8136,40.683972094318996,-73.83301245072461,18,17.6875,6,3,53.310383,1
-14766_8137,40.687534087425185,-73.83216156772754,11,15.88888888888889,6,0,48.17349,0
-14766_8138,40.692795087391005,-73.8324313173585,2,12.5,2,1,48.065258,1
-14766_8139,40.699385194315,-73.83200153869944,16,17.333333333333332,10,1,54.139698,1
-14766_8140,40.7004464690924,-73.8318858423194,5,14.4,5,0,54.139698,0
-14766_8141,40.70776068324289,-73.83117863784389,18,15.176470588235293,11,5,71.37521,1
-14766_8142,40.714678566890335,-73.83168412190383,6,20.833333333333332,3,3,78.453705,1
-14766_8143,40.7157684671524,-73.833089413645,10,10.444444444444445,7,2,84.20845,1
-14766_8150,40.753353685640874,-73.83313202675637,8,17.625,4,2,59.4752,1
-14766_8151,40.758632757380646,-73.83250359193639,112,18.472727272727273,16,3,62.17506,1
-14766_8152,40.76132779735898,-73.83229407609204,99,16.346938775510203,19,2,59.001984,1
-14766_8153,40.7683845194765,-73.83348821320119,16,14.866666666666667,11,1,53.6664,1
-14766_8156,40.781659944195496,-73.832584177395,2,19.5,2,1,59.56525,1
-14766_8167,40.83733794413967,-73.83434687508317,6,18.0,6,1,57.278133,1
-14766_8168,40.843927581721,-73.83040692758425,8,15.375,8,1,55.58337,1
-14766_8169,40.84681043899959,-73.83174749770205,17,14.4375,12,3,56.237457,1
-14766_8172,40.863975546556,-73.83397415777,2,8.0,2,1,57.36797,1
-14766_8173,40.86658775314652,-73.83087469759481,33,13.757575757575758,21,3,65.229706,1
-14766_8176,40.88444958112933,-73.83283305431466,3,11.333333333333334,3,0,27.587801,0
-14766_8177,40.88837879316412,-73.83128226020612,8,14.125,6,1,44.817837,1
-14767_8115,40.57932395726533,-73.83698303739483,6,11.166666666666666,5,2,81.385796,1
-14767_8116,40.580874052431504,-73.83712563534884,12,14.454545454545455,9,2,81.385796,1
-14767_8129,40.64997432875,-73.83758635341,1,39.0,1,1,67.82469,1
-14767_8130,40.652649133116924,-73.83826678466923,13,13.25,9,3,69.227394,1
-14767_8131,40.656659926303774,-73.83925474164711,9,12.444444444444445,7,2,69.22739,1
-14767_8134,40.672375084757,-73.838971794996,2,10.0,2,0,59.051132,0
-14767_8136,40.682015723593715,-73.83702281528815,7,9.5,5,1,57.64883,1
-14767_8137,40.68670625837178,-73.8374091856221,9,13.333333333333334,7,0,50.147926,0
-14767_8138,40.69197128948867,-73.83628644592767,3,11.333333333333334,3,0,49.11454,0
-14767_8139,40.696885475466004,-73.83713912380034,15,16.0,8,1,45.447403,1
-14767_8141,40.70734497434875,-73.83561600237626,8,16.0,7,0,70.4342,0
-14767_8143,40.71829136536262,-73.83708154006892,13,13.444444444444445,11,2,85.37152,1
-14767_8150,40.7547511325465,-73.8359998246055,2,12.5,2,0,56.337284,0
-14767_8151,40.755934186327,-73.836042019442,1,6.0,1,0,56.337284,0
-14767_8153,40.76800004324171,-73.83595855488728,7,16.571428571428573,6,0,53.65465,0
-14767_8154,40.7705755617335,-73.83565021918949,2,11.0,1,2,55.024303,1
-14767_8156,40.781673836068,-73.839415976831,1,11.0,1,0,59.9208,0
-14767_8157,40.786530007148365,-73.83672801473345,11,12.909090909090908,8,4,61.156933,1
-14767_8162,40.811599588713,-73.835329966218,1,13.0,1,1,72.911606,1
-14767_8164,40.82373019300911,-73.83642393723167,9,15.777777777777779,7,3,54.867683,1
-14767_8167,40.83705660793067,-73.83755671388201,3,16.666666666666668,2,0,58.72538,0
-14767_8168,40.84235360945633,-73.8373088121775,6,14.5,5,2,60.503242,1
-14767_8170,40.852134436919,-73.839545233085,1,10.0,1,1,60.85046,1
-14767_8173,40.86601748112,-73.83771470099,1,11.0,1,0,40.951138,0
-14767_8175,40.877758648808495,-73.8371561764705,2,19.0,2,0,21.17735,0
-14767_8176,40.8810166538106,-73.8387230651732,5,14.4,3,0,15.062223,0
-14768_8131,40.659990815706,-73.840084877907,1,13.0,1,0,63.439358,0
-14768_8132,40.66172551044906,-73.84054313522611,17,10.705882352941176,10,0,61.345352,0
-14768_8133,40.669907545285334,-73.84260602094001,3,9.0,3,0,56.710613,0
-14768_8134,40.6723900781313,-73.8430511260292,10,14.1,7,1,57.700886,1
-14768_8135,40.678197749035284,-73.84407846475442,7,9.285714285714286,6,1,58.52301,1
-14768_8136,40.68158387414319,-73.84330451571954,15,13.714285714285714,11,1,59.77356,1
-14768_8137,40.68783333086382,-73.84294445396182,11,17.363636363636363,8,3,51.800613,1
-14768_8138,40.690414959784,-73.840799527934,2,16.5,2,0,48.07232,0
-14768_8139,40.69522884223889,-73.8424602654651,9,13.88888888888889,6,1,46.87083,1
-14768_8143,40.719164007792344,-73.84242174956303,35,14.0,19,4,84.05509,1
-14768_8144,40.720796283074584,-73.84413192669882,17,14.375,13,4,84.79087,1
-14768_8151,40.758171217432,-73.841945450939,1,17.0,1,0,56.553684,0
-14768_8152,40.760497372311,-73.842921762649,1,38.0,1,0,53.83574,0
-14768_8154,40.771432976166665,-73.843941673961,3,13.666666666666666,1,3,58.858456,1
-14768_8156,40.782331657407504,-73.84205459519167,6,24.333333333333332,4,2,61.703785,1
-14768_8166,40.831407601911,-73.844589426555,1,13.0,1,0,53.478867,0
-14768_8167,40.839840015265,-73.842986687105,1,5.0,1,0,61.284714,0
-14768_8168,40.8410368139955,-73.843056343141,18,13.0,9,4,61.103844,1
-14768_8169,40.84931522783433,-73.84393293952867,6,9.333333333333334,6,1,64.56152,1
-14768_8170,40.85182250353575,-73.843733646237,4,9.25,4,0,62.7057,0
-14768_8171,40.85619993218,-73.84392395765,1,12.0,1,0,58.241528,0
-14768_8172,40.862136766293624,-73.8433997638635,8,11.5,7,0,36.741688,0
-14768_8173,40.86962466917075,-73.84360216668075,4,16.25,3,0,21.432539,0
-14768_8175,40.8788620183796,-73.8434727649416,5,17.6,3,0,10.2872505,0
-14768_8176,40.880015785102,-73.841781248013,1,7.0,1,0,11.380548,0
-14768_8177,40.888713275935665,-73.84271649339,3,8.333333333333334,3,0,14.403086,0
-14768_8178,40.893640788689,-73.843926133098,1,5.0,1,0,14.738317,0
-14769_8115,40.57834629820744,-73.84940758447468,9,19.444444444444443,7,3,77.708694,1
-14769_8116,40.58128655015,-73.84799971758,2,16.0,1,2,77.708694,1
-14769_8135,40.676508606077,-73.845871104545,1,10.0,1,0,55.848515,0
-14769_8136,40.681761935393,-73.846845983118,13,11.75,10,2,57.103317,1
-14769_8137,40.689027412247,-73.845773544045,1,13.0,1,0,50.64724,0
-14769_8138,40.694522678895,-73.84903428118425,4,13.25,2,1,48.68615,1
-14769_8139,40.695147332585,-73.845081367089,3,12.0,3,1,46.375824,1
-14769_8141,40.709744710263195,-73.84639272178019,5,18.4,5,1,64.003044,1
-14769_8142,40.71014275685408,-73.84887613133525,12,19.083333333333332,11,0,58.332443,0
-14769_8143,40.719483729219284,-73.84511837607171,7,18.285714285714285,6,2,83.88249,1
-14769_8144,40.721187233155,-73.84657131122907,31,14.296296296296296,20,2,84.192856,1
-14769_8146,40.73273601698675,-73.84949763223733,12,18.818181818181817,7,1,57.170685,1
-14769_8150,40.753988718108005,-73.84638050479725,4,13.75,1,4,51.5962,1
-14769_8155,40.77910015635667,-73.84608647668034,3,17.0,3,0,58.42227,0
-14769_8156,40.783123433548,-73.84587793455822,32,17.35483870967742,14,3,56.437336,1
-14769_8157,40.785064075151,-73.845759676227,1,7.0,1,0,56.437336,0
-14769_8163,40.819436994639,-73.848114837406,1,9.0,1,1,44.475636,1
-14769_8164,40.82201968060233,-73.84871712833267,3,12.666666666666666,3,0,42.054234,0
-14769_8165,40.826347670314,-73.849750298011,1,12.0,1,0,38.87181,0
-14769_8166,40.83061012212,-73.84964668267,1,12.0,1,1,41.526432,1
-14769_8167,40.836696822726445,-73.84693890405356,9,12.11111111111111,6,2,56.90739,1
-14769_8168,40.843043228252164,-73.84662436373999,12,9.545454545454545,9,3,63.83688,1
-14769_8169,40.847177249127576,-73.84836208742186,7,14.714285714285714,6,2,65.467995,1
-14769_8170,40.851067973148,-73.84854838678,1,13.0,1,0,61.25129,0
-14769_8174,40.871252740610004,-73.84733917459167,12,17.363636363636363,6,0,15.233249,0
-14769_8175,40.87658049408853,-73.84762877590806,17,16.352941176470587,9,2,11.0986185,1
-14769_8176,40.884039318243495,-73.849265898712,4,13.5,3,0,9.406599,0
-14769_8177,40.886276563134,-73.847925375109,1,12.0,1,0,9.471969,0
-14769_8178,40.890722605852666,-73.84900263234867,3,11.0,3,0,10.602026,0
-14769_8179,40.8985198674,-73.84932246209,1,9.0,1,0,17.622118,0
-14769_8180,40.9036499509972,-73.8490619182962,5,19.0,3,0,25.178093,0
-14769_8181,40.906572204567,-73.848812125642,1,52.0,1,0,30.362066,0
-14770_8133,40.666130558172604,-73.8516719512696,5,15.0,5,0,38.754635,0
-14770_8135,40.679879975513,-73.850606510087,5,18.8,3,3,47.887352,1
-14770_8136,40.682744241601,-73.85120273143325,4,16.75,4,0,50.09724,0
-14770_8137,40.687286969702,-73.85182806944833,3,15.0,3,1,48.745564,1
-14770_8138,40.69346482359936,-73.85261051348076,25,16.52,13,2,44.833992,1
-14770_8140,40.702535176349,-73.854729826113,1,4.0,1,0,44.048153,0
-14770_8142,40.710710306395164,-73.85244762345984,12,18.0,9,1,48.908607,1
-14770_8144,40.72240472597078,-73.85199098244311,9,11.777777777777779,8,2,79.29703,1
-14770_8145,40.726525399111104,-73.85254488470426,20,18.473684210526315,13,1,76.18033,1
-14770_8146,40.7330791031034,-73.8505401728962,5,21.6,5,0,55.402557,0
-14770_8148,40.74226879350433,-73.85389915059899,12,13.363636363636363,9,1,40.1714,1
-14770_8149,40.747391450581,-73.853545315348,1,8.0,1,1,35.71094,1
-14770_8150,40.75206662225,-73.85420271659,1,12.0,1,0,33.394516,0
-14770_8165,40.82835742577772,-73.85021187869214,7,19.0,7,1,40.87513,1
-14770_8166,40.83321628026356,-73.85172277855206,36,16.205882352941178,18,0,48.351555,0
-14770_8167,40.836008345586855,-73.85398346785043,7,10.5,6,0,53.603893,0
-14770_8168,40.84235439700614,-73.85200231695386,7,16.142857142857142,5,1,60.88224,1
-14770_8169,40.849123668604,-73.85411792776625,8,10.625,7,0,59.886814,0
-14770_8170,40.8534094749847,-73.85382683717259,10,16.8,7,3,55.50337,1
-14770_8174,40.87297121559717,-73.85334599917417,6,9.4,4,2,20.785275,1
-14770_8175,40.87555290832433,-73.85071384185534,3,35.333333333333336,2,0,13.572778,0
-14770_8177,40.886141121748,-73.8546182028055,2,23.5,2,0,13.676155,0
-14770_8178,40.891341694648,-73.850872354936,1,10.0,1,0,9.825453,0
-14770_8179,40.89825016419669,-73.85367631221477,13,18.384615384615383,8,1,12.955962,1
-14770_8180,40.90329906618516,-73.85051621850167,12,17.0,7,2,22.246487,1
-14771_8134,40.671518241937335,-73.85688809168255,9,10.5,8,1,31.394663,1
-14771_8136,40.68267793546575,-73.857902850144,4,15.333333333333334,4,0,30.20561,0
-14771_8138,40.692550401313305,-73.85834496312185,13,15.461538461538462,9,0,35.883953,0
-14771_8140,40.702546932267666,-73.85681803724967,3,12.666666666666666,3,0,42.637405,0
-14771_8141,40.7090210161622,-73.8586443628132,5,7.2,3,2,47.857212,1
-14771_8142,40.71134326373111,-73.85725274727412,9,10.0,8,0,47.598907,0
-14771_8143,40.71783341651567,-73.85711032817166,6,17.166666666666668,6,1,64.729485,1
-14771_8144,40.721895720862,-73.855320005379,3,8.5,3,0,74.35143,0
-14771_8145,40.7284503556365,-73.8583641282595,4,21.25,3,2,62.74807,1
-14771_8146,40.73245867862625,-73.85691406792276,4,16.333333333333332,3,0,58.777855,0
-14771_8147,40.736879780041,-73.857438584535,2,12.0,2,0,49.05998,0
-14771_8148,40.74351492991614,-73.85644887586673,15,22.933333333333334,8,0,40.569122,0
-14771_8149,40.74607927371975,-73.85722214301725,4,35.666666666666664,2,0,36.738148,0
-14771_8150,40.75139260299029,-73.85742659352137,27,17.0,15,1,29.420126,1
-14771_8152,40.7609667256705,-73.857648546241,2,22.0,2,1,31.026936,1
-14771_8157,40.785639833277,-73.855826142429,1,13.0,1,1,55.80407,1
-14771_8162,40.812906609140995,-73.856153390836,2,9.0,2,0,42.976852,0
-14771_8164,40.82374929866243,-73.85880828320501,7,10.0,5,1,33.138447,1
-14771_8165,40.826524634500664,-73.858708591627,3,17.333333333333332,3,0,30.376316,0
-14771_8166,40.83277510239239,-73.85778508157924,13,10.75,6,2,38.989468,1
-14771_8167,40.836604744797995,-73.85667771299677,13,14.5,9,1,49.526627,1
-14771_8168,40.841057659779004,-73.85545620022467,3,8.333333333333334,3,1,59.636105,1
-14771_8169,40.8476982748375,-73.85669864301038,8,9.25,6,2,57.361973,1
-14771_8171,40.856347831451224,-73.85557909047144,9,13.555555555555555,7,1,38.46528,1
-14771_8172,40.863221202395664,-73.85823143185634,3,9.666666666666666,3,0,19.994799,0
-14771_8173,40.86550130296016,-73.85798491935716,6,12.0,6,0,18.708096,0
-14771_8174,40.870779667861996,-73.85633505855449,2,7.0,2,0,18.147459,0
-14771_8175,40.8762539129795,-73.85957221412599,2,18.0,1,0,27.885035,0
-14771_8176,40.88242665605775,-73.8566732306305,4,1.0,2,1,16.664457,1
-14771_8177,40.887675102578,-73.85766736508151,2,12.0,2,0,9.403794,0
-14771_8178,40.893140021308895,-73.85744530659237,19,13.777777777777779,11,0,6.4427586,0
-14771_8179,40.8967097081088,-73.85551339694601,5,17.4,5,1,10.295127,1
-14771_8180,40.90178481641,-73.85692615797,1,10.0,1,1,12.401928,1
-14772_8132,40.663983682971,-73.860487605874,1,13.0,1,1,24.187624,1
-14772_8133,40.669745388846,-73.860825175329,1,12.0,1,0,15.214001,0
-14772_8135,40.679371852044504,-73.86297331470442,12,17.583333333333332,7,0,17.211575,0
-14772_8136,40.682512222098,-73.860407228935,2,22.5,2,0,26.005497,0
-14772_8137,40.685815552022,-73.864981320907,1,15.0,1,0,20.90944,0
-14772_8138,40.69195977473154,-73.86227040625046,13,13.5,8,2,33.540073,1
-14772_8139,40.696945313533,-73.864720678863,1,3.0,1,1,41.29577,1
-14772_8141,40.708419297491666,-73.86310545247234,3,12.333333333333334,3,1,42.00199,1
-14772_8142,40.710574656735,-73.86486244246501,2,12.5,2,0,41.83305,0
-14772_8143,40.71851814256,-73.86380010804,1,10.0,1,0,48.34885,0
-14772_8145,40.729104203464466,-73.86246826995453,28,14.346153846153847,14,4,59.273445,1
-14772_8146,40.73221536780025,-73.8634600902798,20,11.0,14,1,55.279415,1
-14772_8147,40.73767511007942,-73.86286226116057,7,19.666666666666668,5,1,49.252396,1
-14772_8148,40.744221143574,-73.86233268856667,3,12.666666666666666,3,0,35.98236,0
-14772_8149,40.74862366591794,-73.86264724830508,48,15.571428571428571,14,0,28.64861,0
-14772_8150,40.75166164704135,-73.86290824763162,31,15.838709677419354,9,0,27.330196,0
-14772_8151,40.75771452814036,-73.86202346741392,11,19.8,7,0,27.7726,0
-14772_8153,40.766464794671,-73.863560908699,2,7.5,1,0,27.53057,0
-14772_8163,40.817083541468,-73.862405372622,1,11.0,1,0,27.631468,0
-14772_8165,40.826030523591335,-73.86166895257134,3,9.333333333333334,2,0,27.472157,0
-14772_8166,40.83314953525542,-73.862650833524,19,15.31578947368421,11,1,37.847553,1
-14772_8167,40.837288767040064,-73.86216877064759,15,13.071428571428571,12,1,53.236588,1
-14772_8169,40.8472444779502,-73.86338443616219,5,16.4,4,0,52.99641,0
-14772_8170,40.853506588003,-73.8645325997542,5,15.0,4,0,43.06529,0
-14772_8171,40.859605265586,-73.864894663873,1,27.0,1,0,20.674267,0
-14772_8172,40.863863779108335,-73.8641755520025,6,20.333333333333332,6,1,20.243498,1
-14772_8173,40.8656885794896,-73.8634132799716,10,14.333333333333334,9,1,19.666256,1
-14772_8174,40.871360295960834,-73.8631833176085,6,17.4,5,0,22.63933,0
-14772_8175,40.876607942890004,-73.862792101625,7,15.857142857142858,6,1,31.899557,1
-14772_8176,40.88292587042225,-73.86316513305867,12,17.75,7,1,29.69042,1
-14772_8177,40.8870181101196,-73.8608701797511,10,12.0,5,0,11.288849,0
-14772_8179,40.895507377518,-73.863483077625,1,8.0,1,0,5.343826,0
-14772_8180,40.9011376421195,-73.86189065629151,2,10.5,2,0,7.346961,0
-14773_8130,40.651126310688,-73.8691042793105,2,19.0,2,0,23.957542,0
-14773_8131,40.655143063962996,-73.86770341102775,4,12.25,3,0,21.391068,0
-14773_8133,40.66862910297,-73.86850925826,1,13.0,1,0,10.348271,0
-14773_8134,40.67349116586,-73.867046810812,1,12.0,1,0,11.1837845,0
-14773_8135,40.6776357560995,-73.86769246726405,18,20.333333333333332,12,0,12.676228,0
-14773_8136,40.68429236890975,-73.86897222000538,8,9.875,5,0,16.722448,0
-14773_8137,40.685843042196,-73.865017321976,1,44.0,1,0,20.90944,0
-14773_8138,40.6913830589055,-73.8666294781041,10,13.333333333333334,7,0,25.949038,0
-14773_8140,40.702989491056336,-73.868018046469,3,17.666666666666668,3,0,43.611683,0
-14773_8141,40.7095304954364,-73.869319188525,5,8.0,4,2,41.81386,1
-14773_8142,40.710661854787,-73.865489890356,1,10.0,1,0,42.258892,0
-14773_8144,40.722890683201605,-73.8678952754868,10,14.875,8,1,47.52658,1
-14773_8145,40.7263533613584,-73.8651918330468,5,15.75,3,0,51.87399,0
-14773_8146,40.733261615285095,-73.8687012956385,10,8.7,10,1,56.354176,1
-14773_8147,40.73667908883791,-73.86575274359573,11,16.545454545454547,7,2,53.188866,1
-14773_8148,40.742465407109584,-73.86897255196783,12,12.916666666666666,7,0,43.794,0
-14773_8149,40.74842842824538,-73.86866690109191,37,13.4,14,1,37.45886,1
-14773_8150,40.752449811171495,-73.86746940044024,12,18.09090909090909,5,1,29.95756,1
-14773_8151,40.75725562370861,-73.8675553538453,13,21.076923076923077,6,0,27.304575,0
-14773_8152,40.761659121544994,-73.867422447128,2,25.0,2,0,26.992786,0
-14773_8153,40.768266742076996,-73.86747181630433,3,11.0,2,1,36.80495,1
-14773_8163,40.81668894204,-73.86526392537,1,13.0,1,0,33.464653,0
-14773_8164,40.822647715590335,-73.86757087120583,6,20.0,6,0,23.395802,0
-14773_8166,40.83206777174178,-73.86699512544139,18,16.38888888888889,13,1,34.318645,1
-14773_8167,40.83786985638617,-73.866997136913,6,6.6,6,1,46.008396,1
-14773_8168,40.84405329747011,-73.86778970991011,9,13.0,6,0,44.570114,0
-14773_8169,40.845711425918935,-73.86631453802714,15,12.071428571428571,7,1,49.312973,1
-14773_8170,40.85392668353047,-73.86639472466285,13,12.615384615384615,10,1,36.427444,1
-14773_8171,40.85698237553311,-73.86743260187727,19,11.578947368421053,13,0,21.203938,0
-14773_8172,40.863766447783505,-73.86739525017,2,10.5,2,0,20.684374,0
-14773_8173,40.86560167051279,-73.86703932610241,14,12.071428571428571,10,0,19.666254,0
-14773_8174,40.87157949476017,-73.86635995412867,6,10.5,4,0,24.688934,0
-14773_8175,40.8786250156356,-73.86571868650199,5,13.8,5,1,36.62368,1
-14773_8179,40.89843292159347,-73.86735225859377,13,19.0,5,0,6.357013,0
-14773_8180,40.9002661389695,-73.8676802689845,2,10.0,1,0,6.3697577,0
-14774_8129,40.649266509471,-73.872569305962,1,12.0,1,0,25.935095,0
-14774_8130,40.650183511056,-73.870340424274,1,2.0,1,1,25.935099,1
-14774_8131,40.6559016295885,-73.873453996913,2,8.5,2,0,18.264826,0
-14774_8132,40.661868804666,-73.873471467668,1,8.0,1,0,9.217178,0
-14774_8133,40.666918825396664,-73.87149009570334,3,12.666666666666666,3,0,8.33704,0
-14774_8134,40.6731890170065,-73.87167623488651,4,28.25,4,0,7.584646,0
-14774_8135,40.67595892516678,-73.87205382611344,9,17.333333333333332,8,0,6.8813524,0
-14774_8136,40.68316958148453,-73.87216576144553,17,17.58823529411765,11,1,13.163415,1
-14774_8137,40.68947593582,-73.873602778944,1,7.0,1,0,24.572025,0
-14774_8140,40.70263971876,-73.8722378646105,2,12.0,2,0,47.625847,0
-14774_8141,40.708957094024285,-73.87072547402185,7,14.428571428571429,5,0,40.823147,0
-14774_8142,40.71320780297,-73.8741022867,1,12.0,1,1,31.761572,1
-14774_8143,40.7184322257582,-73.87263352145581,5,15.4,4,1,36.26809,1
-14774_8144,40.722556546195506,-73.8741513009935,2,17.0,2,0,18.828335,0
-14774_8145,40.72665227126166,-73.87133960458168,3,11.333333333333334,3,0,42.931767,0
-14774_8146,40.73398854932239,-73.87205565350888,36,15.258064516129032,20,5,55.489487,1
-14774_8148,40.742394162431175,-73.87390490580641,17,17.647058823529413,8,0,56.28076,0
-14774_8149,40.74892276885269,-73.87180181251888,19,13.944444444444445,8,0,45.206863,0
-14774_8150,40.75176449885016,-73.87193150781734,45,13.186046511627907,20,2,41.887245,1
-14774_8151,40.757374428186836,-73.87276987951833,12,15.545454545454545,6,0,34.60103,0
-14774_8152,40.7617081726884,-73.8724313201626,5,18.4,3,0,28.156492,0
-14774_8153,40.768397677944506,-73.87364556114599,2,10.0,2,0,36.741898,0
-14774_8154,40.77011370265,-73.87044539501,1,10.0,1,1,36.80495,1
-14774_8161,40.808312196311,-73.871856645862,3,9.0,1,3,55.33162,1
-14774_8164,40.82410359137357,-73.87346994554814,7,7.857142857142857,6,0,23.106493,0
-14774_8165,40.82933037771328,-73.87454712112057,7,12.5,6,2,24.908104,1
-14774_8167,40.83567196081,-73.8703569944,1,7.0,1,0,34.87505,0
-14774_8168,40.840407004557,-73.873145047721,1,9.0,1,0,40.698544,0
-14774_8175,40.87889497430437,-73.8731038768595,8,22.428571428571427,8,1,50.51616,1
-14774_8179,40.8964251709,-73.87154745592,1,29.0,1,0,5.4189024,0
-14775_8130,40.652520792912,-73.87664482779721,5,12.2,5,1,15.841556,1
-14775_8132,40.661259077634995,-73.879479294603,2,27.0,2,0,6.6315255,0
-14775_8133,40.667935285874,-73.879032815803,1,16.0,1,0,7.3150477,0
-14775_8134,40.67454971825767,-73.87772053562834,3,7.666666666666667,3,0,6.331966,0
-14775_8135,40.679707092662994,-73.8785138390855,2,6.0,2,1,10.3214855,1
-14775_8136,40.68221151989746,-73.87776257945156,11,18.727272727272727,6,0,15.34543,0
-14775_8140,40.702818965308,-73.87847033189966,3,11.0,3,1,56.754833,1
-14775_8142,40.71282213910592,-73.87832459403467,12,19.25,10,1,33.087185,1
-14775_8144,40.7247854264725,-73.8793793004435,4,22.25,4,0,8.873061,0
-14775_8145,40.725676412747504,-73.8783773983415,2,23.0,2,1,13.891088,1
-14775_8146,40.732767352475,-73.87692652558,1,11.0,1,0,36.652615,0
-14775_8147,40.73700995465669,-73.87736196170327,26,13.12,13,1,57.187504,1
-14775_8148,40.74105210400352,-73.8790220677781,21,17.473684210526315,9,1,61.95261,1
-14775_8149,40.74829774109968,-73.87816164257838,34,16.484848484848484,12,1,57.975876,1
-14775_8150,40.75049491264246,-73.87680735353446,11,19.272727272727273,6,0,55.11486,0
-14775_8151,40.7561573552195,-73.878675267037,12,23.545454545454547,9,0,49.852245,0
-14775_8152,40.76125565921782,-73.8775365634551,11,18.2,8,1,38.023014,1
-14775_8154,40.77441402977,-73.87729335185,5,5.6,5,1,49.791363,1
-14775_8161,40.80524764679,-73.876412712,1,9.0,1,0,44.867397,0
-14775_8162,40.81035473741,-73.87815162537,1,12.0,1,0,35.02876,0
-14775_8165,40.82827177588319,-73.87735250185023,27,16.68,14,1,19.159832,1
-14775_8166,40.832876820273,-73.8769524237446,5,15.0,4,0,24.559025,0
-14775_8167,40.83984590615629,-73.87675451394314,7,8.857142857142858,6,2,38.66056,1
-14775_8168,40.8408899694585,-73.879416445421,2,10.5,2,0,34.079254,0
-14775_8174,40.872831885019124,-73.87840718128517,24,12.916666666666666,11,2,53.986572,1
-14775_8175,40.87759775926263,-73.87755685590813,8,14.875,5,0,54.035847,0
-14775_8176,40.8811485291072,-73.8785689028158,5,17.8,5,0,55.669785,0
-14775_8177,40.88603460438,-73.87874473476,2,37.5,2,0,30.030636,0
-14775_8179,40.895537219313496,-73.876528133981,2,21.0,2,0,7.4923725,0
-14776_8129,40.648037053002994,-73.88198654084,5,6.0,5,0,20.55226,0
-14776_8131,40.65937383071,-73.883870897222,1,2.0,1,0,6.606128,0
-14776_8133,40.66640441658158,-73.88274374347843,7,10.285714285714286,6,1,7.019291,1
-14776_8134,40.672160996535666,-73.88222632632834,3,21.0,2,0,7.9469337,0
-14776_8135,40.67803667289133,-73.88180911984084,6,11.666666666666666,4,0,12.313275,0
-14776_8136,40.6807710203955,-73.88212180653825,4,36.25,3,0,14.486222,0
-14776_8140,40.7020619350926,-73.8819460811741,10,13.9,6,3,64.91428,1
-14776_8146,40.7344870813172,-73.8825530559956,5,21.0,4,0,39.76932,0
-14776_8147,40.737092240311746,-73.88176530338042,12,20.0,9,1,41.289772,1
-14776_8148,40.74265928818456,-73.8825931181115,30,19.0,11,1,61.794453,1
-14776_8149,40.74800072753606,-73.88341135908057,73,14.333333333333334,18,3,67.05065,1
-14776_8150,40.750093101153375,-73.88092585244313,8,14.25,6,0,61.844624,0
-14776_8151,40.75586858901624,-73.88265212970576,38,18.88888888888889,14,4,54.98221,1
-14776_8152,40.7641067308845,-73.88183026401126,4,14.25,4,0,44.05336,0
-14776_8153,40.767168960925,-73.88361362053,1,13.0,1,1,52.851654,1
-14776_8161,40.80965027249733,-73.88078637926533,3,5.666666666666667,3,1,30.442196,1
-14776_8162,40.81245795914,-73.88417715544,1,12.0,1,0,22.131378,0
-14776_8163,40.817653049355,-73.883470796457,1,12.0,1,0,16.043812,0
-14776_8165,40.82811367273183,-73.88140900479216,12,14.5,10,0,15.474364,0
-14776_8166,40.83164917506,-73.88145146771,1,25.0,1,0,14.831166,0
-14776_8167,40.836407668162,-73.8848978301958,5,7.0,5,1,18.940315,1
-14776_8168,40.84322788137775,-73.882813190157,4,12.75,2,0,41.656,0
-14776_8169,40.846779458166,-73.88360028998234,3,12.666666666666666,3,0,53.339584,0
-14776_8170,40.851848735259054,-73.88309130271124,17,8.176470588235293,8,8,61.913826,1
-14776_8171,40.8577706364,-73.8839511860676,5,17.2,5,0,61.64647,0
-14776_8173,40.86746347678287,-73.8837632622005,8,22.0,6,2,58.670322,1
-14776_8174,40.874079281502404,-73.8844910211244,5,15.75,5,0,57.438965,0
-14776_8176,40.88139248628371,-73.88244236439967,27,14.777777777777779,16,3,57.41398,1
-14776_8178,40.894861069039,-73.882162990185,1,9.0,1,0,12.593053,0
-14777_8126,40.633246602064226,-73.88884843191234,9,11.142857142857142,7,2,42.76721,1
-14777_8130,40.653423309795336,-73.88677885851634,3,7.0,2,0,11.932017,0
-14777_8131,40.65666013011693,-73.8882692762504,15,15.266666666666667,10,0,9.406311,0
-14777_8132,40.66255686387289,-73.88662235605322,9,19.555555555555557,6,1,8.889645,1
-14777_8134,40.67319426784,-73.88708764153,1,13.0,1,0,11.886374,0
-14777_8135,40.678734497320356,-73.88678567437685,14,18.76923076923077,9,1,18.365414,1
-14777_8140,40.701092680059006,-73.8887316656126,5,15.8,4,1,68.40413,1
-14777_8142,40.71219981527,-73.886628135923,1,12.0,1,0,23.963089,0
-14777_8143,40.716615720983,-73.88619312284999,2,30.5,2,0,15.892047,0
-14777_8144,40.72205519791,-73.88553261571,1,19.0,1,0,10.953055,0
-14777_8146,40.730223396039,-73.88737670402826,4,18.75,4,0,16.117926,0
-14777_8147,40.738400829012505,-73.8860745767085,2,25.5,2,1,33.985546,1
-14777_8148,40.743524378416154,-73.8881391886303,13,18.923076923076923,6,1,61.02302,1
-14777_8149,40.74799273408956,-73.88766395614492,59,20.80701754385965,20,5,67.59622,1
-14777_8150,40.750911834014,-73.889254484113,1,9.0,1,1,71.121635,1
-14777_8151,40.75560290157892,-73.88637440967413,24,17.82608695652174,13,1,63.893246,1
-14777_8152,40.7648011139676,-73.88613393283319,5,12.8,5,0,55.628418,0
-14777_8161,40.807615972044,-73.889492105309,1,7.0,1,0,24.257656,0
-14777_8162,40.8130572323695,-73.8878808345415,4,11.0,4,0,15.101506,0
-14777_8163,40.817569051679875,-73.88802317129688,8,15.875,5,0,11.704461,0
-14777_8164,40.820586130947,-73.887931336205,1,25.0,1,0,12.9366665,0
-14777_8165,40.8270360691575,-73.8877216915935,6,8.833333333333334,5,0,8.148136,0
-14777_8166,40.832997804065,-73.885098891609,1,13.0,1,0,12.240824,0
-14777_8167,40.837432348867715,-73.88730293751016,7,9.285714285714286,5,0,23.340372,0
-14777_8168,40.84338629716308,-73.88731812815101,13,14.0,8,1,40.80319,1
-14777_8169,40.848157991577004,-73.88890400161733,3,15.0,3,0,58.801453,0
-14777_8170,40.85379566861428,-73.88804590060204,43,13.523809523809524,14,3,59.889378,1
-14777_8171,40.8562130552049,-73.88711743939105,38,10.756756756756756,19,7,61.285446,1
-14777_8172,40.86127178133666,-73.88952069902325,12,7.833333333333333,8,3,62.37797,1
-14777_8173,40.867577367596255,-73.887906118151,4,9.75,4,0,59.13211,0
-14777_8174,40.872835092106506,-73.88850464595986,14,19.615384615384617,10,1,58.50848,1
-14777_8175,40.876158657999,-73.88685493996034,6,10.666666666666666,5,2,60.01246,1
-14778_8127,40.636894842613,-73.8931375528605,4,13.5,3,0,20.849237,0
-14778_8129,40.6484909208955,-73.89246123274799,2,9.0,2,0,10.299037,0
-14778_8130,40.65024002019637,-73.89099482652938,8,10.0,8,0,16.391289,0
-14778_8131,40.658302723493335,-73.890658274572,3,5.666666666666667,2,0,10.079602,0
-14778_8132,40.66262172121736,-73.89344548411873,11,13.909090909090908,5,0,11.171705,0
-14778_8133,40.665519817938005,-73.8942305634515,2,12.0,2,0,9.4880905,0
-14778_8134,40.67254175676225,-73.89141291232974,4,12.5,4,0,16.60969,0
-14778_8135,40.676984377938,-73.89187373217783,6,12.666666666666666,6,1,21.504223,1
-14778_8136,40.680351227260005,-73.892752171305,2,7.5,2,0,25.324282,0
-14778_8139,40.697294514674,-73.8925354589455,2,8.5,2,0,68.76618,0
-14778_8140,40.7012418210547,-73.8940542970722,10,15.5,7,1,70.63291,1
-14778_8141,40.705765163664,-73.894299911482,1,21.0,1,1,72.076324,1
-14778_8144,40.721837387655,-73.893054937639,1,51.0,1,0,17.282032,0
-14778_8145,40.72720671304237,-73.89319249654348,19,18.473684210526315,13,4,13.663266,1
-14778_8147,40.7354448194,-73.8948047316,1,27.0,1,0,25.844986,0
-14778_8148,40.740277920224,-73.894335164119,1,51.0,1,0,43.743816,0
-14778_8149,40.747392816638275,-73.8918606462647,77,18.0,22,5,67.751656,1
-14778_8150,40.75243725702467,-73.8933902233179,9,15.333333333333334,8,2,71.270615,1
-14778_8151,40.758592056371995,-73.89212164765057,7,14.857142857142858,7,0,55.14874,0
-14778_8153,40.765717305294,-73.89238133026,1,12.0,1,1,53.69461,1
-14778_8154,40.771442186103336,-73.89361281455933,3,20.333333333333332,3,1,61.56125,1
-14778_8161,40.809905673913,-73.890098791316,1,12.0,1,1,15.754247,1
-14778_8162,40.813081657953,-73.891883611257,2,10.5,1,0,11.8682575,0
-14778_8163,40.8180001117935,-73.89223021473616,6,10.833333333333334,5,2,10.220911,1
-14778_8164,40.822694799933224,-73.89217857165552,27,12.692307692307692,13,1,9.744134,1
-14778_8165,40.826576532817,-73.89126416587317,6,22.0,5,0,8.083688,0
-14778_8166,40.83034741092,-73.89181024312,1,12.0,1,0,9.262893,0
-14778_8167,40.835824833929,-73.89067016562,1,4.0,1,0,15.525839,0
-14778_8168,40.844873862812996,-73.89027813910833,3,24.0,3,1,45.541325,1
-14778_8169,40.84618994429009,-73.89304154273746,11,16.454545454545453,8,3,56.33241,1
-14778_8170,40.85265086817275,-73.89298654297437,8,14.571428571428571,5,0,58.37891,0
-14778_8171,40.8575585127557,-73.89157926089311,10,11.6,8,1,58.331497,1
-14778_8172,40.86160296232688,-73.89231154613,32,13.4375,16,4,61.402466,1
-14778_8173,40.8690811273985,-73.8908569065665,6,15.2,4,0,60.201508,0
-14778_8174,40.870601634501,-73.891744495974,1,30.0,1,0,60.201508,0
-14778_8175,40.875021689756665,-73.89285822915734,3,19.666666666666668,2,2,60.494453,1
-14778_8176,40.882784266777,-73.893388133294,1,2.0,1,0,68.32238,0
-14779_8126,40.634828704537,-73.896877103744,1,26.0,1,0,18.47085,0
-14779_8127,40.63750025505125,-73.89709393497492,12,16.583333333333332,6,0,15.459366,0
-14779_8128,40.642150947684996,-73.89901512592951,2,24.5,2,0,11.272823,0
-14779_8129,40.648415043358,-73.89727406722375,4,17.0,3,0,9.520998,0
-14779_8131,40.6571312960105,-73.89672714443151,2,12.5,1,0,10.058542,0
-14779_8132,40.662541164963,-73.898149713037,1,0.0,1,0,14.49181,0
-14779_8133,40.6687823577686,-73.897054376494,5,15.0,3,0,21.38169,0
-14779_8134,40.67261605098667,-73.89681363884667,3,12.0,3,1,24.845974,1
-14779_8135,40.677178929421714,-73.89712089485728,7,8.428571428571429,6,2,29.62397,1
-14779_8139,40.698613970089006,-73.89922077891667,3,29.666666666666668,2,2,73.53804,1
-14779_8140,40.70160238372596,-73.8970895696077,24,15.25,15,2,73.48536,1
-14779_8141,40.70768843655622,-73.89762111998395,28,18.59259259259259,15,4,75.10138,1
-14779_8142,40.71048423381,-73.89867853211699,7,18.166666666666668,7,1,71.80595,1
-14779_8144,40.724019319902,-73.89893688661967,3,12.666666666666666,3,1,47.77909,1
-14779_8145,40.726801974267254,-73.8952712232475,4,20.666666666666668,3,0,15.817518,0
-14779_8146,40.732911028569504,-73.89590204678899,2,11.0,2,0,23.519602,0
-14779_8147,40.7367671084198,-73.8958555862346,5,14.4,3,0,25.047672,0
-14779_8148,40.7424065641528,-73.89653313172259,5,16.75,4,0,46.356735,0
-14779_8149,40.746701419806975,-73.89768615328227,41,19.94736842105263,13,2,61.418385,1
-14779_8150,40.75265746316667,-73.89673771332333,9,16.666666666666668,5,4,66.62725,1
-14779_8153,40.767921848229,-73.897453614109,2,11.5,2,0,62.323303,0
-14779_8161,40.80792109287,-73.89892339514,1,12.0,1,1,21.431414,1
-14779_8162,40.814739933089,-73.899939006671,1,17.0,1,0,14.4075365,0
-14779_8163,40.816522613084445,-73.89697342276479,9,24.11111111111111,6,0,13.023531,0
-14779_8164,40.821752070587294,-73.8969942495513,10,14.6,8,0,9.833181,0
-14779_8165,40.8281310732294,-73.89754981227159,5,19.6,4,1,11.543368,1
-14779_8166,40.83237674613,-73.89685399870733,3,22.0,3,0,12.48009,0
-14779_8168,40.8436181362985,-73.89770695017049,2,9.5,2,0,43.853214,0
-14779_8169,40.84719730669334,-73.897233961374,6,17.333333333333332,4,3,50.534683,1
-14779_8170,40.85171699254825,-73.89906262882,4,13.25,4,0,50.02476,0
-14779_8171,40.85857776964466,-73.89916302846208,12,17.083333333333332,9,0,55.561745,0
-14779_8172,40.861913146017315,-73.89726041768792,25,19.454545454545453,14,2,58.14777,1
-14779_8173,40.867209135802646,-73.89754919790047,17,13.823529411764707,13,1,59.061253,1
-14779_8176,40.883972735526996,-73.8988630247012,5,13.0,2,2,72.719894,1
-14779_8177,40.889764571137285,-73.89823838573587,7,17.0,6,1,69.044464,1
-14779_8178,40.892088242792,-73.89721431750326,4,8.0,4,1,69.044464,1
-14779_8180,40.9047079875335,-73.89668645936649,2,11.5,2,1,78.30845,1
-14779_8181,40.905402633569,-73.8977145968575,4,14.0,4,1,78.30845,1
-14780_8125,40.62729678505,-73.90289418312,1,22.0,1,1,47.30409,1
-14780_8126,40.6339882497,-73.90251691498,1,8.0,1,0,12.27971,0
-14780_8128,40.643526245222,-73.9023731835686,5,7.5,4,1,10.699993,1
-14780_8129,40.64668268084889,-73.90337317284713,9,12.444444444444445,6,1,11.3602915,1
-14780_8130,40.651028370051506,-73.901508077167,2,6.0,2,0,11.597254,0
-14780_8131,40.657254132175,-73.900608632382,1,13.0,1,0,13.163395,0
-14780_8133,40.668300603441,-73.902325988464,1,10.0,1,0,22.635344,0
-14780_8135,40.676569279990005,-73.90076540291,2,10.0,2,0,35.255432,0
-14780_8138,40.69383111108975,-73.90228664204925,4,25.25,2,3,72.01453,1
-14780_8139,40.69806946743189,-73.90298264633434,9,17.5,5,3,73.79254,1
-14780_8140,40.702128129910925,-73.9023766941855,41,16.195121951219512,20,5,73.86046,1
-14780_8141,40.706957131297564,-73.90312809091729,7,11.333333333333334,6,1,75.67203,1
-14780_8142,40.71350199023182,-73.90108682707255,11,13.6,8,3,67.59469,1
-14780_8143,40.71605157619257,-73.90155746794385,7,11.333333333333334,6,0,66.87877,0
-14780_8144,40.722378401863445,-73.903359995345,9,16.555555555555557,7,2,62.476486,1
-14780_8145,40.729044489881666,-73.90045423844833,3,18.0,1,3,33.37138,1
-14780_8146,40.7314463398885,-73.9001331186465,2,34.5,2,0,22.519058,0
-14780_8148,40.742389405342706,-73.902972624155,10,14.8,8,2,54.36631,1
-14780_8149,40.74620923120565,-73.90278302437373,34,16.533333333333335,20,2,60.79309,1
-14780_8150,40.75224803005325,-73.90311195918225,4,22.5,4,0,70.77986,0
-14780_8152,40.762607704791,-73.90288147476433,3,21.333333333333332,1,3,68.02928,1
-14780_8153,40.769609306624005,-73.9014782541465,2,17.0,2,1,68.13383,1
-14780_8154,40.77161301633617,-73.9031360238005,6,12.166666666666666,4,0,67.02912,0
-14780_8155,40.77676206046622,-73.9020968722829,9,12.857142857142858,6,3,65.822426,1
-14780_8162,40.8124510364865,-73.90341130006286,14,10.642857142857142,8,0,22.74462,0
-14780_8163,40.81641530625811,-73.90226271162334,9,15.88888888888889,6,0,15.002582,0
-14780_8164,40.821236133413464,-73.9014338985463,13,17.307692307692307,10,0,12.958394,0
-14780_8165,40.828387215418,-73.903636641331,1,20.0,1,0,14.250198,0
-14780_8166,40.831682790347,-73.90222299532412,8,18.5,7,0,14.7949505,0
-14780_8167,40.83588935252875,-73.902911092844,4,11.0,3,1,21.654428,1
-14780_8168,40.84310166379,-73.90271619287675,4,10.0,4,1,40.695324,1
-14780_8169,40.84747392932585,-73.90216282410907,13,13.153846153846153,7,0,40.47495,0
-14780_8170,40.852653753608095,-73.9030327399918,10,12.9,7,1,43.015625,1
-14780_8171,40.85785280618196,-73.90217018537072,25,14.08695652173913,14,0,48.741886,0
-14780_8172,40.862510224686964,-73.90215721735034,29,16.137931034482758,12,3,54.817398,1
-14780_8173,40.86887484273854,-73.90218767259177,13,16.23076923076923,7,2,60.902287,1
-14780_8174,40.87250528195,-73.902699176757,2,16.0,2,0,63.3347,0
-14780_8175,40.87884147105382,-73.90401164587837,22,14.590909090909092,12,4,73.72468,1
-14780_8176,40.88367250418174,-73.90144074292468,19,12.68421052631579,12,3,72.719894,1
-14780_8177,40.887513539048804,-73.9028214862248,5,12.8,2,4,72.719894,1
-14780_8180,40.904590838712,-73.902400650832,1,9.0,1,0,79.79008,0
-14780_8181,40.90631484712894,-73.90340745500744,16,16.75,8,4,79.79008,1
-14780_8182,40.9117904443608,-73.9026584883752,5,13.2,3,3,78.30845,1
-14781_8118,40.592162348606,-73.908141159255,1,11.0,1,0,5.499336,0
-14781_8123,40.619494783195,-73.907941305446,1,10.0,1,0,54.900562,0
-14781_8124,40.6207160635985,-73.906071885889,2,10.5,2,0,57.70449,0
-14781_8127,40.639850370515504,-73.9065727249735,2,18.0,2,1,9.283049,1
-14781_8128,40.641860151979,-73.9063076072444,5,14.2,5,0,8.352221,0
-14781_8130,40.654709683261,-73.907106851871,1,12.0,1,0,18.253483,0
-14781_8131,40.65739571282575,-73.90828345440625,4,12.75,4,1,20.722643,1
-14781_8132,40.66324835541817,-73.9089644349385,6,15.833333333333334,5,0,24.45339,0
-14781_8133,40.66886594664071,-73.90769202997677,17,15.0625,10,2,31.145853,1
-14781_8134,40.670238157835,-73.90697158456,2,6.5,2,0,33.43068,0
-14781_8135,40.67783413194275,-73.90842377776525,4,11.0,4,0,48.061554,0
-14781_8136,40.683002305316805,-73.9091534482692,5,15.2,5,1,64.89473,1
-14781_8137,40.688193783408714,-73.907309314468,7,15.428571428571429,6,2,70.85629,1
-14781_8138,40.69171023216329,-73.90755788584886,14,11.928571428571429,12,1,73.46472,1
-14781_8139,40.698061736719495,-73.90735568024304,26,17.72,13,4,74.86043,1
-14781_8140,40.70202406458391,-73.90747322281707,44,14.357142857142858,15,6,73.115616,1
-14781_8141,40.70688540337878,-73.9070619284709,9,18.5,7,3,75.3729,1
-14781_8142,40.712532343229775,-73.90652318586815,13,11.923076923076923,8,2,70.7073,1
-14781_8144,40.720182227249,-73.905482032573,1,7.0,1,0,72.14065,0
-14781_8145,40.7265450786335,-73.90776361933659,10,15.3,7,4,62.47882,1
-14781_8148,40.7429572194555,-73.9075246464525,2,24.5,2,0,63.16059,0
-14781_8149,40.74549321933812,-73.90626859663962,16,15.533333333333333,12,3,64.26529,1
-14781_8150,40.752650425019446,-73.90781434748034,9,18.88888888888889,6,2,71.21506,1
-14781_8151,40.7571434362945,-73.907414645825,2,16.0,2,0,70.02865,0
-14781_8152,40.76145915854023,-73.90874870469969,13,14.615384615384615,10,2,72.846725,1
-14781_8153,40.7681088482407,-73.90756146346459,10,19.4,9,2,70.90052,1
-14781_8154,40.77347574402915,-73.90805107964806,34,16.09090909090909,18,6,69.86507,1
-14781_8155,40.77575078227771,-73.90951955148688,17,12.529411764705882,11,2,68.731064,1
-14781_8161,40.807212498619,-73.908193618584,1,40.0,1,0,33.270924,0
-14781_8162,40.81268207807671,-73.90733037627085,7,13.571428571428571,6,1,28.204588,1
-14781_8163,40.816551663085995,-73.90726723549066,6,11.333333333333334,4,0,22.681581,0
-14781_8164,40.8238116114038,-73.9092195411451,10,16.5,6,0,22.160036,0
-14781_8165,40.8265579669565,-73.90712436370251,4,14.0,4,0,20.078005,0
-14781_8166,40.83189909024,-73.90695065614175,4,11.75,4,0,25.636566,0
-14781_8167,40.837253778227335,-73.90714248860434,3,24.666666666666668,3,0,27.248976,0
-14781_8168,40.844763975368,-73.9083374919026,5,16.6,5,1,30.216923,1
-14781_8169,40.8471525822672,-73.9078231000502,5,21.2,5,0,32.064148,0
-14781_8170,40.85297256602113,-73.90788871966426,31,14.133333333333333,14,3,35.962833,1
-14781_8171,40.8580987764625,-73.90614565667066,6,31.5,4,0,44.39816,0
-14781_8172,40.862399781542,-73.90786046259599,3,11.333333333333334,3,0,51.215355,0
-14781_8174,40.8737482272735,-73.90761055940187,8,12.625,7,2,65.90164,1
-14781_8175,40.878120265453504,-73.90622735826761,18,15.333333333333334,12,1,71.473816,1
-14781_8176,40.880635021432504,-73.90836668322088,8,16.571428571428573,6,2,72.6403,1
-14781_8177,40.88662601950618,-73.90806074589334,27,14.185185185185185,16,4,71.822426,1
-14781_8181,40.90599256381833,-73.90692430467334,3,10.0,2,2,79.79008,1
-14782_8112,40.56206500336666,-73.91188366627667,3,9.666666666666666,2,2,78.88989,1
-14782_8120,40.60260308714,-73.91467008226,1,12.0,1,1,64.683655,1
-14782_8121,40.60865230773,-73.91428056082,1,13.0,1,0,67.21785,0
-14782_8122,40.61318042978287,-73.91234913888775,8,19.75,6,2,66.84,1
-14782_8123,40.616738778765395,-73.9118323236828,5,20.6,5,0,63.319874,0
-14782_8126,40.634629215199,-73.91462537076733,3,9.666666666666666,3,0,9.931382,0
-14782_8127,40.635946097838,-73.9126805328555,16,13.75,9,0,9.953358,0
-14782_8128,40.64397868915,-73.91378637169,2,18.5,2,1,8.543443,1
-14782_8129,40.64650121529986,-73.91310332748014,7,10.714285714285714,6,0,8.630809,0
-14782_8130,40.65415603492,-73.91158376035,1,3.0,1,1,15.419899,1
-14782_8131,40.656757210965665,-73.91404190705633,3,2.3333333333333335,2,0,20.27716,0
-14782_8133,40.669314669491,-73.91166868365069,13,14.461538461538462,10,1,36.320908,1
-14782_8134,40.6726047757424,-73.9122816278138,5,14.0,5,1,40.328354,1
-14782_8135,40.6782896168052,-73.9113811123683,10,14.1,6,1,56.305283,1
-14782_8136,40.683440236801374,-73.91224292394375,8,16.0,7,2,71.33154,1
-14782_8137,40.6854967461756,-73.912679989758,5,10.25,5,1,70.92162,1
-14782_8138,40.693945799128095,-73.91122525243982,11,18.181818181818183,7,2,77.67707,1
-14782_8139,40.698979053272,-73.91249451025229,24,18.782608695652176,15,1,77.56097,1
-14782_8140,40.70195178173991,-73.91249083797526,32,14.64516129032258,15,6,75.527725,1
-14782_8141,40.7068631618685,-73.912327844996,8,13.625,6,0,74.76928,0
-14782_8142,40.713955468435834,-73.91328069054701,6,13.2,5,2,74.030594,1
-14782_8143,40.715178123604666,-73.913087301481,3,30.666666666666668,3,0,74.030594,0
-14782_8144,40.723194651715,-73.9124496645085,2,23.0,2,1,69.613914,1
-14782_8145,40.726448368073,-73.912180192693,2,28.0,2,0,67.48768,0
-14782_8148,40.7445009749678,-73.91136451467393,15,17.692307692307693,9,2,66.52524,1
-14782_8149,40.7465717763476,-73.9134798666568,10,17.8,8,1,69.413605,1
-14782_8150,40.75342575741016,-73.91431853061242,12,15.545454545454545,8,2,74.76843,1
-14782_8151,40.7569983413775,-73.91377549890107,12,13.5,10,1,74.52296,1
-14782_8152,40.762812824179235,-73.91268437585094,17,22.88235294117647,13,3,76.24763,1
-14782_8153,40.76742449381083,-73.9121128282319,57,18.660714285714285,19,1,72.917534,1
-14782_8154,40.774348975033405,-73.91303050480374,27,17.923076923076923,19,3,73.31922,1
-14782_8155,40.77595662125679,-73.91155230384832,28,15.384615384615385,18,1,70.89889,1
-14782_8156,40.781926920101,-73.914081910257,1,4.0,1,0,59.38178,0
-14782_8160,40.802328335183,-73.9122155222846,5,15.6,3,2,53.907566,1
-14782_8161,40.8061610360945,-73.9132106715295,4,11.5,4,1,49.360825,1
-14782_8162,40.8146814958695,-73.9142219041775,4,13.0,4,0,37.92103,0
-14782_8163,40.8178350036795,-73.91214406967299,2,13.0,1,0,25.864738,0
-14782_8164,40.822448425809995,-73.91247870283945,11,11.454545454545455,8,2,38.391968,1
-14782_8166,40.8324175311334,-73.9128597591023,10,10.5,7,0,38.97867,0
-14782_8167,40.838401959856,-73.91295390767466,15,11.2,10,1,39.225327,1
-14782_8168,40.844035506459996,-73.91340699737499,11,13.5,9,1,29.583935,1
-14782_8169,40.847832411226335,-73.91232935784956,9,20.88888888888889,7,1,30.543491,1
-14782_8170,40.85298134284515,-73.91260688884329,7,16.857142857142858,4,0,31.985136,0
-14782_8172,40.8622194059,-73.91115785116,1,11.0,1,1,48.562,1
-14782_8174,40.87320344227367,-73.91189155426001,3,16.0,3,0,66.19766,0
-14782_8177,40.885654717162,-73.91046458060075,4,14.75,4,0,70.716484,0
-14782_8180,40.901621203607,-73.91285224240599,2,6.5,1,2,75.56244,1
-14783_8120,40.603138745574,-73.915241987149,1,35.0,1,0,65.919914,0
-14783_8123,40.61899275316756,-73.91729003035918,16,15.8125,11,5,69.642815,1
-14783_8124,40.623108025301285,-73.91762955660258,7,8.5,7,0,48.855762,0
-14783_8125,40.6256545197038,-73.9179028564408,5,12.25,5,0,37.536392,0
-14783_8126,40.6322457720658,-73.9185749232945,10,11.11111111111111,6,0,14.46906,0
-14783_8127,40.63860461793967,-73.91909535183567,6,11.666666666666666,5,0,7.941088,0
-14783_8128,40.6418404213355,-73.9174212357365,2,24.5,2,0,7.2062073,0
-14783_8129,40.64959492442,-73.91618818195,1,12.0,1,0,12.997922,0
-14783_8130,40.6531762971775,-73.9182595151195,4,9.5,3,0,11.154298,0
-14783_8131,40.65717475503373,-73.91618288688026,11,18.454545454545453,7,1,16.817547,1
-14783_8132,40.661444752247,-73.91577315048134,3,14.666666666666666,2,0,22.638195,0
-14783_8133,40.66867245774934,-73.91801095231399,9,14.88888888888889,8,0,33.322685,0
-14783_8134,40.673065597265506,-73.918182802319,2,10.5,2,0,44.125523,0
-14783_8135,40.6776735768635,-73.91748131059549,2,8.5,2,0,60.589622,0
-14783_8136,40.6829449703808,-73.91831951019319,5,15.6,4,0,73.11398,0
-14783_8137,40.68669402428575,-73.91649324501334,12,15.083333333333334,9,2,75.789696,1
-14783_8138,40.69216854665066,-73.91786297823633,3,16.666666666666668,3,1,82.264275,1
-14783_8139,40.69894421376875,-73.91735130909422,28,14.178571428571429,18,3,79.69845,1
-14783_8140,40.7028721888856,-73.91810314833448,35,15.542857142857143,15,6,78.09479,1
-14783_8141,40.7065109979102,-73.9174985155816,5,7.0,5,1,77.39525,1
-14783_8142,40.7127220429125,-73.91811225619901,2,5.5,2,0,69.8129,0
-14783_8143,40.717369892726,-73.91945029785799,2,18.5,2,1,68.265656,1
-14783_8145,40.7299804902605,-73.919110268082,2,13.0,2,1,71.18824,1
-14783_8147,40.739563276020505,-73.918315521146,2,35.0,2,0,66.33648,0
-14783_8148,40.74263520319871,-73.91819692580421,48,18.872340425531913,23,3,63.536133,1
-14783_8149,40.74634227577963,-73.91666968870254,11,14.818181818181818,8,3,68.248024,1
-14783_8150,40.754710995589335,-73.916807380843,3,21.666666666666668,3,0,76.90949,0
-14783_8151,40.75805489357318,-73.91829544483143,39,18.457142857142856,19,5,78.892044,1
-14783_8152,40.76303980306766,-73.91681139586213,47,16.956521739130434,24,6,80.39377,1
-14783_8153,40.76611941710297,-73.91840725293284,32,17.225806451612904,21,3,79.87987,1
-14783_8154,40.7719325587536,-73.9180045143279,10,12.6,10,0,74.725,0
-14783_8155,40.77659638680329,-73.91537110522385,7,17.142857142857142,5,2,67.35404,1
-14783_8156,40.780814254518496,-73.91733853762075,4,10.25,3,0,61.256577,0
-14783_8161,40.80741903127873,-73.91850359551961,29,22.51851851851852,11,5,58.259415,1
-14783_8162,40.814023750587666,-73.91811059163992,12,15.166666666666666,7,4,52.68172,1
-14783_8163,40.81706893861211,-73.91743095937902,47,15.152173913043478,18,1,54.052235,1
-14783_8164,40.82104240951925,-73.91698216809226,4,15.5,4,0,53.791267,0
-14783_8165,40.826792357003086,-73.91817699338192,12,14.2,11,1,59.445297,1
-14783_8166,40.83343626245938,-73.91805221810607,13,15.083333333333334,10,0,60.677166,0
-14783_8167,40.83834219857204,-73.91801037234366,23,14.652173913043478,11,1,46.165386,1
-14783_8168,40.840812744646115,-73.91746909829122,9,17.88888888888889,5,2,41.155205,1
-14783_8169,40.84783261136427,-73.91766220196618,11,13.545454545454545,7,0,29.415337,0
-14783_8170,40.8511796696652,-73.9156989616436,5,14.0,4,0,29.722775,0
-14783_8172,40.86355691861925,-73.91916173599074,20,18.944444444444443,9,2,63.330276,1
-14783_8173,40.86732968381745,-73.91818604030205,22,15.80952380952381,10,1,63.551514,1
-14783_8174,40.871764421019996,-73.91620791942259,5,7.8,4,1,64.12971,1
-14783_8175,40.87875137075633,-73.91667447918167,3,19.666666666666668,3,1,67.74237,1
-14784_8112,40.56148768865,-73.92064307971,1,13.0,1,1,78.88989,1
-14784_8117,40.58612733155,-73.92418877294,1,12.0,1,1,74.256226,1
-14784_8121,40.6097715359545,-73.92235623115317,18,23.88888888888889,12,2,74.06953,1
-14784_8122,40.61131184492533,-73.92173435659267,6,13.666666666666666,5,2,72.6675,1
-14784_8123,40.61919058610614,-73.92292482526658,7,12.571428571428571,6,1,61.21362,1
-14784_8124,40.6239335195355,-73.92139528314149,2,10.0,2,1,42.676277,1
-14784_8125,40.62926766619,-73.92291648025551,2,12.0,2,0,19.40971,0
-14784_8126,40.630789439357,-73.920596380874,2,20.0,2,0,16.189766,0
-14784_8127,40.635491994482,-73.923703724061,1,2.0,1,0,7.939377,0
-14784_8128,40.6448843368375,-73.92223714018576,4,11.0,3,0,4.810599,0
-14784_8129,40.647331980345,-73.92021266180001,2,12.5,2,0,7.738825,0
-14784_8130,40.65233906388567,-73.92311256493001,3,8.0,3,1,7.7446404,1
-14784_8131,40.657169085505004,-73.92397077909,2,8.5,2,0,10.433893,0
-14784_8132,40.66311203708543,-73.92239631844885,14,12.461538461538462,7,1,22.432442,1
-14784_8133,40.66599389267929,-73.92243695045529,7,10.0,6,1,29.197927,1
-14784_8134,40.672157210449,-73.92299950877467,3,8.0,1,0,43.516083,0
-14784_8135,40.678157554070715,-73.92241708416614,7,15.571428571428571,7,1,67.40882,1
-14784_8136,40.68265106159657,-73.92228719490471,7,19.285714285714285,7,0,76.11679,0
-14784_8137,40.68696854699626,-73.9224181747734,15,23.8,10,0,80.7737,0
-14784_8138,40.691254259207334,-73.9240813974245,6,39.333333333333336,6,0,82.27667,0
-14784_8139,40.698274074932925,-73.9226565074843,13,21.23076923076923,9,1,82.20778,1
-14784_8140,40.702278720754975,-73.92263662570637,40,17.076923076923077,20,4,78.671715,1
-14784_8141,40.70639598247648,-73.92236912687196,46,13.177777777777777,18,16,77.14382,1
-14784_8142,40.71153764267143,-73.92316441616715,7,18.142857142857142,2,6,78.13131,1
-14784_8145,40.72669757954,-73.92284845603,1,7.0,1,1,77.196434,1
-14784_8147,40.739424080294704,-73.9214273926932,10,13.3,8,0,67.86239,0
-14784_8148,40.74278741900602,-73.92274112619464,52,16.085106382978722,22,7,65.7512,1
-14784_8149,40.74632210342989,-73.92250085208455,9,13.25,8,2,70.94601,1
-14784_8150,40.75348339469067,-73.9223565198905,12,11.454545454545455,10,2,78.981964,1
-14784_8151,40.75731996988222,-73.92185787326875,32,15.75,19,7,79.26799,1
-14784_8152,40.76185130431234,-73.92267188500988,51,17.9375,23,12,82.03458,1
-14784_8153,40.76742569798554,-73.92222894851633,39,15.08108108108108,19,4,77.55955,1
-14784_8154,40.77112204159146,-73.92168674200353,15,18.6,9,2,76.65841,1
-14784_8155,40.77679666355667,-73.92130621615733,3,17.0,3,0,68.637505,0
-14784_8158,40.794827213161,-73.921696544711,1,50.0,1,0,29.18801,0
-14784_8160,40.803002914439,-73.920377513853,2,21.0,1,2,39.76106,1
-14784_8161,40.80922794878,-73.9232196333705,18,15.75,12,1,58.683342,1
-14784_8162,40.81179402224188,-73.92293864928362,8,14.428571428571429,6,0,61.738266,0
-14784_8163,40.81732654887405,-73.92245550892676,21,14.619047619047619,15,1,65.69965,1
-14784_8164,40.823961697978,-73.924299768192,1,18.0,1,0,73.22509,0
-14784_8165,40.827222494370666,-73.92301114023586,15,17.307692307692307,11,2,77.28486,1
-14784_8166,40.8314230613,-73.92192794507,2,11.0,2,0,68.88538,0
-14784_8167,40.83633223738293,-73.92210985092767,15,13.4,11,1,59.592575,1
-14784_8168,40.84139355473522,-73.92250371495145,9,16.5,7,0,50.89491,0
-14784_8169,40.84600107025,-73.9209583710145,2,14.5,2,0,33.95482,0
-14784_8170,40.85268259151,-73.92017864847,1,12.0,1,0,37.556377,0
-14784_8172,40.86237080680853,-73.92294473190039,15,18.285714285714285,9,1,61.221706,1
-14784_8173,40.86720179814264,-73.92163531340515,33,15.636363636363637,17,5,63.189377,1
-14785_8117,40.58580351486,-73.92856707881899,2,2.0,2,1,75.49617,1
-14785_8118,40.593220087408,-73.92557595790075,4,14.25,3,2,72.32779,1
-14785_8122,40.6133004288064,-73.926249699728,5,18.8,4,2,71.08434,1
-14785_8123,40.61817878792844,-73.92889328613455,9,14.333333333333334,7,1,63.06647,1
-14785_8124,40.620414326792,-73.927045803626,1,30.0,1,0,53.122757,0
-14785_8125,40.6266444203314,-73.927882667909,5,13.0,3,0,32.273346,0
-14785_8126,40.6322890064789,-73.9286612376324,10,16.0,9,1,15.110665,1
-14785_8127,40.637786136843,-73.92803562299221,5,11.2,3,1,8.5915365,1
-14785_8128,40.643594080586,-73.92859565337034,6,15.2,3,0,5.18303,0
-14785_8129,40.645208697007334,-73.92969177638066,6,11.333333333333334,4,0,5.0388284,0
-14785_8130,40.652211829371666,-73.92721951974812,9,24.0,4,0,6.145346,0
-14785_8131,40.656803787209,-73.927840208109,2,7.0,2,0,7.9699016,0
-14785_8132,40.662699074794,-73.92633856190866,3,12.666666666666666,2,0,21.770979,0
-14785_8134,40.6704028557935,-73.9279642289455,2,12.5,2,1,42.05253,1
-14785_8135,40.67928302117,-73.92923809585,1,5.0,1,1,69.67049,1
-14785_8136,40.68296616683688,-73.92851111511096,24,13.5,15,6,79.835526,1
-14785_8137,40.686009868908286,-73.92891309699529,7,9.333333333333334,5,3,81.259315,1
-14785_8138,40.69290539670056,-73.92796620594088,16,19.75,7,5,82.08906,1
-14785_8139,40.69835634194969,-73.92737158358854,13,16.923076923076923,8,3,84.02971,1
-14785_8140,40.70231257007009,-73.92754663197452,42,17.536585365853657,16,10,81.79838,1
-14785_8141,40.7069643972316,-73.92802337701701,5,12.0,5,0,82.08893,0
-14785_8145,40.727627457567,-73.926108972301,1,7.0,1,1,72.05551,1
-14785_8147,40.73800525234367,-73.92875568684667,3,32.333333333333336,3,0,71.75256,0
-14785_8148,40.743234307078524,-73.92670562484076,21,16.75,14,3,69.83053,1
-14785_8149,40.7466058304668,-73.9269366635506,5,12.8,2,4,73.453835,1
-14785_8150,40.753154845794,-73.927809425352,1,31.0,1,0,78.45234,0
-14785_8151,40.75704153505777,-73.92789403312473,44,19.204545454545453,20,4,75.83105,1
-14785_8152,40.762388720325575,-73.92644685365796,28,16.653846153846153,20,1,81.04555,1
-14785_8153,40.7678871558535,-73.92753075295175,4,16.25,4,0,76.512924,0
-14785_8154,40.77207137580134,-73.92727159717894,15,18.266666666666666,12,3,76.13926,1
-14785_8157,40.789584594818,-73.929972684155,1,12.0,1,1,34.788548,1
-14785_8161,40.807089581169926,-73.92730889941608,13,16.76923076923077,6,6,63.163177,1
-14785_8162,40.8113615072535,-73.92787880609713,8,13.0,7,1,65.32639,1
-14785_8163,40.819198059601916,-73.92753017602446,13,16.076923076923077,9,3,76.33919,1
-14785_8164,40.823925670663,-73.928032247651,1,10.0,1,0,80.86898,0
-14785_8165,40.828608881574134,-73.92781693203129,60,6.833333333333333,12,46,85.46285,1
-14785_8166,40.834040121864,-73.92816581780666,3,7.666666666666667,3,0,74.69045,0
-14785_8167,40.83638560512167,-73.92760070799933,3,16.0,3,0,66.96217,0
-14785_8168,40.840592744733,-73.925321633436,2,15.5,2,1,53.764217,1
-14785_8170,40.85212154619887,-73.92892835900862,8,9.0,4,0,53.312447,0
-14785_8171,40.85564762322012,-73.92912745459824,8,22.5,6,0,59.837902,0
-14785_8172,40.86270184643619,-73.92667219791562,37,15.45945945945946,15,0,62.932472,0
-14785_8173,40.86593204138587,-73.9274905698732,15,15.466666666666667,8,3,63.551376,1
-14786_8115,40.578489686498,-73.934899899994,2,10.0,2,0,69.87868,0
-14786_8117,40.586124896517,-73.93119673473251,2,6.0,2,1,74.74423,1
-14786_8118,40.59435177089,-73.930156614832,1,0.0,1,0,71.08157,0
-14786_8119,40.597266578802504,-73.9321880421555,2,2.0,2,1,63.940746,1
-14786_8120,40.60102781234,-73.9341460986016,5,8.6,5,1,59.821404,1
-14786_8121,40.609183086322204,-73.9322018358082,5,13.4,4,2,70.11464,1
-14786_8123,40.618235545928464,-73.93185162165679,15,12.2,11,3,60.494007,1
-14786_8124,40.620293883676,-73.934392493999,2,26.5,1,0,52.759254,0
-14786_8126,40.633290513253,-73.93373055051534,3,16.666666666666668,2,1,13.487068,1
-14786_8127,40.635470642596,-73.933482180256,1,9.0,1,1,12.065892,1
-14786_8128,40.641910973140995,-73.932964065509,2,27.0,2,0,7.335934,0
-14786_8129,40.649628993124,-73.9301543833455,2,32.5,2,0,5.357258,0
-14786_8130,40.651630517224234,-73.93173760770746,30,13.827586206896552,8,0,6.4721465,0
-14786_8131,40.65677092051315,-73.93081492643128,7,8.142857142857142,4,0,9.010653,0
-14786_8132,40.66229539999262,-73.93171911928447,13,16.0,3,0,23.155691,0
-14786_8133,40.66769389640081,-73.931356276784,21,12.904761904761905,11,2,36.143665,1
-14786_8134,40.67136193802745,-73.93166870027795,22,14.5,10,2,46.06395,1
-14786_8135,40.676745496523665,-73.932319647822,6,9.5,5,2,65.28338,1
-14786_8136,40.682859535322834,-73.93396653617233,6,13.333333333333334,5,2,80.09981,1
-14786_8137,40.6895121188585,-73.9303684633875,2,13.0,2,1,81.93067,1
-14786_8138,40.69394499931625,-73.9310548443085,8,14.375,6,3,83.995285,1
-14786_8139,40.696962478828716,-73.93356862243995,21,19.857142857142858,12,9,84.40419,1
-14786_8140,40.703535426140604,-73.932314909464,23,16.47826086956522,14,4,83.18324,1
-14786_8141,40.706049942481634,-73.93278619952791,11,13.636363636363637,6,4,83.66391,1
-14786_8142,40.71400756196625,-73.9333755478535,4,18.25,3,2,77.55615,1
-14786_8143,40.71547016759,-73.933939522,1,46.0,1,0,79.23557,0
-14786_8145,40.725719072175,-73.933835519028,1,13.0,1,1,78.685715,1
-14786_8147,40.73596885581534,-73.93369058247633,3,17.333333333333332,3,1,71.38679,1
-14786_8148,40.743911139357664,-73.932653541259,6,11.833333333333334,5,2,76.55191,1
-14786_8149,40.745909100298,-73.93304126964449,2,5.5,2,1,75.65857,1
-14786_8150,40.75375294208141,-73.93304868637934,12,15.916666666666666,8,4,78.44157,1
-14786_8151,40.757186569739616,-73.93141489297601,13,17.923076923076923,10,0,76.19182,0
-14786_8152,40.763442094620835,-73.932127726713,6,12.833333333333334,5,0,77.29546,0
-14786_8153,40.766620890045836,-73.93158866678009,12,13.363636363636363,6,3,76.3852,1
-14786_8154,40.772060318461,-73.9327820173925,4,19.25,4,1,72.56298,1
-14786_8158,40.793921210763,-73.934468118242,1,9.0,1,0,45.155388,0
-14786_8159,40.79721046006846,-73.93370862762384,13,16.583333333333332,9,2,42.79253,1
-14786_8160,40.802419977460396,-73.9343369118238,5,10.0,4,0,62.76968,0
-14786_8161,40.8084084609045,-73.93059218968101,4,11.0,3,1,65.31485,1
-14786_8164,40.821590801141305,-73.93084828470039,10,5.1,9,0,82.07776,0
-14786_8169,40.848368678579654,-73.933247713323,23,16.772727272727273,11,1,58.885162,1
-14786_8170,40.85252395912556,-73.93229811128968,32,15.161290322580646,14,3,59.100063,1
-14786_8171,40.85674543578883,-73.932606311581,6,12.4,4,3,65.15607,1
-14786_8173,40.866974912946,-73.93084538724867,3,28.333333333333332,3,1,62.765163,1
-14787_8115,40.578384675327,-73.938582667448,1,0.0,1,0,67.59447,0
-14787_8116,40.583916487585,-73.938028533869,2,5.0,1,2,64.353615,1
-14787_8118,40.591569671401665,-73.93851162595467,3,22.666666666666668,3,0,63.159485,0
-14787_8119,40.598764010027,-73.937253096144,1,22.0,1,0,57.40772,0
-14787_8120,40.601227279772004,-73.93695906975549,2,6.0,2,0,59.281178,0
-14787_8122,40.6134652763576,-73.9386244505182,5,20.6,4,1,61.414043,1
-14787_8124,40.621825913682,-73.9366384066122,5,12.6,5,0,43.49206,0
-14787_8125,40.625495540498,-73.9399224771725,2,13.0,2,0,25.573305,0
-14787_8126,40.6346003152085,-73.93796147067249,2,23.5,2,0,14.663466,0
-14787_8127,40.636919302564,-73.937310759686,1,2.0,1,0,12.11894,0
-14787_8128,40.6416211790624,-73.9374295576896,5,44.5,4,0,9.716101,0
-14787_8130,40.65140151299375,-73.93741422331274,4,14.75,3,0,12.32047,0
-14787_8131,40.656040734472,-73.939703847695,1,53.0,1,0,16.211168,0
-14787_8132,40.6625405480184,-73.93901020725801,5,7.8,4,0,30.68597,0
-14787_8133,40.666974398364665,-73.93685224485,3,14.666666666666666,1,0,35.151566,0
-14787_8134,40.671350215789,-73.93804149890386,7,12.0,4,0,50.56637,0
-14787_8135,40.67880377073975,-73.93826001001075,4,18.75,4,1,73.29493,1
-14787_8136,40.68371096784838,-73.93708857755725,16,19.625,11,3,78.264275,1
-14787_8137,40.68751630483266,-73.9385424469875,6,9.666666666666666,5,2,79.31364,1
-14787_8138,40.691733735643,-73.93828855745,4,15.25,3,0,80.28232,0
-14787_8139,40.69778101092629,-73.9367496375762,24,20.375,14,3,81.86298,1
-14787_8140,40.702292385974,-73.9366164502648,5,10.8,5,0,80.04994,0
-14787_8141,40.7081295270055,-73.93841305271887,16,13.1875,7,9,81.60858,1
-14787_8142,40.71271706904683,-73.93620003313758,12,18.5,8,5,79.997734,1
-14787_8143,40.71915627986,-73.93867971749,1,6.0,1,1,83.250145,1
-14787_8144,40.72160175308,-73.938464608393,1,9.0,1,0,82.9663,0
-14787_8146,40.734386312814,-73.93742528342699,4,12.0,4,1,76.34774,1
-14787_8147,40.736084750642995,-73.936385965919,3,12.666666666666666,2,2,69.584915,1
-14787_8148,40.743206972648196,-73.9360909003664,10,17.1,5,5,77.344955,1
-14787_8149,40.7484860684053,-73.9385253972612,20,17.176470588235293,12,4,77.30235,1
-14787_8150,40.751823309210735,-73.93814478353274,19,16.0,13,6,77.996315,1
-14787_8151,40.758250055681664,-73.9363460747755,6,16.166666666666668,5,2,75.7838,1
-14787_8152,40.76262012521,-73.939649104303,3,5.333333333333333,2,0,68.21549,0
-14787_8153,40.7672972852225,-73.93729399846049,2,4.0,2,1,69.83999,1
-14787_8158,40.7925361702321,-73.939395930744,10,15.9,10,1,63.335342,1
-14787_8159,40.79727680511543,-73.93767050785314,42,13.384615384615385,18,5,64.01578,1
-14787_8160,40.80341666024729,-73.93691065200686,21,12.666666666666666,15,2,67.57173,1
-14787_8161,40.806716838626,-73.9387369019915,4,22.5,3,0,70.2343,0
-14787_8162,40.8142206122332,-73.9370484554876,5,23.4,4,2,76.251945,1
-14787_8163,40.81729324150364,-73.93855312507664,11,16.363636363636363,7,2,76.13841,1
-14787_8164,40.82165182254833,-73.93801806539811,9,14.75,8,0,81.034515,0
-14787_8165,40.827787875011,-73.93805959861041,5,23.6,5,0,83.424805,0
-14787_8167,40.838344723804,-73.93835842818015,13,15.916666666666666,11,0,73.31336,0
-14787_8168,40.8425049365536,-73.93818427943056,38,13.891891891891891,18,2,65.489944,1
-14787_8169,40.847663241101316,-73.93726223646229,38,15.45945945945946,16,3,64.34929,1
-14787_8170,40.85155967281345,-73.9378879215837,20,15.1,13,3,62.932987,1
-14787_8171,40.85525036382183,-73.9372632385135,6,17.0,5,2,60.638176,1
-14788_8115,40.57783851978,-73.94404772578,1,10.0,1,1,62.597973,1
-14788_8116,40.58371190423233,-73.94312234523566,3,16.0,3,1,60.672615,1
-14788_8118,40.59292112943111,-73.94041238576922,9,15.555555555555555,9,1,59.65345,1
-14788_8119,40.598350424665874,-73.94150215696938,8,9.625,5,1,55.79734,1
-14788_8120,40.60057326396325,-73.94269079784287,8,14.5,6,1,53.400433,1
-14788_8121,40.6069580283782,-73.943042938052,5,13.25,5,1,59.43074,1
-14788_8122,40.61143362593875,-73.9432270910695,4,21.75,4,1,54.565334,1
-14788_8123,40.61627091207367,-73.94381005995267,3,4.666666666666667,3,0,45.51553,0
-14788_8125,40.628370847924,-73.94290012501276,4,12.5,4,0,23.778334,0
-14788_8128,40.643600235653,-73.942810453286,1,11.0,1,0,18.785427,0
-14788_8130,40.6510462865858,-73.942848008401,5,24.2,4,0,19.878002,0
-14788_8131,40.6558523176856,-73.9426694424292,5,12.0,4,0,25.746452,0
-14788_8132,40.663353308398,-73.94243899636733,3,21.0,2,0,38.381123,0
-14788_8133,40.667437465148446,-73.94227405907743,9,17.444444444444443,3,0,43.896885,0
-14788_8134,40.671238424116126,-73.94207379393188,8,16.0,6,0,58.05624,0
-14788_8135,40.67872356378585,-73.94171443604962,13,13.384615384615385,9,1,77.63311,1
-14788_8136,40.682873442779886,-73.94296496990839,26,9.625,15,7,79.78458,1
-14788_8137,40.68697464253858,-73.94430494861543,12,14.916666666666666,8,2,79.961815,1
-14788_8138,40.69247993529237,-73.94172884118983,11,15.0,10,0,81.49461,0
-14788_8139,40.69899023415789,-73.94118756219189,9,14.333333333333334,9,1,78.93318,1
-14788_8140,40.70197349567685,-73.94234850541241,34,16.5,20,3,75.596985,1
-14788_8141,40.707174144206185,-73.94302835230118,27,13.851851851851851,15,3,77.16025,1
-14788_8142,40.71272592574445,-73.94285170816333,51,20.28,23,8,79.99224,1
-14788_8143,40.71680705693831,-73.94394315564591,23,11.347826086956522,12,4,83.66156,1
-14788_8144,40.722555329993384,-73.94272551079592,13,16.76923076923077,10,3,82.9672,1
-14788_8145,40.72577132881057,-73.94280408747929,7,18.714285714285715,7,1,81.511986,1
-14788_8147,40.738763488277,-73.941245336156,1,31.0,1,0,75.77659,0
-14788_8148,40.743368602494,-73.94186798594068,3,8.0,2,2,77.68285,1
-14788_8149,40.74819451222785,-73.94150681693003,52,13.28,18,5,76.306335,1
-14788_8150,40.752432960825466,-73.94090383487087,15,18.933333333333334,10,4,76.40203,1
-14788_8151,40.757590577678,-73.94238400638922,14,18.357142857142858,9,5,73.21143,1
-14788_8152,40.761935939750664,-73.94176268327134,3,37.666666666666664,3,0,70.89771,0
-14788_8155,40.777954538093,-73.943994470935,1,9.0,1,1,64.04788,1
-14788_8156,40.784550076146,-73.94377946042,1,23.0,1,1,72.622185,1
-14788_8157,40.78863351429945,-73.94227972235166,9,14.444444444444445,7,0,65.63025,0
-14788_8158,40.79299120555267,-73.9425861497507,39,15.710526315789474,17,5,66.71765,1
-14788_8159,40.79789126030353,-73.94185649269069,32,14.46875,14,0,69.15032,0
-14788_8160,40.800933914518204,-73.94243060151021,5,17.0,4,0,71.37971,0
-14788_8161,40.80732117202539,-73.94326890333764,33,18.71875,19,4,74.6867,1
-14788_8162,40.812219047153945,-73.94273681182788,17,27.058823529411764,11,0,74.65575,0
-14788_8163,40.81675561520412,-73.94180077400887,8,19.375,6,2,79.38593,1
-14788_8164,40.8225423620995,-73.9433147480766,10,19.4,7,1,82.636925,1
-14788_8165,40.82612053311967,-73.94325641380989,9,15.11111111111111,7,2,79.84465,1
-14788_8166,40.83397536050163,-73.94276753278317,19,10.68421052631579,11,2,73.78352,1
-14788_8167,40.837152839867194,-73.94175356075313,30,19.3,18,4,72.255394,1
-14788_8168,40.842368290212335,-73.94137396000333,6,14.833333333333334,3,3,66.7158,1
-14788_8170,40.850979340726994,-73.9402873442755,2,10.5,2,1,62.932987,1
-14789_8116,40.5836921492521,-73.94772936065,10,16.6,9,0,50.33245,0
-14789_8117,40.5869888226228,-73.9481415335218,5,20.5,4,0,41.414284,0
-14789_8118,40.59257731663943,-73.94836122694042,7,9.428571428571429,7,1,46.768047,1
-14789_8119,40.599749302773,-73.948048034647,4,16.25,4,0,47.927956,0
-14789_8124,40.623093849261835,-73.94636915228101,6,11.5,4,0,24.805176,0
-14789_8125,40.6276837822493,-73.9473795572918,10,15.3,7,1,27.724562,1
-14789_8126,40.6327730257555,-73.94789121517867,30,12.931034482758621,15,2,24.969198,1
-14789_8127,40.638389106933495,-73.94824663792517,6,9.166666666666666,5,0,23.924906,0
-14789_8128,40.64192064958878,-73.94865672474937,14,21.153846153846153,8,0,23.979256,0
-14789_8129,40.6466653391864,-73.9492315329651,10,7.2,6,2,31.788004,1
-14789_8130,40.651547687147236,-73.9484880589796,30,13.655172413793103,15,2,31.926334,1
-14789_8131,40.659472837976,-73.947579646485,1,13.0,1,0,45.13656,0
-14789_8132,40.664043440817,-73.948787155466,1,9.0,1,0,52.088726,0
-14789_8134,40.6720544950425,-73.949736289637,2,18.0,2,0,76.72286,0
-14789_8135,40.67749955155457,-73.94975431514328,21,15.047619047619047,15,2,77.64952,1
-14789_8136,40.68082749343816,-73.94895982399517,25,15.304347826086957,16,2,82.73094,1
-14789_8137,40.687676806968,-73.9476114704095,2,8.5,2,0,80.39412,0
-14789_8138,40.6928348991444,-73.9460791528336,5,9.0,5,1,77.59412,1
-14789_8139,40.698141020391205,-73.9483086287983,10,12.6,7,3,65.769135,1
-14789_8140,40.70111134295,-73.94665507797126,4,19.0,4,0,62.73138,0
-14789_8141,40.707376641338,-73.94714940565919,5,12.2,4,2,75.03563,1
-14789_8142,40.712265209163405,-73.94794712539698,42,16.3,20,7,74.88027,1
-14789_8143,40.71750928960159,-73.94791937797689,17,12.0,9,8,81.01514,1
-14789_8144,40.72367905151311,-73.94795968215195,18,14.277777777777779,13,4,83.80984,1
-14789_8145,40.72571773362861,-73.946685329837,13,10.692307692307692,8,4,84.5241,1
-14789_8148,40.744363136538496,-73.94911944449075,4,16.25,4,1,75.186005,1
-14789_8149,40.747366976887804,-73.94707397519605,25,11.166666666666666,11,9,75.91179,1
-14789_8150,40.75170011026263,-73.94810955836246,11,19.727272727272727,7,5,75.76059,1
-14789_8151,40.7554412789185,-73.94526595989649,2,7.0,2,0,74.54304,0
-14789_8152,40.7623295252946,-73.9494520297836,5,16.4,4,1,73.465996,1
-14789_8154,40.773862334183,-73.94867606029186,7,13.0,6,0,68.2641,0
-14789_8155,40.77779810033674,-73.94792086461332,30,12.0,15,7,71.19014,1
-14789_8156,40.781934851021845,-73.948002041189,32,16.870967741935484,16,4,74.29251,1
-14789_8157,40.788742403781434,-73.9482999394183,16,13.75,14,2,72.04339,1
-14789_8158,40.791527582677006,-73.94635842868885,28,18.75,14,4,68.746925,1
-14789_8159,40.797142210059626,-73.94795252938162,8,13.333333333333334,6,1,68.89286,1
-14789_8160,40.80271381379894,-73.94779043593476,17,19.8125,14,2,73.60457,1
-14789_8161,40.807741401380056,-73.94712011400777,17,21.625,16,1,76.5879,1
-14789_8162,40.81377902406334,-73.94792365660668,3,8.333333333333334,3,1,78.39253,1
-14789_8163,40.817282398713,-73.946284298415,4,23.0,3,0,79.77427,0
-14789_8164,40.82391591429229,-73.947614952481,17,19.176470588235293,11,4,80.90832,1
-14789_8165,40.827551292426264,-73.94771315949414,34,16.838709677419356,21,7,78.298416,1
-14789_8166,40.83281932731034,-73.94600125756233,6,16.333333333333332,4,0,76.01254,0
-14790_8115,40.57705832730633,-73.95269869143367,3,12.0,2,0,39.15608,0
-14790_8116,40.58376904676114,-73.95139991400629,7,14.571428571428571,6,1,38.15254,1
-14790_8117,40.58672739769718,-73.95273306343132,33,12.333333333333334,18,3,36.181793,1
-14790_8118,40.59355898530233,-73.95031050413267,3,12.666666666666666,3,0,42.792637,0
-14790_8119,40.598803055035454,-73.95225126060164,22,19.363636363636363,14,3,47.667557,1
-14790_8122,40.61033091313467,-73.95448842842184,6,8.0,6,0,27.259768,0
-14790_8126,40.632942072533496,-73.9513654920855,2,20.0,2,0,30.784899,0
-14790_8127,40.63764476786914,-73.95253979646135,14,36.357142857142854,9,1,32.091938,1
-14790_8128,40.642745004769004,-73.951216626895,3,18.333333333333332,3,0,31.603674,0
-14790_8129,40.647878154046,-73.9521798236225,2,21.0,2,1,35.05306,1
-14790_8130,40.651547063642,-73.95200008607672,14,13.692307692307692,9,0,40.500374,0
-14790_8131,40.657167516887846,-73.95125607398337,27,14.666666666666666,14,1,48.013042,1
-14790_8132,40.66238475206539,-73.95183673512462,28,10.518518518518519,13,6,56.488777,1
-14790_8133,40.66760503780947,-73.95187572280506,19,13.157894736842104,12,4,68.288956,1
-14790_8134,40.672725394210026,-73.95106111240537,36,19.97222222222222,19,2,78.08563,1
-14790_8135,40.6756374077945,-73.9520408567015,2,17.0,2,0,80.76042,0
-14790_8136,40.68159209045197,-73.95239655375153,32,19.35483870967742,15,4,87.41922,1
-14790_8137,40.687796650445215,-73.95278647123187,23,16.52173913043478,14,4,84.00829,1
-14790_8138,40.69246637843615,-73.9524300296827,7,10.428571428571429,5,3,71.26375,1
-14790_8139,40.699892295057,-73.953696746066,1,13.0,1,0,44.49804,0
-14790_8140,40.704040081324,-73.954790284367,1,21.0,1,0,31.523636,0
-14790_8141,40.70751045254773,-73.9518317446862,15,17.266666666666666,9,1,32.24888,1
-14790_8142,40.712414538175395,-73.95176063265461,43,15.13953488372093,21,9,67.43777,1
-14790_8143,40.7175652899569,-73.95251725508913,31,18.3,19,4,80.36891,1
-14790_8144,40.72375505151317,-73.95180618303516,53,15.132075471698114,23,9,83.797264,1
-14790_8145,40.72711573600614,-73.95270275335811,29,13.481481481481481,18,4,81.69595,1
-14790_8146,40.73213797939008,-73.9540592592562,37,14.93939393939394,18,6,76.466866,1
-14790_8147,40.736850073375,-73.9524242508175,2,23.5,2,0,76.525986,0
-14790_8148,40.74360298120241,-73.95308064395876,37,15.675675675675675,20,3,71.41264,1
-14790_8149,40.74716724466094,-73.95225345966841,17,13.823529411764707,10,6,72.34122,1
-14790_8150,40.752310612511,-73.950733025978,1,2.0,1,0,73.62642,0
-14790_8151,40.75895446494733,-73.952196021375,3,9.333333333333334,3,0,74.804794,0
-14790_8152,40.760940168458,-73.950806033239,2,10.5,2,0,74.64871,0
-14790_8153,40.76838590656303,-73.95351601756678,33,11.696969696969697,15,6,78.65115,1
-14790_8154,40.773114906603986,-73.95286881101042,56,15.535714285714286,20,7,75.05648,1
-14790_8155,40.77742957208743,-73.95250086345027,93,14.415730337078651,30,17,76.36579,1
-14790_8156,40.78199547032704,-73.95223588475675,52,13.72,23,8,75.15468,1
-14790_8157,40.78732662958508,-73.95269589652513,24,13.666666666666666,13,6,73.913086,1
-14790_8158,40.792471470061,-73.9510701159336,5,16.0,5,1,71.18995,1
-14790_8159,40.798981358591995,-73.952547613511,3,15.666666666666666,3,0,75.180374,0
-14790_8160,40.802695875873546,-73.95224661880324,20,15.052631578947368,12,1,78.16474,1
-14790_8161,40.80743462124717,-73.95232781752325,12,13.083333333333334,7,4,80.13164,1
-14790_8162,40.81116269532291,-73.95236308539609,12,15.916666666666666,9,0,82.98757,0
-14790_8163,40.818015862293166,-73.95290490508067,12,7.9,10,1,79.80923,1
-14790_8164,40.8226418129524,-73.95241618272829,35,16.606060606060606,19,4,77.99507,1
-14790_8165,40.82605042420527,-73.95090388511936,11,20.636363636363637,6,3,79.3755,1
-14791_8115,40.57836943810109,-73.95855540389174,11,26.77777777777778,10,1,34.272976,1
-14791_8116,40.58195003142733,-73.958725314441,3,5.666666666666667,3,0,34.739323,0
-14791_8117,40.58771430946123,-73.95602185787067,9,16.857142857142858,5,0,34.003654,0
-14791_8118,40.593635028635,-73.9573957154075,4,11.25,4,1,39.77118,1
-14791_8119,40.59868345295013,-73.95759487692575,24,16.52173913043478,11,1,43.22892,1
-14791_8121,40.60884175125137,-73.95785164337785,19,15.157894736842104,13,0,25.578346,0
-14791_8122,40.610021071838,-73.95650012319899,2,12.0,2,0,24.429499,0
-14791_8123,40.618325327790465,-73.9574698772818,15,17.428571428571427,7,0,21.390917,0
-14791_8128,40.642365777200105,-73.95695253058389,19,16.94736842105263,8,0,37.441967,0
-14791_8129,40.647163230245226,-73.95785539116439,18,11.11111111111111,9,2,42.621574,1
-14791_8130,40.651907555081394,-73.9586654708022,38,11.472222222222221,16,1,45.567654,1
-14791_8131,40.656093079475696,-73.9595013575142,10,11.0,9,0,49.863518,0
-14791_8132,40.664178670743496,-73.957279289267,2,18.5,2,0,65.16295,0
-14791_8133,40.66809128221264,-73.95763134112401,14,20.083333333333332,9,1,76.49987,1
-14791_8134,40.6725112826306,-73.95732449658979,35,14.82857142857143,19,8,83.70766,1
-14791_8135,40.67657175876619,-73.95705117813688,16,12.0625,9,7,87.117455,1
-14791_8136,40.68155906840473,-73.95660110562467,15,14.2,9,5,88.55429,1
-14791_8137,40.687987663423684,-73.95713415737052,19,8.052631578947368,11,6,87.176796,1
-14791_8138,40.69240689028419,-73.95707001036038,16,24.875,10,3,71.12282,1
-14791_8139,40.6963930313385,-73.95814033211201,2,37.5,1,0,51.11992,0
-14791_8140,40.7013471798005,-73.95768453557,2,22.0,1,0,30.746708,0
-14791_8141,40.70842650005668,-73.95748937964191,22,17.047619047619047,14,3,28.457033,1
-14791_8142,40.713023510946655,-73.95753839982483,66,17.338461538461537,28,12,45.354877,1
-14791_8143,40.71775095267082,-73.95784341201177,94,15.076086956521738,35,14,74.45056,1
-14791_8144,40.72163414955288,-73.95761250984296,31,14.870967741935484,12,18,81.03479,1
-14791_8145,40.728783041293994,-73.95775483199975,28,14.296296296296296,12,10,77.75901,1
-14791_8146,40.732299543963265,-73.9571142153844,30,14.25,17,5,75.41186,1
-14791_8147,40.73687827803907,-73.95631311832192,14,11.307692307692308,7,3,73.744545,1
-14791_8148,40.74339276316208,-73.95673694572,13,13.454545454545455,10,2,70.92337,1
-14791_8149,40.746938554701124,-73.9561230082885,8,14.625,8,1,69.468056,1
-14791_8151,40.756380293519,-73.95549818625301,2,18.0,1,2,86.102005,1
-14791_8152,40.76332840073346,-73.95852140325259,22,9.571428571428571,14,7,89.713646,1
-14791_8153,40.767480376118165,-73.95737318875943,71,15.470588235294118,29,9,83.6711,1
-14791_8154,40.77256216031907,-73.95756796153468,70,14.808823529411764,21,15,78.02283,1
-14791_8155,40.77724777222034,-73.9565339685598,59,12.25,23,11,77.52764,1
-14791_8156,40.78350446903319,-73.95680342234625,16,14.2,10,3,74.74101,1
-14791_8157,40.78519564934875,-73.9560719738835,4,18.5,3,0,74.77251,0
-14791_8160,40.8031638446077,-73.9563466612894,10,15.5,5,4,82.49616,1
-14791_8161,40.80790730610627,-73.958881197363,11,16.727272727272727,6,5,84.22213,1
-14791_8162,40.8131878508937,-73.95785149046027,30,17.433333333333334,19,2,81.555466,1
-14791_8163,40.81627935640154,-73.95866919034923,13,10.538461538461538,8,5,79.56182,1
-14791_8164,40.82010596321933,-73.95757984410034,3,24.666666666666668,3,1,79.246414,1
-14792_8115,40.577222347309004,-73.96256872081452,21,13.0,12,1,37.201294,1
-14792_8116,40.581870886247565,-73.96190522549458,7,11.333333333333334,6,1,36.380955,1
-14792_8117,40.588088578203376,-73.96046724562525,8,17.125,6,0,29.785963,0
-14792_8118,40.5930307505318,-73.9607953007706,10,15.8,8,0,38.354736,0
-14792_8119,40.59794034530376,-73.96199394971615,21,14.7,16,0,35.69875,0
-14792_8121,40.60760990406417,-73.96234054566783,24,13.541666666666666,12,0,35.727757,0
-14792_8122,40.611677853652125,-73.962694365051,16,17.625,8,2,27.223515,1
-14792_8123,40.617714099843624,-73.96256805528313,8,24.625,5,0,24.697552,0
-14792_8124,40.624286043433,-73.96373559193253,15,11.666666666666666,5,0,22.778713,0
-14792_8125,40.62512048076443,-73.96186399136799,7,17.833333333333332,4,0,25.52319,0
-14792_8126,40.633564936993,-73.96260078340767,9,12.222222222222221,6,3,42.39096,1
-14792_8127,40.6354165431534,-73.96242189742159,10,8.4,8,2,46.59943,1
-14792_8128,40.64151215386186,-73.96375094428542,7,17.666666666666668,7,0,43.467968,0
-14792_8129,40.649319604463535,-73.96331159301567,15,16.357142857142858,11,0,48.750687,0
-14792_8130,40.65170958340966,-73.96110018084767,3,4.666666666666667,3,0,47.169407,0
-14792_8131,40.65780214179764,-73.96042521498632,25,15.12,13,6,56.964325,1
-14792_8132,40.661249394372476,-73.960865991885,19,12.473684210526315,11,2,62.393196,1
-14792_8133,40.6683908095995,-73.9619609476205,2,8.5,1,2,78.85874,1
-14792_8134,40.673542584587,-73.9625860936965,22,20.61904761904762,14,6,86.91222,1
-14792_8135,40.67732906663883,-73.9633947732648,24,16.130434782608695,14,5,88.39185,1
-14792_8136,40.68256037870909,-73.96274836625757,21,14.238095238095237,11,6,90.13366,1
-14792_8137,40.68756854214411,-73.96284720443255,9,15.88888888888889,6,3,88.08802,1
-14792_8138,40.69313017350485,-73.96288491676245,20,9.65,15,3,76.588104,1
-14792_8139,40.698374324719,-73.960755472706,1,14.0,1,0,45.833908,0
-14792_8140,40.70354537192,-73.96045667137,1,75.0,1,0,16.68817,0
-14792_8141,40.708332654725886,-73.96259112180533,9,30.875,4,0,19.712816,0
-14792_8142,40.71301150791447,-73.96219290040138,76,16.608695652173914,30,18,39.094296,1
-14792_8143,40.71739899911682,-73.96228293637864,33,13.8125,16,4,57.66806,1
-14792_8144,40.72047210948675,-73.96174170321774,4,13.25,3,0,78.19109,0
-14792_8145,40.72963976099,-73.9600947524,1,12.0,1,0,76.33212,0
-14792_8146,40.73034790914,-73.96009071859,1,2.0,1,0,76.33212,0
-14792_8147,40.73507715224,-73.96012756711,1,10.0,1,0,75.25862,0
-14792_8148,40.74170996801951,-73.96039964870701,2,11.5,2,1,69.85759,1
-14792_8150,40.754869281426004,-73.96463710201166,3,9.0,2,1,97.99784,1
-14792_8151,40.75818857541664,-73.96321575531367,33,15.625,15,7,95.75197,1
-14792_8152,40.76206706676719,-73.96214495953139,37,19.914285714285715,16,7,95.39017,1
-14792_8153,40.767813140053,-73.96245906626447,30,15.0,13,3,90.55446,1
-14792_8154,40.77234131247446,-73.96252152354067,22,13.681818181818182,9,7,83.38479,1
-14792_8155,40.77672489351686,-73.96226760390765,14,14.214285714285714,9,4,78.81757,1
-14792_8156,40.78129896423,-73.9603236567,1,19.0,1,0,74.58963,0
-14792_8158,40.7944333915,-73.96268139317,1,13.0,1,0,78.70034,0
-14792_8159,40.79906180221987,-73.96278377070333,15,15.615384615384615,11,3,84.00353,1
-14792_8160,40.802176274349,-73.96325361206934,24,16.652173913043477,16,4,82.956085,1
-14792_8161,40.80769560096321,-73.96321330263932,19,12.210526315789474,8,4,82.819145,1
-14792_8162,40.81277765115489,-73.96145722010633,9,12.11111111111111,6,3,79.96247,1
-14792_8163,40.818089610455004,-73.9604371187655,2,12.0,2,0,75.61154,0
-14793_8115,40.57634344148177,-73.96679307417361,13,15.461538461538462,8,0,48.587227,0
-14793_8116,40.580616712524,-73.96624831561701,2,5.5,2,0,33.949615,0
-14793_8117,40.586545432467,-73.966167901117,1,10.0,1,1,33.288486,1
-14793_8118,40.591325022779,-73.969416782541,1,0.0,1,0,32.675014,0
-14793_8119,40.5984852362585,-73.966091605489,2,30.5,1,0,36.98585,0
-14793_8120,40.60456999456317,-73.96942209568333,6,6.75,2,0,35.76954,0
-14793_8121,40.606636064592855,-73.96607023596786,7,12.714285714285714,3,1,35.574383,1
-14793_8124,40.62410269359375,-73.96504737411401,4,17.666666666666668,2,0,22.778717,0
-14793_8125,40.628087201951004,-73.96610930817721,5,21.2,4,1,31.358124,1
-14793_8126,40.63264812061467,-73.96684738935605,18,12.333333333333334,12,0,37.649426,0
-14793_8127,40.638727711899,-73.96841783841138,21,12.761904761904763,15,3,48.179394,1
-14793_8128,40.64091525531178,-73.96743421091227,18,11.117647058823529,12,1,45.28065,1
-14793_8129,40.6478079874456,-73.96828303255879,5,20.4,4,1,52.680542,1
-14793_8130,40.65218219887,-73.9687508935,1,5.0,1,1,54.972755,1
-14793_8134,40.673751285704334,-73.96769768039566,3,24.666666666666668,2,2,87.638176,1
-14793_8135,40.678608090775,-73.9683221062148,31,21.903225806451612,17,6,89.63859,1
-14793_8136,40.68184472533587,-73.96732530353053,23,15.318181818181818,13,9,90.68304,1
-14793_8137,40.688936433047665,-73.96820667862026,15,15.428571428571429,9,5,88.19753,1
-14793_8138,40.693111591512164,-73.96777601855536,25,12.88,15,8,83.44862,1
-14793_8139,40.6971061969698,-73.9676507508642,5,21.0,5,1,50.28292,1
-14793_8141,40.709907503807,-73.968525342757,1,31.0,1,0,25.098377,0
-14793_8142,40.71253351069642,-73.96673735612733,24,13.958333333333334,13,4,49.401302,1
-14793_8143,40.716392684097,-73.96604536972313,8,15.75,8,0,53.11235,0
-14793_8150,40.7538168484125,-73.96810793258776,32,15.862068965517242,17,5,98.780975,1
-14793_8151,40.757555772796664,-73.96826471987939,118,13.25,33,25,99.281876,1
-14793_8152,40.7623497739804,-73.96728999110331,71,15.32394366197183,25,19,98.97984,1
-14793_8153,40.766728172684,-73.96711191076994,35,16.705882352941178,14,13,97.59961,1
-14793_8154,40.7715212252592,-73.966014346333,5,14.4,3,0,88.03543,0
-14793_8158,40.79322076719176,-73.96773267906724,17,16.058823529411764,12,4,85.557625,1
-14793_8159,40.79815340591683,-73.96851357770815,35,15.441176470588236,18,4,81.15884,1
-14793_8160,40.801803815172384,-73.96666761815543,49,12.956521739130435,25,4,81.060326,1
-14793_8161,40.80581765746,-73.96549632409067,18,15.375,9,5,80.324844,1
-14794_8115,40.57872650387725,-73.97236009550925,4,8.333333333333334,3,0,58.46621,0
-14794_8116,40.58449723825,-73.97451420113,1,12.0,1,0,51.19115,0
-14794_8117,40.5880755704006,-73.9731317510016,5,26.6,4,2,35.74004,1
-14794_8118,40.590361289822,-73.97285623264543,7,22.0,7,1,33.584785,1
-14794_8119,40.5967655746265,-73.97373126409238,8,19.285714285714285,6,2,33.866547,1
-14794_8120,40.604287110330546,-73.97221686385681,11,12.5,7,2,37.54348,1
-14794_8121,40.608535763250856,-73.9723013845795,14,11.666666666666666,7,3,37.32475,1
-14794_8122,40.613384608035304,-73.9738911969578,10,20.333333333333332,7,2,32.692474,1
-14794_8123,40.616818953430496,-73.9707755977995,2,10.5,2,0,28.568548,0
-14794_8126,40.632791362339,-73.972849201261,1,12.0,1,0,30.228052,0
-14794_8127,40.63589340395,-73.97476111732,1,19.0,1,0,34.86851,0
-14794_8128,40.644409390379,-73.970293217944,1,7.0,1,0,50.978607,0
-14794_8129,40.6466950713038,-73.9718232409256,15,16.933333333333334,9,3,54.512554,1
-14794_8130,40.654875988718004,-73.97334474010734,3,13.0,3,0,57.913353,0
-14794_8131,40.655021472075,-73.973387929973,1,10.0,1,0,57.913353,0
-14794_8133,40.667384209409,-73.974507641408,1,13.0,1,0,79.24186,0
-14794_8134,40.674852165628,-73.972013655924,1,13.0,1,1,85.17992,1
-14794_8135,40.677411327075355,-73.97334205265743,42,15.365853658536585,27,4,87.28173,1
-14794_8136,40.680856070833066,-73.9743017638278,15,16.066666666666666,11,2,89.707016,1
-14794_8137,40.68788433152461,-73.97263838446695,33,14.32258064516129,19,3,90.093025,1
-14794_8138,40.69301427006228,-73.97174556545627,18,17.529411764705884,14,1,87.64905,1
-14794_8139,40.69729592267,-73.97286670874949,12,11.166666666666666,8,4,83.63819,1
-14794_8147,40.738668573941,-73.974142863599,2,4.5,2,1,96.13971,1
-14794_8148,40.74347758598433,-73.97363033471845,9,14.571428571428571,7,3,98.54902,1
-14794_8149,40.74799752113156,-73.97331154337571,18,13.944444444444445,13,2,99.367035,1
-14794_8150,40.75230668050415,-73.97306156512892,114,15.38888888888889,35,23,99.20198,1
-14794_8151,40.75764613103592,-73.97198056311296,128,11.992063492063492,36,41,99.69393,1
-14794_8152,40.76235900942633,-73.97284519505972,81,14.645569620253164,22,35,99.480835,1
-14794_8153,40.76591246346179,-73.97245793714207,14,17.5,5,9,99.36453,1
-14794_8155,40.779581885372,-73.973865131668,2,6.0,2,1,80.68559,1
-14794_8156,40.7843369780146,-73.97363431426216,20,16.894736842105264,14,0,81.71829,0
-14794_8157,40.787081228043576,-73.9727556061763,35,14.93939393939394,21,3,79.849106,1
-14794_8158,40.79247570163543,-73.97237196647936,53,10.96078431372549,25,7,83.076416,1
-14794_8159,40.7956116610918,-73.9710684430983,10,21.6,10,0,81.290085,0
-14795_8114,40.5737742650474,-73.9790441107632,10,22.11111111111111,6,3,78.95214,1
-14795_8115,40.576028894192945,-73.97794797468589,18,24.166666666666668,12,4,78.43017,1
-14795_8118,40.5926791483066,-73.9783925626214,5,13.4,4,0,33.393883,0
-14795_8119,40.596782476647064,-73.97772506730466,15,22.642857142857142,12,0,24.075743,0
-14795_8120,40.603993331821336,-73.978334856045,6,13.333333333333334,4,0,26.190958,0
-14795_8121,40.605107035521996,-73.979599761136,3,10.5,3,0,25.577772,0
-14795_8122,40.611961105384246,-73.978945454398,4,16.0,3,0,30.46996,0
-14795_8124,40.62405264927,-73.97587513267,1,20.0,1,0,22.189983,0
-14795_8125,40.6261630030705,-73.97622320375767,6,10.666666666666666,4,2,23.619732,1
-14795_8126,40.631136957209534,-73.97701822876792,13,10.615384615384615,8,2,25.328455,1
-14795_8127,40.6361332313972,-73.97708064076541,5,21.6,5,1,36.387608,1
-14795_8128,40.64310097500295,-73.97837759880515,20,20.473684210526315,11,3,48.865665,1
-14795_8129,40.648243211640334,-73.97834525237045,9,12.125,7,1,54.794754,1
-14795_8130,40.65262521286672,-73.97671374348258,7,15.0,6,2,57.513393,1
-14795_8131,40.658022624322,-73.9786992868735,2,10.5,2,0,68.83899,0
-14795_8132,40.662591943176665,-73.97966501781234,3,9.0,3,1,75.03027,1
-14795_8133,40.66918178485789,-73.9793049234759,9,11.333333333333334,8,1,80.981995,1
-14795_8134,40.67230955484418,-73.97730317439459,39,12.710526315789474,20,4,83.31894,1
-14795_8135,40.67773202516618,-73.97887307001068,22,20.5,14,4,83.87956,1
-14795_8136,40.68243004296517,-73.9767099783386,103,11.326732673267326,34,22,86.017105,1
-14795_8137,40.68780105742435,-73.9774800559567,37,14.571428571428571,22,7,87.82435,1
-14795_8139,40.697008822973665,-73.97569475491066,3,8.0,2,2,82.40556,1
-14795_8144,40.723689435091366,-73.97864745803669,19,14.0,11,6,97.198425,1
-14795_8145,40.72752868250075,-73.97871972592962,32,14.129032258064516,16,13,98.054436,1
-14795_8146,40.7341412147805,-73.97931053686183,6,15.333333333333334,4,2,98.60451,1
-14795_8147,40.737081318046314,-73.97880513713157,19,10.61111111111111,12,2,98.05735,1
-14795_8148,40.74321095328758,-73.97819445962381,45,16.023255813953487,22,8,99.434,1
-14795_8149,40.747491099694976,-73.9774296483232,79,16.22222222222222,29,8,99.727615,1
-14795_8150,40.75271432982551,-73.9773991375212,128,12.328,34,36,99.87658,1
-14795_8151,40.75742876112921,-73.97757577524763,150,15.224489795918368,30,42,99.897026,1
-14795_8152,40.7624240463709,-73.97733322329078,120,14.657894736842104,29,40,99.795235,1
-14795_8153,40.7657760296981,-73.97848907257315,20,13.894736842105264,8,11,99.309746,1
-14795_8154,40.774090776493665,-73.97950808467733,3,15.333333333333334,2,0,91.47209,0
-14795_8155,40.777569495021204,-73.97842604596393,48,14.46808510638298,18,7,79.25629,1
-14795_8156,40.783272233684,-73.97794203433207,65,18.725806451612904,30,9,80.491844,1
-14795_8157,40.78652512867543,-73.97664131609635,54,16.4,24,10,81.71829,1
-14795_8158,40.790056137747,-73.9751141447195,2,6.0,2,0,81.20578,0
-14796_8114,40.573734986859854,-73.98092203268472,7,43.714285714285715,5,3,81.06081,1
-14796_8115,40.57652120636191,-73.98189944454913,23,12.434782608695652,16,2,80.4721,1
-14796_8117,40.58803289614,-73.984181691305,2,7.5,2,1,40.43533,1
-14796_8118,40.5945170667685,-73.9815642121055,2,9.0,2,0,24.396158,0
-14796_8119,40.596162790750505,-73.98309650892483,6,9.833333333333334,5,1,23.785385,1
-14796_8120,40.604752128814,-73.980081242698,1,24.0,1,0,25.577772,0
-14796_8121,40.60532585860265,-73.98169961083985,14,21.076923076923077,10,2,23.742502,1
-14796_8122,40.61250002044662,-73.9825891697559,29,16.137931034482758,14,3,24.542583,1
-14796_8123,40.617931882254254,-73.98437898851276,4,12.333333333333334,4,0,18.659254,0
-14796_8124,40.6247732785,-73.98452778446,1,13.0,1,0,17.597126,0
-14796_8125,40.6275588194255,-73.9817243633335,2,23.5,1,0,21.131374,0
-14796_8126,40.633140580944996,-73.98332969269,2,22.5,1,0,24.5717,0
-14796_8127,40.63674572744425,-73.98251901041,4,11.75,1,0,29.734686,0
-14796_8128,40.6416055419718,-73.9818826490428,5,15.0,4,1,40.941235,1
-14796_8129,40.64708248049,-73.98187755779,1,0.0,1,0,49.28425,0
-14796_8131,40.65899755130335,-73.98177614506606,17,15.823529411764707,13,2,71.48801,1
-14796_8132,40.66252556006814,-73.98254884282572,35,12.484848484848484,18,6,77.49845,1
-14796_8133,40.66681627137934,-73.98202224048276,30,10.10344827586207,16,6,77.78853,1
-14796_8134,40.672702394345535,-73.98331589449184,43,15.976190476190476,22,9,80.25968,1
-14796_8135,40.67702651566185,-73.98226412504128,39,13.710526315789474,18,9,79.07973,1
-14796_8136,40.68299425351462,-73.98274391227599,8,10.0,7,1,86.24536,1
-14796_8137,40.687949975761875,-73.98243881631761,39,15.944444444444445,19,13,85.659775,1
-14796_8138,40.691479339725674,-73.98355501411292,68,13.703125,28,14,85.32689,1
-14796_8139,40.6953497207,-73.98417596594,1,13.0,1,1,87.327866,1
-14796_8140,40.70243600202819,-73.9830598322814,5,6.4,5,0,77.647285,0
-14796_8142,40.71452618060467,-73.98190965388066,6,19.5,5,1,93.08574,1
-14796_8143,40.7191829143088,-73.98413350078367,15,17.928571428571427,12,1,97.54344,1
-14796_8144,40.72277314312077,-73.98312040386716,61,12.982758620689655,20,14,98.010544,1
-14796_8145,40.72753213815568,-73.98332093808868,131,15.9453125,39,30,98.57223,1
-14796_8146,40.73140347492536,-73.98266228849498,61,17.033898305084747,25,11,98.49533,1
-14796_8147,40.73808430232596,-73.98298049921056,45,13.186046511627907,20,14,99.46263,1
-14796_8148,40.74236325665144,-73.98247696841563,117,16.504587155963304,34,26,99.463234,1
-14796_8149,40.747550749888326,-73.98325047078832,95,16.066666666666666,31,18,99.74168,1
-14796_8150,40.75223788320149,-73.98265334891366,169,17.914634146341463,39,43,99.8862,1
-14796_8151,40.75735127204002,-73.98230695932594,167,13.490683229813664,37,68,99.9196,1
-14796_8152,40.76246150134804,-73.98265830939582,151,13.468531468531468,32,61,99.67287,1
-14796_8153,40.76664870383727,-73.98255267605224,107,12.480392156862745,33,29,99.4439,1
-14796_8154,40.77262065187489,-73.98227590918903,36,11.314285714285715,15,10,89.30235,1
-14796_8155,40.77761579226572,-73.9815866027512,68,15.838235294117647,28,9,78.930374,1
-14796_8156,40.7810972215211,-73.98089221471525,31,11.448275862068966,15,11,81.009964,1
-14797_8114,40.57341134381567,-73.987346213474,6,4.833333333333333,2,5,81.88638,1
-14797_8115,40.57515862841,-73.98540324782,6,17.333333333333332,3,4,81.88638,1
-14797_8116,40.5821057737192,-73.9860864645182,5,7.4,5,1,80.93749,1
-14797_8117,40.5862478979725,-73.9882036422805,2,24.0,2,0,43.65719,0
-14797_8118,40.592791490104,-73.988377113181,1,12.0,1,0,22.760674,0
-14797_8119,40.59844077175978,-73.98776990591492,14,15.285714285714286,8,0,20.209023,0
-14797_8120,40.6023195170762,-73.9863256696572,5,16.0,5,0,18.280502,0
-14797_8121,40.609998221563,-73.985438819693,1,21.0,1,0,21.78474,0
-14797_8122,40.612445510179754,-73.988289971703,4,15.25,3,0,20.0289,0
-14797_8123,40.618341564260504,-73.98748479043613,8,11.125,7,0,16.711603,0
-14797_8124,40.6210103463596,-73.98827959051229,10,19.5,8,0,13.286951,0
-14797_8125,40.62865481851,-73.98799617417,1,12.0,1,0,17.145344,0
-14797_8126,40.631187051877504,-73.98552724547866,6,14.0,2,0,23.755383,0
-14797_8127,40.6383968850987,-73.98817527184521,10,13.3,5,0,31.836987,0
-14797_8128,40.642570839216,-73.9879270237495,4,20.5,3,0,40.514244,0
-14797_8129,40.645115157587,-73.986904950193,1,12.0,1,0,43.793896,0
-14797_8131,40.659720242665,-73.987918477093,1,26.0,1,1,75.406425,1
-14797_8132,40.66300711824945,-73.98695288340882,11,12.454545454545455,8,3,76.354836,1
-14797_8133,40.66784138041009,-73.9875283203568,45,10.840909090909092,18,14,77.64369,1
-14797_8134,40.67151582581971,-73.98712789787557,14,8.785714285714286,8,2,79.770065,1
-14797_8135,40.67779400087179,-73.98609582365687,14,13.214285714285714,10,4,79.81396,1
-14797_8136,40.682441413085336,-73.9871571535,3,4.0,3,1,86.02732,1
-14797_8137,40.68816908864324,-73.98797360305092,29,16.25,16,8,84.088356,1
-14797_8138,40.69218749544627,-73.9873625227689,56,11.037735849056604,24,10,83.383934,1
-14797_8139,40.69617638463,-73.9882255893,1,13.0,1,1,85.75177,1
-14797_8140,40.702362660422914,-73.98772247464753,36,14.17142857142857,21,8,75.9755,1
-14797_8142,40.713798866259,-73.9881625374776,18,13.555555555555555,14,3,94.432755,1
-14797_8143,40.718246915708356,-73.98811969316715,112,14.238532110091743,36,21,97.8308,1
-14797_8144,40.722035745471324,-73.9879895475864,135,14.813953488372093,34,32,98.3624,1
-14797_8145,40.72772201460321,-73.98746757418145,191,15.391061452513966,36,40,99.143196,1
-14797_8146,40.73254914078401,-73.9874596801434,106,14.696969696969697,32,27,99.21747,1
-14797_8147,40.7379206584261,-73.9879832366077,82,13.0375,26,25,99.64146,1
-14797_8148,40.743003883066166,-73.98780667985775,136,14.122137404580153,38,36,99.76967,1
-14797_8149,40.74744914081768,-73.9869846821672,199,15.328125,32,39,99.755,1
-14797_8150,40.75272140356895,-73.98739297579549,168,15.993865030674847,39,33,99.83234,1
-14797_8151,40.75779614916616,-73.98747298322255,155,14.522875816993464,28,80,99.76611,1
-14797_8152,40.76225776135863,-73.98767355478508,167,15.142857142857142,36,47,99.63392,1
-14797_8153,40.76722288991742,-73.98746839416637,60,16.736842105263158,24,8,98.62683,1
-14797_8154,40.772154620479746,-73.98796720971767,12,9.583333333333334,6,5,93.00215,1
-14797_8155,40.77666668167,-73.98922949915,1,13.0,1,0,78.17972,0
-14798_8115,40.575703721868,-73.993153323188,3,10.333333333333334,2,0,73.12041,0
-14798_8118,40.5909944659355,-73.99275689967884,6,12.166666666666666,5,2,28.149704,1
-14798_8119,40.599162827381164,-73.99101489995816,6,10.666666666666666,4,0,15.198037,0
-14798_8120,40.60134410079878,-73.99292290434434,27,15.652173913043478,11,0,15.489721,0
-14798_8121,40.608987978181,-73.993702136083,3,6.0,3,0,13.394086,0
-14798_8122,40.6132223311173,-73.99204953005349,10,17.9,6,1,13.837306,1
-14798_8123,40.61682100774604,-73.99254486900408,27,18.40740740740741,13,0,15.023663,0
-14798_8124,40.621337594258804,-73.992292752433,5,15.8,5,0,15.177627,0
-14798_8126,40.63367169234588,-73.99343783522625,8,23.125,4,0,23.422634,0
-14798_8127,40.636686469343005,-73.99317588969767,9,18.0,3,0,29.125252,0
-14798_8128,40.64109140143283,-73.99350838898,12,10.416666666666666,7,4,39.057175,1
-14798_8129,40.64543416742,-73.99447583719,1,41.0,1,0,44.244984,0
-14798_8132,40.66262313166672,-73.99234012583834,32,9.03125,14,5,75.111824,1
-14798_8133,40.66772735024943,-73.99259078079264,14,12.5,9,2,74.44367,1
-14798_8134,40.67203594983214,-73.99101339432058,7,14.571428571428571,7,1,79.13038,1
-14798_8135,40.677890930503,-73.990738090237,1,11.0,1,0,76.09144,0
-14798_8136,40.682981949359174,-73.99309206947824,51,16.686274509803923,20,14,82.9001,1
-14798_8137,40.68707514896973,-73.99235916054059,60,14.175438596491228,30,7,84.403656,1
-14798_8138,40.692336970014814,-73.99251697353613,65,13.64406779661017,27,8,84.284424,1
-14798_8139,40.69845693623558,-73.99267222527563,19,15.0,9,6,81.18761,1
-14798_8140,40.702911176936105,-73.99244282926061,47,16.043478260869566,25,8,81.39467,1
-14798_8142,40.71391184032074,-73.99237986429002,62,14.796610169491526,25,7,96.198944,1
-14798_8143,40.71765196352506,-73.99222110013199,116,15.29203539823009,28,15,97.327545,1
-14798_8144,40.722463217781396,-73.9930489271842,78,14.602739726027398,31,21,98.87182,1
-14798_8145,40.72714406670121,-73.99252976983053,78,14.064935064935066,27,19,99.451385,1
-14798_8146,40.73256891664592,-73.99258682387428,100,13.11340206185567,31,18,99.36462,1
-14798_8147,40.73751674667786,-73.9919760866446,78,12.28,35,10,99.38851,1
-14798_8148,40.74248262512572,-73.99233207958501,92,13.494117647058824,31,22,99.56225,1
-14798_8149,40.747263019156826,-73.99247607200566,109,13.549019607843137,35,34,99.69844,1
-14798_8150,40.751843141781364,-73.99211730684236,210,11.610576923076923,37,73,99.6089,1
-14798_8151,40.75724212894082,-73.99201543222595,127,14.19672131147541,32,36,99.02151,1
-14798_8152,40.761987980083184,-73.99212093732775,88,15.731707317073171,34,21,98.872284,1
-14798_8153,40.76712983478,-73.99183924769488,17,13.0625,10,6,97.399345,1
-14798_8154,40.77142011112178,-73.99149403334455,9,15.444444444444445,5,3,90.38882,1
-14799_8115,40.57529034987267,-73.99681546588799,3,17.333333333333332,3,0,63.828323,0
-14799_8118,40.59391877493675,-73.997021320016,4,5.75,4,0,23.716885,0
-14799_8119,40.598785302116,-73.99781000980967,6,19.333333333333332,6,0,15.97961,0
-14799_8120,40.6039628286847,-73.9974346046958,33,13.96875,13,0,14.709144,0
-14799_8121,40.60525871870938,-73.99862519568512,16,14.2,11,0,15.264289,0
-14799_8122,40.611980849377,-73.99740437241344,9,13.555555555555555,4,0,15.452989,0
-14799_8123,40.61793569163667,-73.9994170674995,6,24.0,5,2,17.230274,1
-14799_8124,40.62222440805422,-73.99851027782366,9,18.22222222222222,5,0,16.684135,0
-14799_8125,40.62583790580088,-73.998192011807,8,12.625,6,0,15.849,0
-14799_8126,40.6318854142678,-73.9953697252232,5,38.2,4,0,19.458136,0
-14799_8127,40.638089801013,-73.99842183985899,5,17.6,4,1,35.750893,1
-14799_8128,40.6448941275152,-73.9997866746352,5,13.6,5,0,48.959045,0
-14799_8129,40.64610570243494,-73.997343295136,16,14.133333333333333,8,2,47.945255,1
-14799_8131,40.658228631235666,-73.99912898544967,3,24.333333333333332,3,0,63.935806,0
-14799_8132,40.662498546845164,-73.9966881324585,6,14.5,3,4,71.373474,1
-14799_8133,40.667565399417,-73.996420534395,1,10.0,1,0,72.836655,0
-14799_8134,40.67433200710375,-73.99879140058874,4,7.5,4,1,74.98332,1
-14799_8135,40.67740152781164,-73.99776202498622,28,14.464285714285714,13,8,77.29023,1
-14799_8136,40.682484356987764,-73.9968580268256,25,14.521739130434783,12,6,80.893005,1
-14799_8137,40.68746571757475,-73.9971225815015,4,19.5,3,0,79.71056,0
-14799_8138,40.69162854986722,-73.99703588129462,27,15.0,13,6,80.448135,1
-14799_8139,40.69516203522675,-73.9958853304875,4,12.0,4,0,81.89596,0
-14799_8140,40.70141873310925,-73.99561084489599,4,16.5,3,2,81.92017,1
-14799_8142,40.71401391953396,-73.9976217836644,78,14.694444444444445,13,4,95.32538,1
-14799_8143,40.71729415804149,-73.99762785984298,181,16.601156069364162,23,10,96.147766,1
-14799_8144,40.72200644199096,-73.99676983235287,126,13.85593220338983,37,16,98.78318,1
-14799_8145,40.728087614643094,-73.99819876655505,75,14.567567567567568,25,19,99.4098,1
-14799_8146,40.73276005298033,-73.99802697413024,54,12.490196078431373,19,11,99.33629,1
-14799_8147,40.73735897061049,-73.99731857590265,57,12.296296296296296,24,9,99.175125,1
-14799_8148,40.74311288221478,-73.99752569176921,68,14.590909090909092,22,13,99.2843,1
-14799_8149,40.7475104849409,-73.99678587692,30,15.266666666666667,15,6,98.92266,1
-14799_8150,40.75294738136377,-73.99760467691905,91,12.647727272727273,29,27,99.37765,1
-14799_8151,40.75681642787771,-73.99768583593824,17,19.58823529411765,9,7,98.80304,1
-14799_8152,40.76201343822346,-73.99723414212501,15,24.466666666666665,8,6,97.02943,1
-14799_8153,40.766042205722,-73.997288853232,1,12.0,1,1,91.98804,1
-14800_8114,40.57476700421,-74.00339089015,1,12.0,1,0,55.479534,0
-14800_8119,40.595425702365745,-74.000450997852,4,13.25,4,1,21.09945,1
-14800_8120,40.601620660536625,-74.00219422164325,16,13.071428571428571,13,0,21.176935,0
-14800_8121,40.607361372277964,-74.0024778040545,26,14.72,14,2,21.006363,1
-14800_8122,40.612764272689525,-74.00073559220695,17,16.9375,11,0,16.863052,0
-14800_8123,40.6183583766,-74.0012751141065,2,20.5,2,0,21.527739,0
-14800_8124,40.6239344092545,-74.0009708340265,4,19.333333333333332,2,0,19.782587,0
-14800_8125,40.627773518671425,-74.00375955125071,7,23.714285714285715,5,0,26.050457,0
-14800_8126,40.632937236266365,-74.00390807055872,11,15.818181818181818,5,0,32.310562,0
-14800_8127,40.63767934117367,-74.001878455744,3,19.0,2,0,35.903286,0
-14800_8128,40.64230652155237,-74.0027680404508,46,13.568181818181818,10,1,44.63895,1
-14800_8129,40.647358387943996,-74.000778373782,2,8.5,2,0,54.5853,0
-14800_8130,40.65184688392196,-74.0041385806803,29,17.06896551724138,14,5,59.75346,1
-14800_8131,40.656647233905,-74.0030292530334,10,12.8,6,3,60.966007,1
-14800_8132,40.66029453592,-74.00074248664,1,7.0,1,1,65.33409,1
-14800_8134,40.67096348119,-74.00137346037,1,2.0,1,0,67.26599,0
-14800_8135,40.675860166254,-74.00079854442251,2,7.0,2,0,74.84326,0
-14800_8136,40.683321493555155,-74.00240518528076,13,16.846153846153847,10,2,78.92828,1
-14800_8137,40.686631827282,-74.0019156675133,7,12.142857142857142,4,4,78.10188,1
-14800_8138,40.6937931508155,-74.0008834994515,2,31.0,2,0,74.905464,0
-14800_8141,40.70721233975921,-74.002959035611,33,18.21212121212121,17,11,86.25571,1
-14800_8142,40.71165884790625,-74.00160697468175,4,19.0,2,3,92.65113,1
-14800_8143,40.717828821362176,-74.00252528214452,39,14.675675675675675,19,9,94.90393,1
-14800_8144,40.72276217238902,-74.00340520665632,55,13.20754716981132,22,14,97.39792,1
-14800_8145,40.727878673243765,-74.00197068146842,168,13.645569620253164,34,28,98.659676,1
-14800_8146,40.732164046658966,-74.00242184988478,186,15.56353591160221,40,42,98.88924,1
-14800_8147,40.73739874456348,-74.00191910178525,87,15.783132530120483,30,19,98.55993,1
-14800_8148,40.741943587200815,-74.00298422773376,91,13.630952380952381,30,20,98.61629,1
-14800_8149,40.74732537686792,-74.0023250516216,35,14.6,16,11,96.18728,1
-14800_8150,40.75260366482852,-74.00135810678091,50,9.89795918367347,20,18,96.9826,1
-14800_8151,40.75587699815704,-74.00189559853716,24,7.434782608695652,5,13,94.646484,1
-14800_8152,40.76154358007,-74.00006858628,1,12.0,1,1,94.03285,1
-14801_8120,40.603992700878,-74.0061603961535,8,18.428571428571427,7,1,20.706244,1
-14801_8121,40.607774622468625,-74.00693052020524,8,13.25,5,0,23.43276,0
-14801_8122,40.61137846623317,-74.00948375362233,6,15.666666666666666,6,0,28.000349,0
-14801_8123,40.61883127038428,-74.008885287076,11,14.0,9,0,32.015533,0
-14801_8124,40.621415900736,-74.0063405296825,16,16.0,11,2,24.841152,1
-14801_8125,40.628751759175145,-74.00581098259201,7,29.714285714285715,4,1,31.334963,1
-14801_8126,40.632244455434,-74.00749888530542,12,14.583333333333334,5,1,36.321552,1
-14801_8127,40.63749398111132,-74.00780938412915,90,15.10344827586207,12,0,42.897682,0
-14801_8128,40.64122670147933,-74.00737657667085,21,14.095238095238095,7,0,48.34882,0
-14801_8129,40.64758989579052,-74.00838642706299,35,15.696969696969697,13,0,59.796745,0
-14801_8130,40.65205933283329,-74.00697960805641,17,18.75,10,2,60.598003,1
-14801_8131,40.65616401461525,-74.00679339097658,24,10.26086956521739,18,1,60.966007,1
-14801_8134,40.6745053888285,-74.00733452522701,2,11.0,2,0,72.92714,0
-14801_8135,40.67856845483175,-74.00531060340775,4,12.333333333333334,3,2,75.2722,1
-14801_8136,40.6811010981655,-74.0069062035845,2,8.5,2,1,75.887436,1
-14801_8140,40.704355387245045,-74.00902106423705,25,11.75,14,6,89.16742,1
-14801_8141,40.70793269986533,-74.00751026259343,126,16.1,35,23,90.86902,1
-14801_8142,40.712437669947505,-74.00801808240901,87,11.024096385542169,29,20,92.599525,1
-14801_8143,40.71724069131041,-74.00764470574973,78,15.397260273972602,31,17,92.07714,1
-14801_8144,40.72253617433318,-74.00828787735304,28,13.307692307692308,13,8,94.333115,1
-14801_8145,40.727381726360306,-74.00662592056713,56,11.290909090909091,26,13,98.021416,1
-14801_8146,40.73292209837643,-74.00664247126936,58,15.196428571428571,25,19,97.46883,1
-14801_8147,40.73721277558627,-74.00659492899257,55,14.566037735849056,19,15,97.29545,1
-14801_8148,40.742395631340976,-74.00725709285322,52,11.32,21,16,93.69317,1
-14801_8149,40.74757315980756,-74.00671924198811,9,22.88888888888889,5,4,88.70243,1
-14801_8150,40.7509266961885,-74.005955224,10,7.222222222222222,10,1,88.12658,1
-14802_8122,40.612745382936,-74.0117533465165,4,23.25,4,1,33.465843,1
-14802_8123,40.616477640835,-74.01141630393249,2,21.0,1,0,32.806976,0
-14802_8125,40.62848929482243,-74.01241755875,14,22.076923076923077,8,1,40.372993,1
-14802_8126,40.632898069220644,-74.01182445586657,14,14.0,5,1,46.832485,1
-14802_8127,40.636706094359255,-74.01133821546081,36,16.142857142857142,8,0,45.793297,0
-14802_8128,40.64246520658271,-74.01300489084794,31,11.161290322580646,15,3,59.513493,1
-14802_8129,40.646840139884,-74.01249607047012,16,13.0625,7,0,59.96703,0
-14802_8130,40.65176075409575,-74.0117124819745,8,10.25,4,3,60.695095,1
-14802_8131,40.65546433378,-74.013122309745,2,5.5,2,1,60.281616,1
-14802_8134,40.672283187444,-74.011121284536,1,27.0,1,0,70.42236,0
-14802_8135,40.67768324808231,-74.01216543950682,16,8.8,13,3,71.304504,1
-14802_8140,40.703285905283074,-74.01167017379106,84,13.425,31,26,88.244095,1
-14802_8141,40.70780993072356,-74.01228167009685,78,11.41095890410959,22,32,89.47909,1
-14802_8142,40.71212707198306,-74.01206099940815,48,8.702127659574469,15,21,91.52843,1
-14802_8143,40.71732818727661,-74.010697577418,33,15.4375,15,6,91.49555,1
-14802_8144,40.720652807889145,-74.01037024873914,7,14.285714285714286,3,5,91.573616,1
-14802_8146,40.732761545604,-74.01033038818,1,40.0,1,0,96.19354,0
-14803_8123,40.617715737743,-74.019994680554,1,22.0,1,1,59.202682,1
-14803_8126,40.630224479201,-74.015015944606,1,12.0,1,0,49.50079,0
-14803_8127,40.63876851461018,-74.016614713349,11,14.0,7,4,64.34468,1
-14803_8128,40.641521661787344,-74.01657041975692,23,11.090909090909092,13,1,63.613846,1
-14803_8129,40.6472655812015,-74.0188125740305,4,21.0,3,1,60.80169,1
-14803_8134,40.674559377879504,-74.0161705759225,2,64.5,2,0,68.61532,0
-14803_8135,40.676279674201,-74.01610700028874,4,6.5,1,4,68.61532,1
-14803_8140,40.704880942244,-74.015808271626,2,12.5,1,2,85.8822,1
-14803_8141,40.7071504746216,-74.0166145770402,5,34.4,4,0,87.355896,0
-14803_8142,40.712962983743175,-74.01574680255005,47,10.173913043478262,22,16,82.7463,1
-14803_8143,40.715514147909,-74.0160254376865,2,16.5,2,1,84.57237,1
-14804_8123,40.618648004271,-74.02150692009475,4,9.5,4,1,60.088497,1
-14804_8124,40.6232794358915,-74.024589883624,6,15.5,6,0,67.74987,0
-14804_8125,40.62761320984452,-74.0234599693574,25,16.458333333333332,14,6,70.45933,1
-14804_8126,40.6329986007139,-74.0215026081518,30,15.366666666666667,13,3,67.927956,1
-14804_8127,40.63527679889218,-74.02298090993727,11,12.4,9,1,67.40307,1
-14804_8129,40.64589506488117,-74.02236766935184,6,8.0,4,2,59.99875,1
-14805_8123,40.618062421583005,-74.0288917689985,4,20.0,3,1,65.128235,1
-14805_8124,40.62212932823512,-74.02719612529954,43,13.85,22,3,64.59576,1
-14805_8125,40.62883098886178,-74.028840795382,18,14.277777777777779,10,7,70.29862,1
-14805_8126,40.63292966241612,-74.02721096445286,51,12.895833333333334,21,5,68.51311,1
-14805_8127,40.63602640864782,-74.02611742556735,17,16.75,15,1,66.56471,1
-14806_8122,40.61322491136775,-74.03331801078625,4,12.0,3,0,56.140823,0
-14806_8123,40.61755008718762,-74.03202421741665,34,17.303030303030305,15,6,65.128235,1
-14806_8124,40.6230929180286,-74.03126288144848,37,14.594594594594595,16,8,64.86412,1
-14806_8125,40.625527350399196,-74.0302106094088,5,7.8,5,1,67.48834,1
-14806_8127,40.638013181668,-74.032838626406,2,16.5,2,0,66.8649,0
-14807_8122,40.613871867304496,-74.035996265598,2,10.5,2,1,57.308475,1
-14807_8127,40.638679363819,-74.03555931133,1,0.0,1,1,64.40733,1
-14812_8119,40.59770699188,-74.06324643368,1,12.0,1,0,8.529021,0
-14812_8121,40.60983084703,-74.06300945567,1,9.0,1,1,21.466372,1
-14812_8122,40.610665477702,-74.0636088438696,5,26.6,5,0,21.466372,0
-14813_8117,40.58971738262,-74.067238972,1,18.0,1,1,8.529021,1
-14813_8118,40.5923924864708,-74.068111588009,5,13.0,5,0,8.529021,0
-14813_8119,40.598104179039666,-74.066287198974,3,12.333333333333334,3,0,8.529021,0
-14813_8122,40.6141526431768,-74.066183140974,5,11.4,5,1,20.448812,1
-14813_8123,40.6169966929887,-74.0682142506339,10,10.5,8,0,20.448812,0
-14814_8118,40.592814177678,-74.070677121271,1,2.0,1,0,9.82407,0
-14814_8119,40.597564312102,-74.07241601714175,4,11.0,4,0,9.443878,0
-14814_8122,40.613728516222,-74.0721814927455,2,15.0,2,0,20.448812,0
-14814_8123,40.6156530651775,-74.0736261313495,2,11.0,2,0,16.863684,0
-14814_8124,40.621940942042,-74.072141768277,1,12.0,1,0,12.122878,0
-14814_8125,40.628413616506,-74.07446678939571,7,14.0,7,0,21.06649,0
-14814_8128,40.643770687770164,-74.07282668705717,6,18.8,4,3,65.71263,1
-14815_8119,40.5985605207695,-74.079872877532,4,16.25,4,0,21.486813,0
-14815_8124,40.6248470265515,-74.0793388823055,2,16.5,2,0,15.493448,0
-14815_8125,40.62767633237722,-74.07670547510385,14,20.615384615384617,11,2,19.571093,1
-14815_8126,40.632693176656495,-74.07568598359599,6,13.833333333333334,5,0,28.51972,0
-14815_8127,40.63813984119306,-74.07805317979253,17,17.823529411764707,11,2,58.780617,1
-14815_8128,40.64331925012407,-74.07679920479481,26,11.346153846153847,16,5,61.378456,1
-14816_8119,40.597882064550504,-74.083437868309,4,19.25,4,1,31.140957,1
-14816_8120,40.60344539303467,-74.08331191338434,3,9.666666666666666,3,0,31.07818,0
-14816_8123,40.6184847461585,-74.084896441421,2,10.0,2,0,16.255882,0
-14816_8124,40.62392630829467,-74.081715321753,3,35.0,2,0,15.493448,0
-14816_8127,40.637573619198,-74.08007708826767,3,17.0,1,0,58.780617,0
-14817_8117,40.589507305947,-74.089442859147,1,10.0,1,1,53.497528,1
-14817_8118,40.592584163103375,-74.08728570625063,8,14.625,8,1,50.286232,1
-14817_8119,40.596166590447126,-74.08574655675,8,13.125,7,1,39.91267,1
-14817_8120,40.6014581807,-74.08577138631,1,5.0,1,1,35.28751,1
-14817_8121,40.609103481533,-74.087981782462,1,11.0,1,0,24.286762,0
-14817_8122,40.611927746693496,-74.08813859049249,2,26.0,2,0,24.884169,0
-14817_8125,40.62878041249,-74.08855181453,1,12.0,1,0,24.10077,0
-14817_8126,40.6343440963805,-74.08583813596074,4,8.0,3,0,36.638157,0
-14817_8127,40.638162982188994,-74.08738249534933,3,13.333333333333334,3,0,43.935623,0
-14817_8129,40.64572324567,-74.08588616449,1,13.0,1,0,43.16401,0
-14818_8114,40.5722931952285,-74.093084050938,2,19.5,2,0,53.169037,0
-14818_8116,40.584674945426,-74.09408999044419,5,18.8,4,0,54.99433,0
-14818_8117,40.586897569555546,-74.09188232041154,11,14.545454545454545,9,0,56.82834,0
-14818_8120,40.60090383777,-74.092681158388,1,13.0,1,0,36.657066,0
-14818_8128,40.6419969374475,-74.0949184612355,2,9.5,2,0,35.40752,0
-14819_8114,40.5720569273,-74.09501666606,1,13.0,1,0,54.20279,0
-14819_8116,40.58194055794175,-74.09747925838062,8,14.75,7,1,52.943398,1
-14819_8118,40.594227202425,-74.0991567625715,2,18.0,2,0,52.475147,0
-14819_8119,40.596219273318,-74.095065584892,2,40.5,1,0,46.435856,0
-14819_8123,40.6161298109,-74.09524893217,2,8.5,1,2,34.184578,1
-14819_8124,40.622227644574,-74.09654006595,1,10.0,1,1,39.998898,1
-14819_8126,40.633992761544,-74.098625204701,1,20.0,1,0,47.387955,0
-14819_8128,40.644751373347,-74.09757213923068,3,8.0,3,0,38.16987,0
-14820_8112,40.56131113026,-74.10439457197,1,11.0,1,1,57.040752,1
-14820_8113,40.56592483354867,-74.10063585215734,3,10.666666666666666,1,3,64.034096,1
-14820_8115,40.57642360445359,-74.10377061968659,12,12.5,8,2,53.155804,1
-14820_8117,40.58819534977767,-74.10287801369614,15,18.733333333333334,10,2,62.17531,1
-14820_8118,40.591379753595334,-74.10094200386334,3,11.666666666666666,2,2,62.507812,1
-14820_8122,40.613366849845,-74.100456725438,1,7.0,1,0,44.62771,0
-14820_8123,40.616321945064996,-74.10347383783,5,17.0,5,0,50.9056,0
-14820_8126,40.6308722340732,-74.10306944228347,15,12.866666666666667,12,4,64.48254,1
-14820_8129,40.645224538,-74.10467411188,2,9.5,1,2,36.647503,1
-14821_8114,40.57246018537356,-74.107658820474,9,12.88888888888889,8,1,52.79827,1
-14821_8115,40.579334074917,-74.108617961921,3,11.333333333333334,3,0,50.459415,0
-14821_8123,40.61823187799,-74.10516111802,1,28.0,1,1,50.9056,1
-14821_8125,40.629964398151,-74.10962356067151,2,12.5,2,1,61.898964,1
-14821_8126,40.631004284247766,-74.10780106228223,13,9.692307692307692,9,2,61.898964,1
-14821_8129,40.645213274126,-74.10793885512,1,22.0,1,0,41.03708,0
-14822_8113,40.56746106916188,-74.1127640295726,25,12.08,17,4,56.3292,1
-14822_8114,40.571551824000046,-74.11196538161335,23,14.608695652173912,13,0,45.02771,0
-14822_8116,40.5817466760764,-74.111920507464,5,14.6,5,1,50.574158,1
-14822_8117,40.588574289339,-74.111130538314,1,10.0,1,1,54.787815,1
-14822_8125,40.629042244031595,-74.1129040038454,10,13.8,6,3,59.831272,1
-14822_8126,40.634725207109,-74.111068976792,2,13.0,2,0,59.84987,0
-14823_8112,40.564311049485,-74.115941618521,1,10.0,1,0,30.901918,0
-14823_8114,40.57374558460358,-74.11639121229466,12,14.166666666666666,8,1,35.511513,1
-14823_8115,40.5756598231215,-74.1195251195305,2,18.5,2,0,39.969257,0
-14823_8125,40.628931359888796,-74.1167395264322,5,10.2,4,2,53.929287,1
-14823_8126,40.634393369407,-74.118985800469,2,8.5,1,0,46.097244,0
-14823_8127,40.637272532008,-74.11732754743333,3,22.0,3,0,46.097244,0
-14824_8120,40.603819897362,-74.1209297995415,4,12.75,3,0,30.524889,0
-14824_8121,40.60712707860412,-74.12087863650025,8,16.75,7,2,55.978935,1
-14824_8122,40.613126970451724,-74.12240583000965,18,14.666666666666666,12,1,60.643776,1
-14824_8123,40.617417452529,-74.123618192153,2,27.0,2,1,65.44907,1
-14824_8125,40.62933606618,-74.12292162917,1,21.0,1,0,40.409122,0
-14824_8126,40.634037234280335,-74.123522394989,3,10.666666666666666,2,0,34.08775,0
-14825_8112,40.564782063269,-74.12791226067375,4,16.333333333333332,4,0,15.7186,0
-14825_8113,40.5666453877325,-74.1264104553245,2,18.0,1,0,10.338689,0
-14825_8115,40.575426141215,-74.127501657859,2,16.0,2,0,18.182793,0
-14825_8118,40.594446818183,-74.125676534427,1,10.0,1,0,6.6145263,0
-14825_8122,40.612674931832366,-74.12795060048809,11,13.181818181818182,9,2,62.57303,1
-14825_8125,40.6265654653235,-74.12891958499863,8,18.125,7,2,47.79213,1
-14825_8126,40.6338910864525,-74.12540883048399,2,5.0,1,0,29.308573,0
-14825_8127,40.637146867224,-74.128700956893,1,14.0,1,0,26.740244,0
-14826_8112,40.56229119111563,-74.13358666623024,8,8.375,7,1,14.3857155,1
-14826_8119,40.599642209161,-74.131015862648,1,19.0,1,0,10.987875,0
-14826_8120,40.60356117984,-74.13152955600799,2,7.5,2,0,32.669086,0
-14826_8122,40.612601161826724,-74.13140156214664,11,18.454545454545453,9,0,62.57303,0
-14826_8124,40.624695655288,-74.131872164269,1,29.0,1,0,54.10297,0
-14826_8125,40.626219343089,-74.1326314990975,18,18.77777777777778,13,1,46.06228,1
-14826_8126,40.631641961363336,-74.13171783686967,3,19.0,2,0,33.70564,0
-14826_8127,40.63683125573975,-74.13424571211208,12,19.25,6,2,24.601671,1
-14826_8128,40.640285664643,-74.1310022875365,2,22.0,2,0,24.387417,0
-14827_8112,40.560189401769,-74.135022931167,1,10.0,1,0,11.441124,0
-14827_8114,40.5729618040855,-74.136594867906,2,8.5,2,0,21.815971,0
-14827_8122,40.612044120311,-74.137231607016,1,9.0,1,1,60.1579,1
-14827_8123,40.616137572684,-74.138702432478,1,30.0,1,1,65.81577,1
-14827_8124,40.6245691763655,-74.1370233009615,8,10.714285714285714,8,1,54.024242,1
-14827_8125,40.6254005273225,-74.13527514375825,4,16.75,4,1,54.024242,1
-14827_8126,40.63278567339075,-74.13732211961324,4,12.25,4,0,33.3051,0
-14827_8127,40.635650258448,-74.1352644757965,2,10.0,1,0,23.429028,0
-14828_8108,40.543554899232,-74.14156360418924,4,15.5,3,1,57.30617,1
-14828_8110,40.553491391849505,-74.143500063126,2,9.5,2,0,16.71128,0
-14828_8124,40.62475526824633,-74.14318075933583,6,15.25,6,1,52.00302,1
-14828_8125,40.62673070964925,-74.1429060907695,4,10.25,3,0,46.554832,0
-14828_8126,40.63249462424934,-74.14172811604,3,20.333333333333332,3,1,39.808605,1
-14829_8107,40.53924993942433,-74.14857997346267,3,17.333333333333332,2,2,68.001,1
-14829_8108,40.54129385959386,-74.14678611242485,7,10.285714285714286,7,1,61.49029,1
-14829_8110,40.551302030959,-74.14951727661467,3,15.0,3,0,21.654171,0
-14829_8111,40.55961005848,-74.14847068073,1,10.0,1,1,21.661345,1
-14829_8114,40.571894366649,-74.145276519568,1,13.0,1,1,38.390587,1
-14829_8122,40.61026786382867,-74.14640121028732,3,19.0,3,0,70.26263,0
-14829_8124,40.624355094459496,-74.14777199466683,12,14.166666666666666,9,2,36.218273,1
-14829_8125,40.6250867175245,-74.14766406075425,4,8.25,4,0,36.218273,0
-14829_8126,40.631176998984,-74.1469174111545,2,18.0,2,0,30.352291,0
-14830_8107,40.537199964173716,-74.150582371343,7,18.428571428571427,6,1,68.00101,1
-14830_8109,40.54937182635,-74.1506823901095,2,7.0,2,1,28.719028,1
-14830_8110,40.551156168579666,-74.15051090848378,9,15.0,7,0,18.162626,0
-14830_8121,40.608845221944,-74.153334607833,2,9.5,2,1,77.831505,1
-14831_8109,40.54665201291834,-74.158596971965,3,24.0,3,0,33.771942,0
-14831_8112,40.56419263626,-74.15559273523,1,12.0,1,0,41.17314,0
-14831_8122,40.612964043378504,-74.15855627536625,16,13.75,10,2,72.43472,1
-14831_8125,40.6260265627815,-74.15663265367026,4,16.75,4,0,34.2125,0
-14831_8126,40.63239302787,-74.15517590805,1,9.0,1,0,24.752357,0
-14831_8127,40.63680988243,-74.15882168242,1,19.0,1,0,17.104797,0
-14832_8105,40.529119023309505,-74.1619641669165,2,15.5,2,1,78.4882,1
-14832_8108,40.54324944757543,-74.16346960341272,7,17.0,4,3,49.010624,1
-14832_8109,40.54526723870009,-74.1606711856059,11,17.272727272727273,10,0,35.488777,0
-14832_8112,40.560219807688,-74.16424237707785,7,9.428571428571429,7,1,63.84661,1
-14832_8115,40.57714172198025,-74.164064560971,4,13.75,4,0,71.4471,0
-14832_8117,40.58988528332525,-74.164422735902,4,10.0,3,0,57.15915,0
-14832_8118,40.59133922921243,-74.16470189899928,7,6.142857142857143,7,0,57.15915,0
-14832_8119,40.598281573201,-74.162521484316,1,24.0,1,1,65.08128,1
-14832_8120,40.60205502978375,-74.162481173547,4,15.75,4,1,71.78547,1
-14832_8121,40.6078902762988,-74.16212467536789,10,12.7,9,2,78.35853,1
-14832_8125,40.62677786163092,-74.16292617651933,12,20.166666666666668,11,1,46.743446,1
-14833_8108,40.5440350275517,-74.1652581047323,10,20.9,7,0,51.92929,0
-14833_8109,40.545275017584,-74.16571309997,1,12.0,1,0,51.92929,0
-14833_8111,40.55904704955575,-74.1694487863205,4,14.5,3,2,63.534267,1
-14833_8112,40.560184376407,-74.1697126009515,2,12.0,2,0,63.534267,0
-14833_8115,40.57731558907417,-74.16969090003433,6,17.333333333333332,4,3,71.4471,1
-14833_8116,40.582352720031025,-74.16904440132926,35,13.971428571428572,18,6,66.974915,1
-14833_8117,40.5882007351552,-74.1665559490164,5,12.2,5,0,55.81839,0
-14833_8118,40.591262323838,-74.16501033182,1,13.0,1,0,57.15915,0
-14833_8120,40.602195568282,-74.168274901915,1,25.0,1,1,68.272125,1
-14833_8124,40.62207668828,-74.16972648882,1,25.0,1,0,64.14783,0
-14833_8125,40.62788115214429,-74.16838468927001,7,15.428571428571429,5,3,64.955696,1
-14833_8127,40.635341905404,-74.166218649757,1,7.0,1,0,26.50522,0
-14834_8120,40.603158937429995,-74.173821408095,2,26.5,1,2,71.427444,1
-14835_8108,40.54135433884891,-74.17743142037428,11,17.818181818181817,7,2,57.209934,1
-14835_8120,40.60176500086875,-74.17712633425324,4,5.25,4,1,60.429596,1
-14835_8122,40.612452518377,-74.17544666534741,5,21.4,2,4,63.070976,1
-14836_8119,40.597300191971,-74.181765883807,1,11.0,1,0,45.42037,0
-14836_8120,40.601548546163,-74.182134005827,1,56.0,1,1,50.611176,1
-14836_8121,40.605879307729,-74.180730530503,1,12.0,1,0,62.329643,0
-14836_8126,40.633637093936,-74.182636250251,1,20.0,1,1,76.97796,1
-14837_8118,40.5931850219435,-74.1881530166565,2,18.0,2,1,35.04712,1
-14838_8106,40.53269538320867,-74.19217387310667,9,15.333333333333334,7,0,6.779366,0
-14838_8110,40.553196818375206,-74.191854422524,5,12.0,5,0,25.020868,0
-14838_8112,40.5619172608645,-74.193755526766,4,26.25,3,0,21.75849,0
-14838_8117,40.58793656532766,-74.19253068011334,3,10.666666666666666,3,0,26.164446,0
-14838_8118,40.591504657766,-74.190978347022,1,14.0,1,0,24.693438,0
-14838_8120,40.601997258461665,-74.192514953043,3,7.333333333333333,3,1,53.294518,1
-14839_8102,40.513729417996,-74.19666417106,1,11.0,1,1,79.51406,1
-14839_8110,40.55439564776,-74.19866638806,1,12.0,1,1,25.020868,1
-14839_8112,40.560447197017,-74.195906097617,1,5.0,1,0,21.75849,0
-14840_8105,40.526031128414665,-74.20166862461183,6,13.0,6,0,6.779366,0
-14840_8110,40.55106468164,-74.20111055392,1,11.0,1,1,33.889202,1
-14841_8108,40.54232723034633,-74.20792891660125,12,14.916666666666666,12,1,57.807888,1
-14842_8110,40.551294644274,-74.21158742969833,3,13.333333333333334,3,0,46.91792,0
-14842_8111,40.55560593032,-74.21398223438,1,23.0,1,1,39.834343,1
-14843_8104,40.52220905923722,-74.21672001125856,9,8.0,6,3,78.892,1
-14843_8110,40.55348515371,-74.2178402386,1,26.0,1,1,39.834343,1
-14844_8109,40.54901229507367,-74.22104846737899,3,12.0,3,0,39.834343,0
-14845_8101,40.508068517904,-74.228282145067,1,21.0,1,1,52.31551,1
-14845_8103,40.519047451128,-74.229790819766,1,10.0,1,0,72.33732,0
-14846_8101,40.50999020758,-74.23085280989,1,0.0,1,0,58.387173,0
-14846_8103,40.51741780570919,-74.2340863903971,11,13.636363636363637,10,1,69.416016,1
-14846_8104,40.522469694417,-74.23494568480963,8,12.875,7,2,74.38795,1
-14846_8105,40.52830248079,-74.23204796597301,10,10.2,6,4,77.0596,1
-14846_8108,40.544251889206,-74.233036898641,1,5.0,1,1,47.85082,1
-14847_8099,40.499562710294,-74.238863670105,1,5.0,1,0,13.165524,0
-14847_8102,40.51333092401,-74.23740614861501,2,12.0,2,1,66.22053,1
-14847_8104,40.522139848858664,-74.23765730467392,12,13.083333333333334,10,2,74.38795,1
-14847_8105,40.52697972682667,-74.23705556643334,3,10.333333333333334,3,0,76.563,0
-14847_8106,40.532079964151,-74.239070264213,1,26.0,1,0,53.71277,0
-14847_8107,40.537292591736666,-74.23807202594166,3,14.0,3,1,53.079624,1
-14848_8101,40.509921900694,-74.243921090081,1,22.0,1,1,49.785522,1
-14848_8102,40.511110355146,-74.2413559259,4,23.75,3,0,51.255577,0
-14848_8103,40.517308404731,-74.241221938172,1,0.0,1,1,65.819725,1
-14848_8107,40.53682875419,-74.24024575498,1,2.0,1,0,53.079624,0
-14849_8101,40.5091449973475,-74.246538031762,2,31.0,2,0,51.129036,0
-14849_8102,40.5121015002988,-74.248405742509,5,14.2,5,1,51.129036,1
